{"type":"FeatureCollection","features":[{"type":"Feature","id":"osm-way-192490097","geometry":{"type":"LineString","coordinates":[[75.9060524,22.908458],[75.9080257,22.908127],[75.911728,22.9084288],[75.9154415,22.9094876],[75.9191597,22.9103426],[75.9205905,22.9137674],[75.9219599,22.9169324],[75.9233446,22.9201492],[75.9246882,22.9233281],[75.926114,22.9265448],[75.9274525,22.9297189],[75.9288321,22.9329495],[75.9301604,22.9360289],[75.9315604,22.9392973],[75.9329554,22.9425419],[75.9344427,22.9459991],[75.9358171,22.9492624],[75.9372121,22.9524549],[75.9392584,22.9548397],[75.941679,22.957607],[75.9440587,22.9603695],[75.9462998,22.9630045],[75.9485205,22.9655497],[75.950618,22.9682979],[75.9527207,22.9710224],[75.9544337,22.9733266],[75.9560543,22.9753805],[75.9582236,22.9782749],[75.9605007,22.9811834],[75.9626342,22.983988],[75.9648087,22.9868397],[75.9669421,22.9895922],[75.9694448,22.9923493],[75.9719322,22.9950781],[75.9743323,22.9977454],[75.9767427,23.0003466],[75.9790608,23.0028817],[75.9813635,23.0053789],[75.9839227,23.0081546],[75.9863741,23.0108547],[75.9883999,23.0119499],[75.9907539,23.0137766],[75.9918616,23.0148953],[75.9955901,23.015424],[75.99918,23.0159007],[76.0026213,23.0164011],[76.0067998,23.0169794],[76.0101243,23.0174395],[76.0141135,23.0179829],[76.017784,23.0185161],[76.0213341,23.0190214],[76.0240869,23.0193675],[76.027103,23.0209805],[76.030074,23.022538],[76.0329998,23.0240886],[76.0342935,23.0253277],[76.0375878,23.0251062],[76.0410251,23.0249331],[76.0444248,23.024767],[76.0463352,23.0248708],[76.0500809,23.0256046],[76.0537438,23.0262691],[76.0574744,23.0269544],[76.0612288,23.0276369],[76.0648442,23.028294],[76.0685694,23.0289712],[76.0712333,23.0282542],[76.0741105,23.0274797],[76.0778306,23.0283975],[76.0815311,23.0293455],[76.0852972,23.0302513],[76.0890109,23.031163],[76.0926654,23.0320386],[76.0963987,23.0330047],[76.1000926,23.0338741],[76.1038194,23.034798],[76.1075789,23.0356916],[76.1109907,23.0365369],[76.1145469,23.0374486],[76.1179521,23.0382456],[76.1197236,23.0375633],[76.1233388,23.0389279],[76.1269081,23.0401717],[76.1301624,23.0413007],[76.133758,23.0425807],[76.1370845,23.0437279],[76.1406341,23.0449535],[76.1441836,23.0462093],[76.147766,23.0474712],[76.1515074,23.0487339],[76.155295,23.0487282],[76.1590827,23.0487111],[76.1629138,23.0487568],[76.1668753,23.0487968],[76.1707188,23.0488196],[76.1746018,23.0488177],[76.1782243,23.0488372],[76.1820394,23.0488576],[76.1853258,23.0499082],[76.1889154,23.0510472],[76.1921967,23.0520839],[76.1956368,23.0531816],[76.1988321,23.0541923],[76.2022401,23.0552705],[76.2057268,23.0564112],[76.2087919,23.0573348],[76.2119749,23.0583768],[76.2142077,23.0600795],[76.2164619,23.0618183],[76.2189804,23.0637345],[76.2214418,23.065631],[76.2240354,23.0685234],[76.2264824,23.0711955],[76.2289351,23.0739115],[76.2314132,23.0766468],[76.2338453,23.0793158],[76.2363318,23.0820696],[76.2387861,23.0847677],[76.2411542,23.0874102],[76.2435714,23.0901075],[76.2458401,23.0926391],[76.249782,23.0930662],[76.2536168,23.0934904],[76.2574688,23.0939166],[76.2611594,23.0943023],[76.2648298,23.0946764],[76.2685002,23.0950738],[76.2719053,23.0954432],[76.2751235,23.0958057],[76.2785741,23.0964981],[76.2819591,23.0972138],[76.284758,23.0977621],[76.2881732,23.0984615],[76.2916511,23.0991746],[76.2943794,23.1016719],[76.2970813,23.104145],[76.2996287,23.1064766],[76.3031147,23.1072898],[76.3068962,23.1081959],[76.3105944,23.1090741],[76.3144365,23.1099872],[76.3180841,23.1108445],[76.3216055,23.1116832],[76.3251445,23.1125313],[76.3287997,23.11337],[76.3322478,23.1141994],[76.3353018,23.1149219],[76.3385781,23.1156932],[76.34239,23.1165761],[76.345785,23.1173985],[76.3489476,23.1181489],[76.3527039,23.1190619],[76.3563903,23.1199432],[76.3600997,23.12083],[76.3637952,23.1219361],[76.3675101,23.1230479],[76.3706967,23.1239842],[76.3743619,23.125098],[76.37792,23.1261427],[76.3815431,23.1272385],[76.3847369,23.1282045],[76.388105,23.1292281],[76.3912303,23.1301779],[76.3944434,23.1309562],[76.3979723,23.131811],[76.4014032,23.1326421],[76.4049076,23.1334909],[76.4085313,23.1343894],[76.4122168,23.1353577],[76.4150627,23.1360406],[76.4187698,23.1369474],[76.4225705,23.1378427],[76.4262339,23.1387322],[76.4297974,23.139593],[76.4332237,23.1403907],[76.4366936,23.1410507],[76.4402385,23.1417623],[76.4437396,23.1423706],[76.4472532,23.1430822],[76.450848,23.1437536],[76.4543928,23.1444135],[76.4580251,23.1451194],[76.4616635,23.1458252],[76.4650336,23.1463761],[76.468179,23.1482813],[76.4710873,23.1501463],[76.4743263,23.1521605],[76.4775965,23.1541975],[76.4807981,23.1561428],[76.4840309,23.1581741],[76.4872575,23.1602569],[76.4900222,23.1619037],[76.4931302,23.16343],[76.4963979,23.1650002],[76.4997341,23.1666475],[76.5030262,23.1682461],[76.506336,23.1698283],[76.5096321,23.1714454],[76.51292,23.1730584],[76.5162652,23.1746532],[76.5193544,23.1761048],[76.5215637,23.1770916],[76.5247341,23.1784972],[76.5281603,23.1801724],[76.5316428,23.1818132],[76.5350066,23.1834081],[76.538333,23.1850317],[76.541597,23.1866036],[76.5449983,23.1882271],[76.5484058,23.1898563],[76.5510645,23.1913478],[76.5539665,23.1930172],[76.5571181,23.1948184],[76.5602246,23.1964995],[76.563179,23.1982674],[76.5664446,23.2001738],[76.5681039,23.2010905],[76.5709459,23.2033984],[76.5736819,23.2056779],[76.5764974,23.2081236],[76.579207,23.2103706],[76.5826888,23.2133028],[76.5853057,23.2155416],[76.5886596,23.218275],[76.590769,23.2200473],[76.593611,23.2224522],[76.5960222,23.2245808],[76.5985447,23.2268077],[76.6020221,23.2285839],[76.6052652,23.230381],[76.6084485,23.2321829],[76.6116794,23.2339769],[76.6148541,23.2357352],[76.618154,23.2376204],[76.6212423,23.2393588],[76.6243047,23.2410495],[76.6274275,23.242149],[76.6306583,23.2433237],[76.6342563,23.2445977],[76.6379061,23.2459113],[76.6413616,23.2471336],[76.6449034,23.2483163],[76.6483502,23.2495029],[76.6519697,23.2507768],[76.6554684,23.252007],[76.6584185,23.2543443],[76.6614463,23.2566579],[76.664392,23.2589714],[76.6673378,23.261273],[76.6701281,23.2634356],[76.6730911,23.265753],[76.6760498,23.2680703],[76.6789956,23.2703598],[76.6817902,23.2725302],[76.6844984,23.2746411],[76.6875607,23.2765972],[76.6905842,23.2785614],[76.6934695,23.2804777],[76.6965449,23.2824258],[76.6993826,23.2842866],[76.70254,23.2862941],[76.7055981,23.2882699],[76.7085741,23.290206],[76.7105091,23.2925507],[76.7128675,23.2953673],[76.715216,23.2981981],[76.7175916,23.3010226],[76.7191854,23.3029563],[76.7201108,23.3063475],[76.7210637,23.30975],[76.7219947,23.3132509],[76.7229579,23.3166504],[76.7238607,23.3199703],[76.7254977,23.3208191],[76.7287588,23.3225763],[76.7320198,23.3243452],[76.7352992,23.3260848],[76.7386672,23.3278713],[76.7422047,23.3288469],[76.7452801,23.3297512],[76.7486584,23.3307629],[76.7519626,23.331679],[76.7556945,23.3322938],[76.7594909,23.3329178],[76.7633178,23.3335628],[76.7671783,23.3341994],[76.771051,23.3348108],[76.7748963,23.3354502],[76.7787507,23.3360447],[76.7825898,23.3366645],[76.785815,23.338563],[76.7890141,23.3403706],[76.7922149,23.342283],[76.7952752,23.3440721],[76.7981217,23.3457883],[76.7986715,23.3475437],[76.8009264,23.3515836],[76.8019465,23.3533054],[76.8034363,23.355965],[76.8051872,23.3590909],[76.8068328,23.3620291],[76.8085604,23.364791],[76.8085562,23.3681076],[76.8086642,23.3715769],[76.8087765,23.3751373],[76.8088672,23.3787055],[76.8089622,23.3821508],[76.8090473,23.3857972],[76.8119319,23.38807],[76.814714,23.3904038],[76.8174802,23.3927397],[76.8200285,23.3948916],[76.8224201,23.3968623],[76.8249842,23.3995218],[76.8275132,23.4022296],[76.8301564,23.404893],[76.8325975,23.407504],[76.8329356,23.4091681],[76.835346,23.4108523],[76.8388014,23.4096959],[76.8421251,23.4085879],[76.8453522,23.4074839],[76.8489393,23.4063114],[76.8519778,23.405269],[76.8550582,23.4042123],[76.8581628,23.4050443],[76.861255,23.4058706],[76.8619199,23.407443],[76.8657269,23.4084139],[76.8692439,23.4092608],[76.8726902,23.410123],[76.8759702,23.4109051],[76.8796826,23.4118472],[76.8835072,23.4127819],[76.8872529,23.413667],[76.8910816,23.4146398],[76.8948647,23.4155439],[76.8985438,23.4164518],[76.9021356,23.4169706],[76.9058023,23.4174856],[76.9092361,23.4180006],[76.9124829,23.4184775],[76.9160706,23.4189657],[76.919625,23.4195227],[76.9231835,23.4200453],[76.9268086,23.4205717],[76.9303464,23.4210791],[76.9340338,23.4215788],[76.9372931,23.4206862],[76.9406396,23.4197249],[76.9443728,23.4186453],[76.9481142,23.4176077],[76.95181,23.416551],[76.9555099,23.4154294],[76.9590934,23.4169821],[76.9627102,23.418508],[76.966223,23.4200224],[76.9698107,23.4215445],[76.973232,23.422994],[76.9760672,23.4221434],[76.9782938,23.4214956],[76.9819873,23.4218659],[76.9856644,23.4222472],[76.989473,23.422672],[76.9931869,23.4230678],[76.9965746,23.4245641],[77.0001096,23.4261716],[77.0033185,23.4276486],[77.0067115,23.429198],[77.0101887,23.4307232],[77.0132444,23.4312495],[77.016592,23.4323601],[77.0202671,23.4334519],[77.0239099,23.4347494],[77.0275931,23.4359357],[77.0312465,23.4371123],[77.0348953,23.4384214],[77.0385441,23.439669],[77.0422775,23.440869],[77.0458378,23.4420134],[77.049158,23.4432101],[77.0525526,23.4444336],[77.0560506,23.4459509],[77.0596231,23.4473924],[77.062443,23.4485607],[77.0660154,23.4500022],[77.0695465,23.4513601],[77.0731354,23.4528849],[77.0767244,23.454296],[77.0791639,23.4542656],[77.0829348,23.4544932],[77.0867801,23.4547132],[77.0905014,23.4549181],[77.0942888,23.4551153],[77.0979605,23.4552974],[77.1016404,23.4555249],[77.1051053,23.4556615],[77.1087935,23.4558663],[77.1122667,23.4561015],[77.1158391,23.4562608],[77.1192627,23.456936],[77.1229178,23.457596],[77.1266805,23.4583166],[77.1304017,23.4590525],[77.1340651,23.4597656],[77.137718,23.4604785],[77.1414721,23.4611007],[77.1451742,23.4618727],[77.1489865,23.4626314],[77.1526168,23.4632989],[77.1562306,23.4640348],[77.1598692,23.4647326],[77.163607,23.4654684],[77.16732,23.4661891],[77.1709916,23.4669173],[77.1733071,23.4696101],[77.1756226,23.4723408],[77.177938,23.4750942],[77.1801791,23.4778021],[77.1824697,23.480525],[77.1848431,23.483301],[77.1871254,23.486077],[77.189383,23.4887694],[77.1906979,23.4919092],[77.1919631,23.495102],[77.193278,23.4982038],[77.1946672,23.5014573],[77.195949,23.5046272],[77.1972887,23.5077894],[77.1986449,23.5111184],[77.1999184,23.5142349],[77.2037223,23.5152283],[77.2074188,23.516161],[77.2111732,23.5171391],[77.2146546,23.518087],[77.2181774,23.519103],[77.2218243,23.5183903],[77.2248096,23.5179126],[77.2283655,23.5172377],[77.2321033,23.5175031],[77.2360396,23.5177533],[77.2398932,23.517996],[77.2437385,23.5182538],[77.2475094,23.5184812],[77.2509743,23.5186405],[77.2544309,23.5201949],[77.2577966,23.5217341],[77.2612698,23.5232885],[77.264652,23.5247595],[77.2673396,23.5263138],[77.2704986,23.5281562],[77.2737485,23.529991],[77.2766594,23.5316742],[77.2797604,23.5335014],[77.2829525,23.5353134],[77.2862272,23.5367995],[77.2893613,23.538202],[77.2928014,23.5397486],[77.2960596,23.5411967],[77.2994253,23.5427508],[77.3028572,23.5443277],[77.3060326,23.5457529],[77.3082902,23.5484062],[77.3105478,23.5511429],[77.31393,23.5527576],[77.3173123,23.554448],[77.3207276,23.5561385],[77.3238617,23.5577152],[77.3269049,23.5595496],[77.3300969,23.5614598],[77.3334047,23.5634382],[77.3366133,23.5654014],[77.3398136,23.5673342],[77.3431131,23.5692897],[77.3463051,23.571177],[77.3494062,23.5730796],[77.3526809,23.5750578],[77.3563857,23.575846],[77.3603302,23.5766191],[77.364035,23.5773998],[77.367758,23.5782218],[77.3713973,23.5789751],[77.3751855,23.5797885],[77.3788368,23.5805582],[77.3824642,23.5813498],[77.3857462,23.5828947],[77.3891413,23.5845323],[77.3925662,23.5862082],[77.3959554,23.587884],[77.3997377,23.588812],[77.4030852,23.5896144],[77.4068496,23.5905042],[77.4106079,23.5914321],[77.4144255,23.5923436],[77.4182376,23.5932825],[77.4220675,23.5942049],[77.425826,23.5951056],[77.428971,23.5965575],[77.4311987,23.5975782],[77.4348916,23.5981786],[77.438656,23.5987463],[77.4404489,23.6018683],[77.4423132,23.6050176],[77.4441835,23.6082596],[77.4458751,23.6111796],[77.4476144,23.6141594],[77.4494013,23.6172102],[77.4511704,23.62025],[77.4522246,23.6236662],[77.4533444,23.6270606],[77.4543808,23.6303894],[77.4553815,23.6333797],[77.456406,23.6365719],[77.4574126,23.6397204],[77.4584907,23.6430215],[77.4594259,23.6458316],[77.4604206,23.6488379],[77.4614213,23.6519697],[77.463095,23.6543922],[77.465001,23.6570928],[77.4671096,23.6600498],[77.4692062,23.6630504],[77.4712731,23.6660892],[77.4733995,23.669046],[77.4755259,23.6720409],[77.4775749,23.6750139],[77.4797728,23.6781233],[77.481792,23.6810253],[77.4839721,23.6840801],[77.4860032,23.6869818],[77.4887459,23.6894285],[77.4914974,23.6919269],[77.4942663,23.6944253],[77.4970642,23.6969448],[77.4996361,23.6992946],[77.5028743,23.700976],[77.5062919,23.7027157],[77.5097328,23.7044767],[77.5131157,23.706227],[77.516545,23.7080462],[77.5198063,23.7096373],[77.5233977,23.7108413],[77.5270587,23.7120134],[77.530737,23.7132279],[77.5342126,23.7144],[77.5379895,23.7159964],[77.5415635,23.7174919],[77.545126,23.7189664],[77.5486017,23.7203612],[77.5520946,23.7218408],[77.5556166,23.7232992],[77.5585361,23.7245189],[77.5624751,23.7251712],[77.5661013,23.7257863],[77.5700056,23.7263802],[77.5738693,23.7270484],[77.5777678,23.7276688],[77.5815794,23.7283105],[77.5848464,23.7288514],[77.5882178,23.7294188],[77.5920351,23.729965],[77.5957802,23.730576],[77.5994991,23.7311858],[77.6031311,23.7317585],[77.6064649,23.7322796],[77.6088168,23.7347083],[77.6113134,23.7372059],[77.6138216,23.7397034],[77.6163125,23.7422751],[77.6188786,23.7447513],[77.6216186,23.7475403],[77.624011,23.7499528],[77.6266235,23.7525189],[77.6292012,23.7550958],[77.6314256,23.7573226],[77.6333314,23.7592683],[77.6360423,23.7620305],[77.6386085,23.7646442],[77.6411631,23.7672524],[77.6437292,23.7698871],[77.6463823,23.7725908],[77.6489253,23.7751936],[77.6514972,23.777754],[77.6540865,23.7804734],[77.6566701,23.7830708],[77.6592999,23.7857582],[77.6619414,23.7884403],[77.6645307,23.7910589],[77.6671954,23.7937727],[77.6697499,23.796391],[77.6735383,23.7973185],[77.6773036,23.7982726],[77.6810688,23.7992107],[77.6848746,23.80017],[77.6886109,23.8010657],[77.6922835,23.8019667],[77.6960719,23.8026822],[77.6998719,23.8034083],[77.7036719,23.8041078],[77.7074776,23.804818],[77.7112313,23.8055176],[77.714985,23.806233],[77.7188371,23.8069644],[77.7226023,23.8076693],[77.726495,23.8083794],[77.7302892,23.8091214],[77.7341066,23.8097945],[77.7379645,23.8105364],[77.7417066,23.811644],[77.7452169,23.8127304],[77.7486983,23.813785],[77.7521739,23.8148714],[77.7557654,23.8160161],[77.7593395,23.8171131],[77.7630294,23.8182418],[77.7665108,23.819307],[77.7698706,23.8203616],[77.77352,23.821485],[77.7770998,23.8225713],[77.7806507,23.8236894],[77.7843581,23.824781],[77.7871385,23.8270703],[77.7898495,23.8292641],[77.7929602,23.8318022],[77.7958334,23.8340965],[77.798776,23.8364756],[77.8016666,23.8388388],[77.8044065,23.8410217],[77.807216,23.843284],[77.8099038,23.8454881],[77.8113925,23.8487782],[77.8129855,23.8521796],[77.8145263,23.8555861],[77.8160903,23.8588866],[77.8175907,23.8621817],[77.8191605,23.8656092],[77.8206839,23.8688353],[77.8220626,23.8719606],[77.8262391,23.8767968],[77.8286836,23.8796359],[77.8310297,23.8823584],[77.8334742,23.8851762],[77.8359476,23.8881158],[77.8382589,23.8908063],[77.8405876,23.8934757],[77.842922,23.8961608],[77.8453318,23.8989255],[77.8477473,23.9017535],[77.8500065,23.9043591],[77.8523873,23.907097],[77.8554053,23.90921],[77.8583595,23.9113388],[77.8614065,23.9134675],[77.8643723,23.9155645],[77.867344,23.9176985],[77.8701824,23.9196525],[77.873154,23.9217545],[77.8738376,23.9250745],[77.8744921,23.9285744],[77.8751988,23.9322384],[77.8758592,23.9355741],[77.8742778,23.9375436],[77.8752278,23.9410008],[77.876172,23.9444262],[77.8770699,23.9477879],[77.8791147,23.9503714],[77.8813101,23.953156],[77.883465,23.9558981],[77.8856546,23.9586773],[77.8878732,23.9614616],[77.8899875,23.9642194],[77.8921772,23.9670354],[77.8942857,23.9697032],[77.8965506,23.9725192],[77.8985549,23.9751657],[77.9006545,23.9778247],[77.9029022,23.9807889],[77.9051893,23.9836993],[77.9074329,23.9865581],[77.9096549,23.9893613],[77.9119463,23.9922754],[77.9141943,23.9951737],[77.9165161,23.9980876],[77.9188118,24.0010135],[77.9210988,24.0039274],[77.923451,24.006877],[77.9247529,24.0100207],[77.9260505,24.0130969],[77.9274002,24.0162999],[77.9287672,24.0195346],[77.9300388,24.0226066],[77.9313146,24.0256072],[77.9327034,24.028802],[77.9339966,24.0318778],[77.9354418,24.0352349],[77.9368001,24.0385324],[77.9381541,24.0417902],[77.9395342,24.0449847],[77.9390004,24.048179],[77.9384926,24.051397],[77.9379415,24.0546981],[77.9373903,24.0580031],[77.938779,24.0613437],[77.940094,24.0645693],[77.9413742,24.06766],[77.9427369,24.0708617],[77.9440692,24.0741267],[77.9454406,24.0773716],[77.9467816,24.0806563],[77.9481139,24.0838695],[77.9494809,24.0871421],[77.9508957,24.0905057],[77.9522323,24.0937622],[77.9536341,24.096991],[77.9548709,24.1001919],[77.955613,24.1035076],[77.9560122,24.1054883],[77.9592063,24.1075996],[77.962383,24.1097426],[77.9655641,24.1118896],[77.9691097,24.1120243],[77.9729373,24.1121867],[77.976752,24.1123055],[77.9806231,24.11246],[77.9845245,24.1126264],[77.9883131,24.1127729],[77.9922536,24.1129155],[77.9949182,24.1152248],[77.9977,24.1175539],[78.0004211,24.1198116],[78.0030336,24.1220178],[78.0057329,24.1243625],[78.0083715,24.1265845],[78.0110882,24.1288618],[78.0138439,24.1311867],[78.0163784,24.1333293],[78.019477,24.1352066],[78.0220591,24.1367867],[78.0248716,24.1384943],[78.0276348,24.1401169],[78.0301698,24.1416682],[78.0311309,24.1428358],[78.0328129,24.1440637],[78.0365132,24.1435923],[78.0395528,24.1455766],[78.0425803,24.1475609],[78.0456139,24.1495451],[78.0486655,24.1515295],[78.051705,24.1535081],[78.0548182,24.1555801],[78.0579945,24.1575818],[78.0611292,24.1596126],[78.0620977,24.1617131],[78.0646887,24.1641547],[78.0674014,24.1668653],[78.0700742,24.1694301],[78.0727251,24.1719416],[78.075529,24.1744132],[78.0784421,24.1768184],[78.0812897,24.1792966],[78.0840936,24.1816884],[78.0869849,24.1841199],[78.0898324,24.1865582],[78.092731,24.1889897],[78.0955786,24.1914277],[78.0984407,24.1938857],[78.1016452,24.1958188],[78.1048423,24.1977785],[78.1080613,24.1998046],[78.1113968,24.2018173],[78.1146377,24.2038035],[78.1179149,24.2057896],[78.1211776,24.2078089],[78.1239961,24.2095093],[78.1277395,24.2095558],[78.1313299,24.209589],[78.1350587,24.2096621],[78.137564,24.2100606],[78.1413146,24.211223],[78.1450027,24.2123232],[78.1486796,24.2134692],[78.1523359,24.2145307],[78.1559716,24.2156297],[78.1596794,24.2168038],[78.1620998,24.2193493],[78.1647571,24.2220358],[78.1673281,24.2246843],[78.1698426,24.2272652],[78.1723703,24.2298698],[78.1749111,24.2324715],[78.1771014,24.234795],[78.1798657,24.2376724],[78.18145,24.2402739],[78.1831987,24.2431362],[78.1848225,24.2457736],[78.1866401,24.2486777],[78.1882935,24.2514229],[78.1901638,24.2544976],[78.1925665,24.2553427],[78.1957713,24.2568592],[78.1989633,24.2582947],[78.2022149,24.2597865],[78.2046135,24.2590787],[78.2085089,24.2589855],[78.2117536,24.2589219],[78.2151104,24.2584512],[78.217416,24.2582987],[78.2203724,24.2580741],[78.2237053,24.2578028],[78.2265874,24.2576248],[78.2290278,24.2567179],[78.2297995,24.2533358],[78.2305897,24.2501105],[78.2313707,24.2467961],[78.2321655,24.2434392],[78.2329656,24.2400667],[78.2337874,24.2366589],[78.2345368,24.2334608],[78.2352567,24.2311409],[78.2373522,24.2302737],[78.2399851,24.2278759],[78.2426179,24.2255169],[78.2452179,24.2231638],[78.2480086,24.2205918],[78.250763,24.2180917],[78.2528765,24.2179688],[78.2539681,24.2179851],[78.2553507,24.2180058]]},"properties":{"category":"line","name":"","reference_point":[77.12924377221077,23.538297168831097],"voltage":"765000","operator":null,"source":"OpenStreetMap","tier":"B","retrieved":"2026-09-05T20:06:07Z","source_url":"https://www.openstreetmap.org/way/192490097"}},{"type":"Feature","id":"osm-way-192490122","geometry":{"type":"LineString","coordinates":[[76.7126804,23.4241303],[76.7135189,23.4239516],[76.7151129,23.4248409],[76.717238,23.4240423],[76.7204783,23.4220352],[76.7229094,23.4205526],[76.7256063,23.4188907],[76.7282482,23.4172848],[76.7306008,23.4158481],[76.7323967,23.4158229],[76.7355364,23.4157837],[76.7391068,23.4157304],[76.7425488,23.4156547],[76.7457466,23.4156043],[76.7488619,23.4155482],[76.751745,23.4155062],[76.7548328,23.4154585],[76.7575114,23.416148],[76.760422,23.4168459],[76.763238,23.4175241],[76.7662006,23.418236],[76.7689402,23.4189058],[76.7722479,23.4196989],[76.7752044,23.4204164],[76.778115,23.4211451],[76.7812273,23.4218933],[76.7842265,23.4226136],[76.7870211,23.4218065],[76.7897363,23.4210246],[76.7926927,23.420181],[76.7955087,23.4193514],[76.7975428,23.4176418],[76.8005848,23.4149681],[76.8015957,23.4125185],[76.802515,23.4103407],[76.803355,23.408219],[76.8064244,23.4069129],[76.8091243,23.4057441],[76.8104468,23.4038998],[76.8118517,23.4018676],[76.8152908,23.401052],[76.8182747,23.4031318],[76.8208678,23.4049369],[76.8233844,23.4066831],[76.8258889,23.4083928],[76.8284208,23.4083171],[76.8311818,23.4082218],[76.8336465,23.4081489],[76.8356165,23.4058702],[76.8373238,23.4039082],[76.8394831,23.4014584],[76.8414867,23.3991712],[76.8436613,23.3966596],[76.8457961,23.3942377],[76.8491145,23.3931613],[76.8525291,23.392211],[76.8556872,23.391258],[76.8587047,23.3903946],[76.8605953,23.391684],[76.8628878,23.3915025],[76.866142,23.3912232],[76.8683938,23.3910668],[76.8719007,23.3907808],[76.87432,23.390573],[76.8759191,23.3918249],[76.8789645,23.3941856],[76.8816131,23.3962522],[76.8839912,23.3980868],[76.8865839,23.4000562],[76.8890972,23.3993898],[76.8920427,23.3985886],[76.8949558,23.3977711],[76.8980151,23.3969578],[76.9008753,23.3961484],[76.903919,23.395336],[76.9067333,23.3945626],[76.9095818,23.3937829],[76.9120956,23.393671],[76.9154022,23.3935238],[76.9183388,23.3933809],[76.9211343,23.3932648],[76.9244914,23.3931542],[76.9276338,23.392933],[76.9304205,23.3927981],[76.9336217,23.3926605],[76.9366348,23.3929195],[76.9400829,23.3932433],[76.9431195,23.3935185],[76.946306,23.393826],[76.9497923,23.3941417],[76.9528965,23.394425],[76.9558273,23.3946921],[76.9585905,23.3943251],[76.96178,23.3938665],[76.9650899,23.3934132],[76.9680413,23.3929951],[76.9710896,23.3925607],[76.9745642,23.3920939],[76.9775388,23.3916614],[76.9801579,23.391343],[76.9827771,23.3910058],[76.98614,23.3905768],[76.9899716,23.3900649],[76.9929418,23.3896807],[76.9957823,23.3893176],[76.9995634,23.3890367],[77.0030757,23.3887592],[77.0062186,23.3885365],[77.008753,23.3883241],[77.0118772,23.3880945],[77.0147886,23.3878684],[77.0179389,23.3874196],[77.0214923,23.3869194],[77.0242619,23.3865494],[77.0275204,23.3860972],[77.0303759,23.3857067],[77.0332686,23.3852853],[77.0363405,23.3848639],[77.0387667,23.3845281],[77.0418909,23.3840827],[77.0446157,23.3837093],[77.0473255,23.3851551],[77.0500354,23.3866111],[77.0520995,23.3877108],[77.0543951,23.3880843],[77.0579522,23.3886598],[77.0608002,23.3891189],[77.0633981,23.3894854],[77.0665372,23.3899788],[77.0701764,23.3905509],[77.0731326,23.3910099],[77.0757454,23.3914348],[77.0791533,23.3919726],[77.0819191,23.3909003],[77.0847447,23.3898383],[77.0875404,23.3888037],[77.0910528,23.3874881],[77.0935536,23.3865323],[77.0969465,23.3852407],[77.0998691,23.3841444],[77.102803,23.3830344],[77.1058077,23.3818832],[77.1089841,23.3823971],[77.1123434,23.3829179],[77.1151242,23.3833427],[77.1183417,23.3820442],[77.1214621,23.3807972],[77.1239966,23.3797967],[77.1268595,23.3786524],[77.1300396,23.3773813],[77.1325629,23.3763808],[77.1354295,23.3752365],[77.1382737,23.3740647],[77.1413568,23.3728175],[77.1440518,23.3717417],[77.1470266,23.3705596],[77.1500426,23.3693604],[77.1529353,23.3682057],[77.1558803,23.3670372],[77.1585006,23.3659648],[77.1613224,23.3648409],[77.1646723,23.3635058],[77.1667645,23.3626719],[77.1699372,23.3621202],[77.1730875,23.3615857],[77.1763274,23.3610477],[77.1797017,23.3604891],[77.1827773,23.3599375],[77.1862076,23.3593721],[77.18944,23.3588341],[77.1924261,23.3583132],[77.1949978,23.3578883],[77.1976261,23.3593482],[77.2006292,23.3610285],[77.2018749,23.3617496],[77.2054004,23.360683],[77.2080199,23.3599016],[77.2107124,23.3590832],[77.2128605,23.3584661],[77.214731,23.3578892],[77.2170107,23.3589357],[77.2191077,23.3599049],[77.2210659,23.3601867],[77.2236452,23.3605858],[77.2268102,23.3610351],[77.2294654,23.3614217],[77.2323373,23.3618223],[77.235731,23.3623266],[77.2386517,23.3627553],[77.2411512,23.3631307],[77.2439526,23.3635617],[77.2459735,23.3629379],[77.247932,23.3623334],[77.2489463,23.3623453],[77.2497836,23.3634626],[77.252623,23.3651972],[77.2553148,23.366867],[77.2578027,23.3683894],[77.2602953,23.3699148],[77.2629716,23.3715526],[77.2661871,23.3722856],[77.2694328,23.3730304],[77.2727475,23.3737871],[77.2759875,23.3745204],[77.2792123,23.3752694],[77.2824657,23.3760145],[77.2854321,23.3757176],[77.2885726,23.3753898],[77.2916031,23.375062],[77.2947985,23.3747259],[77.2977589,23.3744149],[77.3010946,23.3740675],[77.304113,23.3737454],[77.3071313,23.373412],[77.3099666,23.3731262],[77.3131711,23.3727929],[77.3164306,23.3724567],[77.3193879,23.3720336],[77.322748,23.3715602],[77.3258763,23.3711175],[77.3291205,23.3706805],[77.3321541,23.3702519],[77.3352701,23.3698428],[77.3383159,23.3694282],[77.3410108,23.369064],[77.3438718,23.3686881],[77.3468468,23.3683077],[77.3496848,23.3679401],[77.353004,23.3680304],[77.3562319,23.3681045],[77.3595547,23.3681884],[77.362902,23.3682529],[77.366035,23.3683431],[77.3692559,23.3683915],[77.3722696,23.3684721],[77.3754904,23.3685495],[77.3788272,23.3686237],[77.3820692,23.3686914],[77.3854305,23.3687494],[77.3887322,23.3688494],[77.3921357,23.3689332],[77.3944433,23.3706066],[77.3966807,23.3722251],[77.398602,23.3735986],[77.4005374,23.3750011],[77.402989,23.3762843],[77.4054231,23.3775546],[77.4078115,23.3787765],[77.4101859,23.3800307],[77.4128624,23.3814138],[77.4157074,23.3827034],[77.4186578,23.3840252],[77.4216293,23.385376],[77.4245994,23.3867253],[77.4278098,23.3866095],[77.4312169,23.3865303],[77.4345137,23.3864127],[77.4378016,23.3863034],[77.441161,23.3861968],[77.4432934,23.3861284],[77.4467838,23.3860109],[77.4489847,23.385959],[77.4513702,23.3858742],[77.4544318,23.3850378],[77.4577078,23.3841439],[77.4608557,23.3832801],[77.4638458,23.38246],[77.4668449,23.3816454],[77.4693406,23.3809346],[77.4717142,23.3787942],[77.4739687,23.3767685],[77.4761308,23.3748084],[77.4784389,23.372728],[77.4805207,23.3708307],[77.4826233,23.3689225],[77.4845621,23.3671427],[77.4864503,23.3654559],[77.4885082,23.3646822],[77.489077,23.3616119],[77.4897456,23.3578388],[77.4890457,23.3549188],[77.4883392,23.3520312],[77.4863229,23.350575],[77.4845658,23.3493664],[77.4844764,23.348918]]},"properties":{"category":"line","name":"","reference_point":[77.10580313628124,23.385047402491978],"voltage":"220000","operator":null,"source":"OpenStreetMap","tier":"B","retrieved":"2026-09-05T20:06:07Z","source_url":"https://www.openstreetmap.org/way/192490122"}},{"type":"Feature","id":"osm-way-192617875","geometry":{"type":"LineString","coordinates":[[76.7122396,23.0327308],[76.7152425,23.0329142],[76.7182823,23.0331027],[76.7212161,23.0325807],[76.7241702,23.032068],[76.7271784,23.0315337],[76.7302545,23.0309986],[76.7330741,23.031817],[76.7355267,23.0325156],[76.7379181,23.0351902],[76.7389976,23.0367024],[76.7405283,23.037349],[76.7432367,23.0384999],[76.7461809,23.03977],[76.7491654,23.0410558],[76.752239,23.0423655],[76.7550194,23.0435614],[76.7581965,23.0449214],[76.7611493,23.0461781],[76.7640217,23.047419],[76.7668911,23.0486413],[76.7698957,23.049935],[76.7727422,23.0511547],[76.7756289,23.0523796],[76.7785818,23.0536495],[76.781365,23.0548426],[76.7842344,23.0560781],[76.7869515,23.0572448],[76.789959,23.0585199],[76.7926761,23.0596919],[76.7952925,23.0608162],[76.7982166,23.0620516],[76.80125,23.0633505],[76.8041971,23.0646124],[76.8069831,23.0658134],[76.8099101,23.0670673],[76.8128716,23.068337],[76.8158273,23.0695936],[76.8187227,23.0708342],[76.821687,23.0720933],[76.8246284,23.073371],[76.8273454,23.0748629],[76.829959,23.0762965],[76.8327767,23.0778545],[76.8356318,23.079431],[76.838507,23.0810286],[76.8410142,23.0823988],[76.8438377,23.0839567],[76.846687,23.0855252],[76.8494041,23.0870143],[76.8521456,23.0885243],[76.8548744,23.0900132],[76.8576892,23.091549],[76.8598005,23.0927279],[76.860255,23.0929816],[76.8608014,23.09328],[76.8628205,23.0943827],[76.865442,23.0958157],[76.8681952,23.0973648],[76.8706896,23.0993288],[76.8731131,23.1012697],[76.8753696,23.1030868],[76.8777736,23.1049866],[76.8802635,23.1069433],[76.8827695,23.1089567],[76.8852755,23.110933],[76.8874941,23.1127117],[76.8897046,23.1142755],[76.89184,23.1158021],[76.8940666,23.1174128],[76.8964129,23.1190829],[76.8988281,23.1208107],[76.9012519,23.1225189],[76.9038712,23.124399],[76.9062375,23.1260833],[76.9089287,23.1279977],[76.9113842,23.1297507],[76.9138022,23.1314456],[76.9160104,23.1332832],[76.9183163,23.1352292],[76.9204699,23.1370483],[76.9225055,23.1387642],[76.9246706,23.1405726],[76.9269592,23.1425026],[76.9292364,23.1444168],[76.9314905,23.1463179],[76.933546,23.1480041],[76.9363812,23.1484251],[76.9392967,23.1488507],[76.9424221,23.1492816],[76.9455532,23.1497443],[76.9481955,23.150117],[76.9512576,23.1505612],[76.954475,23.1510238],[76.9578246,23.1514918],[76.9611943,23.151965],[76.9643111,23.1527686],[76.9672352,23.1535564],[76.9704985,23.1543892],[76.9737619,23.1552722],[76.9769074,23.1560652],[76.9800759,23.1568742],[76.9832128,23.1577016],[76.9863036,23.1585211],[76.989544,23.1593723],[76.9923732,23.1601204],[76.9955043,23.1609425],[76.9984773,23.1623806],[77.0013352,23.1637843],[77.004314,23.1652302],[77.0072064,23.1666471],[77.010165,23.168093],[77.012862,23.1694041],[77.01572,23.1707839],[77.018529,23.1721372],[77.0210104,23.1732633],[77.0235693,23.1744104],[77.0266372,23.1757532],[77.0295411,23.177088],[77.0325457,23.1784413],[77.0355744,23.1797869],[77.0385326,23.1810884],[77.0415258,23.1824319],[77.0442547,23.1836193],[77.0470403,23.1843133],[77.048315,23.1846594],[77.0490727,23.1840669],[77.0519165,23.1830729],[77.0543985,23.1822053],[77.0574425,23.1826883],[77.0606497,23.1832036],[77.0636815,23.1836698],[77.0656912,23.1839906],[77.068374,23.1844095],[77.0719035,23.1849757],[77.0754234,23.1855383],[77.0783674,23.1859923],[77.0816546,23.1864868],[77.0848096,23.1869999],[77.0879053,23.187461],[77.0911034,23.187984],[77.0941128,23.1888714],[77.0972004,23.1897563],[77.0995471,23.1908211],[77.1014394,23.1916798],[77.103896,23.1927704],[77.1057378,23.1922325],[77.1091193,23.1932389],[77.112037,23.1939998],[77.1147714,23.1947087],[77.1177349,23.1955068],[77.1207875,23.1963],[77.1239748,23.197165],[77.1274103,23.1980697],[77.1305545,23.1989198],[77.133874,23.1997501],[77.1374578,23.2007316],[77.1404645,23.2014702],[77.1439215,23.2023798],[77.1465522,23.2030688],[77.1495709,23.2038595],[77.1527663,23.2047195],[77.1551879,23.2053589],[77.1586638,23.206271],[77.1613657,23.2074532],[77.1643104,23.2087395],[77.1671176,23.2099588],[77.1701297,23.2112624],[77.1728829,23.2124644],[77.1759031,23.2137729],[77.1787102,23.2149997],[77.1814796,23.2162041],[77.1844486,23.2175225],[77.1871856,23.2187021],[77.1899945,23.2199235],[77.1928053,23.2211456],[77.1956448,23.2223847],[77.1986731,23.223708],[77.2014344,23.2249074],[77.2040797,23.2260597],[77.2070352,23.2273557],[77.2098936,23.2281858],[77.2127252,23.2290213],[77.2155585,23.22986],[77.2184096,23.2307039],[77.2212722,23.231524],[77.2241171,23.2323738],[77.2269544,23.2331868],[77.2302246,23.2342661],[77.2335195,23.2353401],[77.2368222,23.2364151],[77.2399182,23.2374464],[77.2432805,23.2385262],[77.246511,23.2395991],[77.2492535,23.2407463],[77.2519662,23.241901],[77.2546952,23.2430581],[77.257416,23.2442102],[77.260118,23.245345],[77.2628766,23.2464996],[77.2659057,23.2477919],[77.2688422,23.2490379],[77.2715524,23.2501878],[77.2744188,23.2512556],[77.2772826,23.2522962],[77.2801208,23.2533603],[77.2830076,23.2544184],[77.2858573,23.2554933],[77.2886402,23.2565024],[77.2912564,23.2574831],[77.2939958,23.2584971],[77.2967389,23.2595124],[77.2995958,23.2605675],[77.3025551,23.2616642],[77.3055048,23.2627565],[77.3080376,23.2636933],[77.310406,23.2645777],[77.3130078,23.2655211],[77.3160791,23.265589],[77.3193886,23.2656306],[77.322367,23.265694],[77.3256771,23.2657491],[77.3283957,23.2657974],[77.3312512,23.2658603],[77.3344734,23.2659162],[77.3376915,23.2664519],[77.339336,23.2667976],[77.3426115,23.267498],[77.3458042,23.2682873],[77.348929,23.269091],[77.352015,23.2698472],[77.3544941,23.2704729],[77.3569412,23.2710931],[77.3598336,23.2718172],[77.3630155,23.2726137],[77.3648183,23.2740538],[77.3672922,23.2760341],[77.3683116,23.2768429],[77.3686747,23.2771265],[77.368714,23.2771576],[77.3693356,23.2776488],[77.3718732,23.2796651],[77.3740489,23.2814273],[77.3770238,23.2837982],[77.3793648,23.2849762],[77.3819357,23.28564],[77.3843597,23.2862029],[77.3874318,23.2869447],[77.3900875,23.2875859],[77.3912523,23.2878657],[77.3954674,23.288878],[77.3985416,23.2896466],[77.3990808,23.2905866],[77.4018097,23.2916361],[77.4039747,23.2920653],[77.4046817,23.2922054],[77.4048824,23.2922487],[77.4055631,23.2923954],[77.4075358,23.2928206],[77.409043,23.2931323],[77.4100886,23.2933486],[77.4136011,23.2940644],[77.4164241,23.294654],[77.4166236,23.2946957],[77.4173637,23.2948493],[77.419656,23.2953252],[77.4225469,23.2959346],[77.4254319,23.2965476],[77.4284554,23.2971565],[77.4313648,23.297562]]},"properties":{"category":"line","name":"","reference_point":[77.06702331004826,23.174664063598012],"voltage":"132000","operator":null,"source":"OpenStreetMap","tier":"B","retrieved":"2026-09-05T20:06:07Z","source_url":"https://www.openstreetmap.org/way/192617875"}},{"type":"Feature","id":"osm-way-194040834","geometry":{"type":"LineString","coordinates":[[77.4850661,23.3488551],[77.4852865,23.3492789],[77.4866714,23.3499516],[77.4888276,23.3517605],[77.4900844,23.3532343],[77.4903852,23.3560669],[77.4906354,23.3585631],[77.490937,23.3616023],[77.4912277,23.3644867],[77.4914896,23.3670747],[77.4917634,23.3698623],[77.4918645,23.3705389],[77.4936966,23.3728509],[77.4955624,23.3752093],[77.4975167,23.3776565],[77.4992857,23.3798833],[77.5011852,23.3822802],[77.5030973,23.3846693],[77.5049463,23.38707],[77.5068037,23.3893546],[77.5086148,23.3916083],[77.5103463,23.3938037],[77.5120653,23.39593],[77.5138379,23.3982265],[77.5158002,23.4006554],[77.5173832,23.4026379],[77.5192405,23.4049892],[77.5208153,23.4063965],[77.5231815,23.4084734],[77.5256137,23.410539],[77.5278934,23.4125818],[77.5301524,23.4145678],[77.5324733,23.4165955],[77.5347571,23.4186268],[77.5368636,23.4204804],[77.5389949,23.4223339],[77.5412952,23.4243501],[77.5433687,23.4262149],[77.5456195,23.4281894],[77.547858,23.4301714],[77.5490081,23.4319151],[77.5503273,23.4340332],[77.5519626,23.4365861],[77.5534479,23.4389048],[77.5547671,23.4409737],[77.5564201,23.443519],[77.5580608,23.4460379],[77.5595779,23.4484621],[77.5613093,23.4510943],[77.5628098,23.4534617],[77.5645123,23.4561316],[77.5660087,23.4584385],[77.5675299,23.4608058],[77.5696777,23.4626474],[77.572015,23.4646251],[77.57427,23.4665574],[77.5765703,23.4685275],[77.5786314,23.4702972],[77.5806225,23.4719458],[77.5825807,23.473689],[77.5849716,23.4756703],[77.5864392,23.4769219],[77.5873626,23.4777461],[77.5892383,23.4793039],[77.5915303,23.4812247],[77.5936245,23.482998],[77.5958712,23.4849111],[77.5980972,23.4868318],[77.599907,23.4883517],[77.6010818,23.4913687],[77.601861,23.4933611],[77.6029122,23.4961172],[77.6038356,23.4984989],[77.6049486,23.5013948],[77.606074,23.5043283],[77.6071335,23.5070728],[77.608197,23.5097644],[77.6091947,23.512384],[77.6102665,23.515117],[77.6113259,23.5178764],[77.612406,23.5206697],[77.6134613,23.5234365],[77.614562,23.5262562],[77.615642,23.5291023],[77.6175548,23.5318765],[77.6192697,23.5343294],[77.6209228,23.536752],[77.6227243,23.5393863],[77.6255769,23.5408904],[77.6283513,23.542353],[77.6312246,23.5438609],[77.6341144,23.5453877],[77.6366125,23.5467293],[77.6393127,23.5481502],[77.6412131,23.5488947],[77.6433196,23.5496996],[77.6458219,23.5506595],[77.6487817,23.5518197],[77.651622,23.5529458],[77.6545489,23.5540984],[77.6574634,23.5552131],[77.6602625,23.5563354],[77.663041,23.5574049],[77.6660008,23.5585687],[77.6691586,23.5598006],[77.672473,23.5610967],[77.6751937,23.5621623],[77.6782731,23.563345],[77.6812907,23.5645315],[77.6838919,23.5655479],[77.6868023,23.5666815],[77.6897704,23.5678415],[77.6921696,23.5686652],[77.6944988,23.56947],[77.6976318,23.5705469],[77.7003896,23.5715066],[77.7033454,23.5725381],[77.7064083,23.573596],[77.7094052,23.5746464],[77.7122538,23.5756137],[77.7152549,23.5766791],[77.7183755,23.5777522],[77.7212653,23.5786929],[77.7242916,23.5797735],[77.7272508,23.5808123],[77.7289523,23.5834023],[77.7306272,23.5859732],[77.7322074,23.5884546],[77.733832,23.5909062],[77.7354033,23.5933224],[77.7371048,23.5959366],[77.7387028,23.5984178],[77.7403866,23.6009776],[77.7420851,23.6036296],[77.743757,23.6061541],[77.7450058,23.6080847],[77.7464943,23.6103732],[77.748107,23.6128622],[77.7497188,23.6153096],[77.7513818,23.6178353],[77.752967,23.620316],[77.7533718,23.6219074],[77.7540253,23.624412],[77.7547153,23.6270562],[77.7554689,23.6299007],[77.7561898,23.6327676],[77.7569312,23.635582],[77.7576726,23.63837],[77.7583853,23.6411655],[77.7591431,23.6439909],[77.7598681,23.6467788],[77.7605767,23.6496004],[77.761314,23.6523656],[77.7620472,23.6551345],[77.7627476,23.6578808],[77.7634316,23.6605746],[77.7641648,23.6632646],[77.7648816,23.6661158],[77.7656312,23.6689294],[77.7663767,23.6717993],[77.7675359,23.6744215],[77.7686418,23.6768448],[77.7698501,23.6796057],[77.7710421,23.682299],[77.7722013,23.6848985],[77.773426,23.687618],[77.7746343,23.6902811],[77.7757853,23.6929517],[77.7770346,23.6957273],[77.778202,23.6983415],[77.7793571,23.7009782],[77.7806842,23.7039148],[77.7814706,23.7056738],[77.7827281,23.7085166],[77.7837808,23.710898],[77.7849645,23.7135195],[77.7862056,23.7163433],[77.787287,23.7187246],[77.7885035,23.7214509],[77.7897323,23.7242146],[77.7909898,23.7270757],[77.7921613,23.7296856],[77.7933532,23.7323516],[77.7946066,23.7351451],[77.7956839,23.7376085],[77.795901,23.7390483],[77.7962983,23.7418754],[77.7966342,23.744305],[77.7969823,23.7470157],[77.797351,23.7497639],[77.7974575,23.7531231],[77.7974984,23.7553538],[77.7975885,23.7582367],[77.7976623,23.7611271],[77.7977483,23.7638337],[77.7978261,23.766769],[77.7978957,23.7692056],[77.7979859,23.7728604],[77.7980309,23.7747122],[77.7981497,23.7775047],[77.7982234,23.7803422],[77.7982521,23.78231],[77.7983135,23.7853198],[77.7984077,23.7878123],[77.7998873,23.7902384],[77.8014455,23.7928144],[77.8025809,23.7947278],[77.8040117,23.7970546],[77.8054772,23.7994874],[77.8067995,23.8016769],[77.8083645,23.8042362],[77.8098429,23.8066537],[77.8114158,23.8092657],[77.8129395,23.811769],[77.8144796,23.8143134],[77.8159706,23.8167979],[77.8175721,23.8193872],[77.8191206,23.8219718],[77.8206754,23.8245223],[77.8222242,23.8262868],[77.8238294,23.8281157],[77.8257177,23.8302963],[77.8276018,23.8324208],[77.8295084,23.8346405],[77.831343,23.8367348],[77.8333322,23.8390055],[77.8353215,23.8413055],[77.8374004,23.8436494],[77.8391518,23.8456711],[77.8411311,23.8479526],[77.8431413,23.8510922],[77.8446419,23.854474],[77.8456068,23.8569143],[77.8465944,23.8595575],[77.8476001,23.8622214],[77.8486556,23.8650427],[77.8503589,23.8665879],[77.8522706,23.8683527],[77.8543227,23.8702666],[77.8566195,23.8724083],[77.8589389,23.8745458],[77.8611224,23.8766087],[77.8633829,23.8786841],[77.8657315,23.8809037]]},"properties":{"category":"line","name":"","reference_point":[77.68983448931074,23.604814333787218],"voltage":"220000","operator":null,"source":"OpenStreetMap","tier":"B","retrieved":"2026-09-05T20:06:07Z","source_url":"https://www.openstreetmap.org/way/194040834"}},{"type":"Feature","id":"osm-way-194040881","geometry":{"type":"LineString","coordinates":[[78.2636175,24.209188],[78.2635452,24.2075302],[78.2615106,24.2061871],[78.2599131,24.2051708],[78.2568365,24.2031262],[78.2537567,24.2011265],[78.2505617,24.1990278],[78.2473537,24.1969141],[78.2442869,24.1979545],[78.2404478,24.1992796],[78.2369143,24.2004909],[78.2346627,24.2012794],[78.2315763,24.2023317],[78.2281809,24.2035099],[78.2249761,24.2028593],[78.2217516,24.2022418],[78.2185731,24.2016242],[78.2150429,24.2009556],[78.2113961,24.2002546],[78.2088783,24.1997689],[78.2052084,24.1990746],[78.2019173,24.198409],[78.1983333,24.1977136],[78.1946053,24.1970098],[78.1921323,24.1965094],[78.1888319,24.1959073],[78.1866936,24.1934057],[78.18465,24.1910214],[78.182507,24.1885663],[78.1802572,24.1859415],[78.1778539,24.1831725],[78.175181,24.1800726],[78.1727034,24.1772314],[78.1703234,24.1744707],[78.1679155,24.1716548],[78.165539,24.1689456],[78.1630682,24.1660628],[78.1606251,24.1632228],[78.1582254,24.1605949],[78.155249,24.1590532],[78.1528369,24.1579103],[78.1493459,24.1562865],[78.1460253,24.1547052],[78.1425343,24.1530587],[78.1393099,24.1514971],[78.1359676,24.1499468],[78.132551,24.1483512],[78.1290507,24.1466651],[78.1255162,24.1450553],[78.1225708,24.1432333],[78.1193278,24.1413179],[78.1161685,24.1394506],[78.1131797,24.1376653],[78.1099368,24.1357512],[78.1069404,24.1339826],[78.1036563,24.1320619],[78.1018586,24.1309975],[78.0989253,24.1292248],[78.0956982,24.1273081],[78.0924711,24.1254153],[78.089095,24.1233865],[78.0858372,24.1214657],[78.0826847,24.1195688],[78.0793699,24.1175999],[78.0763577,24.1158591],[78.0730604,24.1150787],[78.0698553,24.1143463],[78.0665799,24.1135859],[78.0633538,24.1128527],[78.0602842,24.1121454],[78.0566409,24.1112983],[78.0526162,24.1103689],[78.049489,24.1096241],[78.0464308,24.1089262],[78.0434702,24.1082283],[78.0394731,24.1072823],[78.0355653,24.1064332],[78.0322112,24.1060374],[78.0286772,24.1056652],[78.0245825,24.1052309],[78.0207086,24.1048161],[78.0168178,24.1044245],[78.0130884,24.1040173],[78.0093123,24.1036296],[78.0054936,24.1032186],[78.0011568,24.1027572],[77.9977247,24.1023928],[77.9939486,24.1020593],[77.9903721,24.1017414],[77.9869145,24.1014041],[77.9832488,24.101059],[77.9795973,24.1006983],[77.976232,24.1003826],[77.973013,24.1000872],[77.9693018,24.0987394],[77.9659232,24.0975292],[77.9621765,24.0961854],[77.9612986,24.0926761],[77.9603852,24.0892801],[77.959463,24.0856735],[77.9585585,24.0821842],[77.9576362,24.0786462],[77.9567184,24.0751122],[77.9558981,24.071995],[77.9550113,24.0686066],[77.9541112,24.0650682],[77.9531757,24.0614933],[77.9523466,24.0583353],[77.9514686,24.0549951],[77.9505686,24.0515171],[77.9496463,24.0480147],[77.9487462,24.0445203],[77.9477974,24.0408882],[77.9469328,24.0374746],[77.9460105,24.0339556],[77.9451016,24.0304487],[77.9433058,24.0276423],[77.9414879,24.0247751],[77.9394927,24.021681],[77.9375107,24.0185666],[77.9355908,24.015521],[77.9336399,24.0125036],[77.9317422,24.0095105],[77.929676,24.0062459],[77.9277207,24.0031231],[77.9256722,23.999996],[77.923637,23.9967961],[77.9216506,23.9936689],[77.9197263,23.9906348],[77.9177799,23.987544],[77.9157491,23.9844045],[77.9140598,23.9817267],[77.9129026,23.9785586],[77.9118296,23.9757754],[77.9107078,23.9726599],[77.9095993,23.9697023],[77.9084154,23.9664408],[77.907307,23.9634588],[77.9061542,23.9603389],[77.9050457,23.9573081],[77.9039549,23.9542408],[77.9026671,23.9509732],[77.9013754,23.9476094],[77.9000523,23.944125],[77.8987104,23.9406922],[77.8974172,23.9372561],[77.8961312,23.9339576],[77.8948047,23.930479],[77.8936056,23.9273868],[77.8921285,23.9235374],[77.8901822,23.920964],[77.8881895,23.9182952],[77.8861157,23.9155364],[77.8840014,23.9127616],[77.8819624,23.910045],[77.8798828,23.9073125],[77.8778785,23.9045852],[77.8758221,23.9018737],[77.8737599,23.8991039],[77.8715819,23.8962122],[77.8695602,23.8935218],[77.8675791,23.8908366],[77.8652331,23.8877858],[77.8630145,23.8848568],[77.8608654,23.8820072],[77.8586932,23.8791417],[77.8565904,23.8763555],[77.8544298,23.8735216],[77.8522459,23.8706453],[77.850091,23.867806],[77.8479478,23.8649507],[77.8458045,23.8621854],[77.8437596,23.8594254],[77.8416743,23.8566865],[77.8395379,23.853867],[77.8371456,23.8507518],[77.8355062,23.848516],[77.8340117,23.846508],[77.8324709,23.8444947],[77.830783,23.8422919],[77.8291053,23.8401024],[77.8270247,23.8373849],[77.8249685,23.8347098],[77.822986,23.8319447],[77.820938,23.8290222],[77.8188736,23.8260396],[77.8167354,23.823057],[77.8145891,23.8200519],[77.8124592,23.8170091],[77.8102965,23.8139888],[77.8083705,23.8112503],[77.8061809,23.8081871],[77.8045068,23.8057863],[77.8027864,23.8033855],[77.801037,23.8009316],[77.7993629,23.7985413],[77.7988126,23.7953346],[77.7982217,23.7922181],[77.7976135,23.7889265],[77.7970284,23.7856878],[77.7964723,23.782465],[77.7959163,23.7792686],[77.7954413,23.7766552],[77.7948099,23.7732572],[77.7942538,23.7701136],[77.7936224,23.7664768],[77.7929678,23.7628877],[77.7924001,23.7597757],[77.791873,23.7567749],[77.7910099,23.751738],[77.7906044,23.7494793],[77.7899672,23.7459216],[77.7893184,23.7423531],[77.7886696,23.7387368],[77.7880961,23.7353166],[77.7874242,23.7318433],[77.7869086,23.7287623],[77.7863699,23.725835],[77.7858833,23.7229501],[77.7852519,23.7195772],[77.7846727,23.7161724],[77.7830623,23.7132714],[77.7815562,23.7105294],[77.7803339,23.7082859],[77.7787468,23.7054006],[77.7769568,23.7021758],[77.775219,23.6990198],[77.7734465,23.6957683],[77.7718187,23.6928032],[77.7701099,23.689716],[77.7683084,23.6863953],[77.7665126,23.6831488],[77.764827,23.680056],[77.763205,23.6771171],[77.7615135,23.6740454],[77.7597584,23.6709047],[77.7579279,23.6675358],[77.7560568,23.6641243],[77.7544639,23.6612327],[77.7528014,23.6581341],[77.7510867,23.6550567],[77.7493837,23.6519739],[77.7477038,23.6489017],[77.7461919,23.6461636],[77.7445873,23.6431867],[77.7429306,23.6402204],[77.741245,23.6371532],[77.7395477,23.6340116],[77.7378505,23.6309336],[77.7360779,23.6276857],[77.7342822,23.6244696],[77.7325675,23.621333],[77.7311367,23.6187483],[77.7295727,23.6158929],[77.7277995,23.6126815],[77.7258931,23.6092093],[77.7240567,23.6058438],[77.7224185,23.6028843],[77.7207511,23.5997805],[77.7190138,23.5967246],[77.7173348,23.5936527],[77.7155101,23.5903028],[77.7137203,23.5869796],[77.7100183,23.5850669],[77.7065786,23.5833144],[77.703413,23.5816581],[77.699816,23.579804],[77.6962655,23.577982],[77.6929075,23.5762187],[77.6893105,23.5743699],[77.6858242,23.5725799],[77.6824487,23.5708272],[77.6792889,23.5692135],[77.6761524,23.5675944],[77.6727652,23.5658096],[77.6693489,23.5640141],[77.66595,23.5622774],[77.6623122,23.5603643],[77.6593681,23.5588306],[77.6558585,23.5570243],[77.6523605,23.5552073],[77.6494164,23.5538338],[77.6462974,23.5523214],[77.6434816,23.5509586],[77.6403334,23.5494676],[77.6371153,23.547907],[77.6339905,23.5464212],[77.6308773,23.5449194],[77.6273969,23.5432359],[77.6242312,23.541718],[77.6208324,23.5401253],[77.6174802,23.5385325],[77.6162093,23.5352882],[77.6149267,23.5319689],[77.6135683,23.5285213],[77.6123091,23.5252821],[77.6110848,23.5221764],[77.6098314,23.5189477],[77.6085838,23.5158044],[77.6073012,23.5125435],[77.606007,23.5092718],[77.6046486,23.5057327],[77.6035001,23.5028511],[77.6022525,23.4997128],[77.6009932,23.4964836],[77.5997281,23.493158],[77.5984048,23.4898056],[77.5972738,23.4869397],[77.5946969,23.4847902],[77.5925107,23.4829776],[77.5896016,23.4805981],[77.5870131,23.4784539],[77.5840923,23.4760209],[77.581498,23.4738338],[77.5787405,23.471545],[77.5760412,23.4692991],[77.5734586,23.4671814],[77.5708934,23.4649995],[77.5681709,23.4627481],[77.5653842,23.4604912],[77.5636877,23.4573199],[77.5620203,23.4542233],[77.5606736,23.4518326],[77.5589946,23.4487466],[77.5566743,23.4462167],[77.5542724,23.4435638],[77.5517655,23.4408306],[77.5494627,23.438322],[77.5469442,23.4355727],[77.544414,23.4327805],[77.5419071,23.4300096],[77.5394353,23.4272975],[77.5369051,23.4245854],[77.5344565,23.4218358],[77.5319089,23.41907],[77.5293903,23.4162614],[77.5268543,23.4135116],[77.5245748,23.4110132],[77.5217707,23.4079209],[77.5192929,23.4070916],[77.5163255,23.4060644],[77.5126643,23.4047322],[77.5091314,23.4035177],[77.5076681,23.4003931],[77.5062106,23.3973808],[77.5047415,23.3943042],[77.503336,23.391412],[77.5019482,23.3884708],[77.500477,23.3854148],[77.4990534,23.3824898],[77.4976418,23.379543],[77.4964564,23.3771373],[77.4962506,23.3756371],[77.4958463,23.3728496],[77.4953872,23.3697489],[77.4949113,23.3665515],[77.4944817,23.36347],[77.4940352,23.360601],[77.4925358,23.357183],[77.4911839,23.3542288],[77.4895539,23.3505902],[77.4868373,23.3481811],[77.486096,23.3478718]]},"properties":{"category":"line","name":"","reference_point":[77.84485462224154,23.823251663351044],"voltage":"400000","operator":null,"source":"OpenStreetMap","tier":"B","retrieved":"2026-09-05T20:06:07Z","source_url":"https://www.openstreetmap.org/way/194040881"}},{"type":"Feature","id":"osm-way-194108811","geometry":{"type":"Polygon","coordinates":[[[77.4604128,23.2875473],[77.4621035,23.2873724],[77.4620597,23.2867206],[77.461707,23.2866421],[77.4616961,23.2864228],[77.4603249,23.2865174],[77.4604128,23.2875473]]]},"properties":{"category":"substation","name":"A.Nagar","reference_point":[77.46117264450945,23.286982610994265],"voltage":"132000","operator":null,"source":"OpenStreetMap","tier":"B","retrieved":"2026-09-05T20:06:07Z","source_url":"https://www.openstreetmap.org/way/194108811"}},{"type":"Feature","id":"osm-way-194108812","geometry":{"type":"Polygon","coordinates":[[[77.3297707,23.3194672],[77.3305373,23.3221136],[77.3331962,23.3215749],[77.3329714,23.3207621],[77.3327256,23.3208331],[77.3323909,23.3196724],[77.3323462,23.3195674],[77.331241,23.317923],[77.3309157,23.3168693],[77.3291622,23.3173004],[77.3297707,23.3194672]]]},"properties":{"category":"substation","name":"Bairagarh","reference_point":[77.3310247478327,23.31965479712172],"voltage":"220000;132000","operator":null,"source":"OpenStreetMap","tier":"B","retrieved":"2026-09-05T20:06:07Z","source_url":"https://www.openstreetmap.org/way/194108812"}},{"type":"Feature","id":"osm-way-194108815","geometry":{"type":"Polygon","coordinates":[[[77.4397647,23.253231],[77.4382266,23.2532676],[77.4382625,23.2542378],[77.4373061,23.2542689],[77.4373201,23.2552592],[77.4372244,23.2552629],[77.4372603,23.2563776],[77.4391969,23.2563191],[77.4391351,23.2554917],[77.4398265,23.2554715],[77.4397807,23.2537344],[77.4397647,23.253231]]]},"properties":{"category":"substation","name":"Bhopal","reference_point":[77.43857276593255,23.254873368873298],"voltage":"220000;132000","operator":null,"source":"OpenStreetMap","tier":"B","retrieved":"2026-09-05T20:06:07Z","source_url":"https://www.openstreetmap.org/way/194108815"}},{"type":"Feature","id":"osm-way-194108819","geometry":{"type":"Polygon","coordinates":[[[77.1889511,23.3814144],[77.1880751,23.3820099],[77.1889518,23.3830962],[77.1898391,23.382493],[77.190555,23.3820062],[77.1896783,23.3809199],[77.1889511,23.3814144]]]},"properties":{"category":"substation","name":"Shyampur","reference_point":[77.18931506954458,23.3820080743178],"voltage":"132000","operator":null,"source":"OpenStreetMap","tier":"B","retrieved":"2026-09-05T20:06:07Z","source_url":"https://www.openstreetmap.org/way/194108819"}},{"type":"Feature","id":"osm-way-194108823","geometry":{"type":"LineString","coordinates":[[77.3285011,23.3247799],[77.3256549,23.3255219],[77.323145,23.3261761],[77.3208339,23.3267521],[77.3184198,23.3273884],[77.3161895,23.3279631],[77.3136735,23.3286268],[77.31117,23.3292744],[77.3083436,23.3300156],[77.3051621,23.3308321],[77.3025543,23.3315071],[77.29978,23.3322278],[77.2972616,23.3328754],[77.2943091,23.3342046],[77.2910153,23.3356873],[77.2882443,23.3364559],[77.285484,23.3372216],[77.2831544,23.3378855],[77.2802203,23.3387216],[77.2777228,23.3394333],[77.2745874,23.3403268],[77.2724994,23.3409219],[77.2694575,23.3417887],[77.266665,23.3425785],[77.2638027,23.3433945],[77.2607647,23.3442602],[77.2577959,23.3450986],[77.2549445,23.3459039],[77.251997,23.3467506],[77.2493439,23.3475024],[77.2465359,23.3483041],[77.2431079,23.3492884],[77.2402042,23.3500829],[77.2379955,23.350728],[77.2350118,23.3515652],[77.231924,23.3524483],[77.2295658,23.3531208],[77.2265536,23.3539694],[77.2243689,23.3545933],[77.2216874,23.3553513],[77.2194643,23.3559836],[77.2155249,23.357101],[77.2139877,23.357537],[77.2106966,23.3584714],[77.2079867,23.3592232],[77.2052434,23.3600194],[77.202314,23.3608376],[77.1993457,23.3616866],[77.1967495,23.3624194],[77.1938361,23.3632506],[77.1909061,23.3640865],[77.1878501,23.3649521],[77.1848509,23.3658082],[77.1818155,23.3666619],[77.1787439,23.3675299],[77.1764706,23.368182],[77.1735438,23.3689978],[77.1707099,23.369804],[77.1677417,23.3706459],[77.1650628,23.3714071],[77.1621307,23.3722347],[77.1592891,23.3730504],[77.1562873,23.373897],[77.1543085,23.3744732],[77.1513455,23.375296],[77.14823,23.3761852],[77.1452592,23.3770152],[77.1426372,23.3777621],[77.1397594,23.3785802],[77.1368867,23.3794125],[77.1335956,23.3803396],[77.1316556,23.3808874],[77.1288139,23.3816793],[77.1258225,23.3825638],[77.1228439,23.3833961],[77.1198757,23.3842259],[77.1170522,23.3850345],[77.1139522,23.3859142],[77.1109013,23.3867654],[77.1080675,23.3875668],[77.1051974,23.3883753],[77.1026012,23.3891104],[77.1001135,23.3898406],[77.096564,23.3908104],[77.0936733,23.3916331],[77.0908213,23.3924535],[77.0879255,23.393262],[77.0849159,23.3941226],[77.0826452,23.3947651],[77.0799121,23.395531],[77.0777576,23.3961545],[77.0747997,23.3969843],[77.0722862,23.3977027],[77.0689098,23.3976245],[77.0667217,23.3975676],[77.0639525,23.3975083],[77.0607647,23.3974206],[77.0579385,23.397366],[77.0548153,23.3973091],[77.0517877,23.3972285],[77.0487756,23.3971764],[77.0459314,23.3971171],[77.0426738,23.3970388],[77.0398374,23.3969582],[77.0367968,23.3969108],[77.0337433,23.3968515],[77.0309973,23.3967899],[77.0282771,23.3967425],[77.025066,23.3966595],[77.0220255,23.3965955],[77.0188093,23.396541],[77.0157223,23.3964675],[77.0127566,23.3964034],[77.0095611,23.3963371],[77.0064353,23.3962588],[77.0033302,23.3962019],[77.0001191,23.3961332],[76.9970786,23.396081],[76.9942809,23.3960312],[76.9912184,23.3959627],[76.988583,23.3959037],[76.9851328,23.3958265],[76.9822806,23.3957626],[76.9791223,23.3956919],[76.9750494,23.3956115],[76.9719158,23.3955548],[76.9714028,23.3956934],[76.9687822,23.395482],[76.9656251,23.3954361],[76.9626297,23.395339],[76.9595784,23.3953228],[76.9563243,23.3952418],[76.9534288,23.3952041],[76.9502276,23.3951204],[76.9471087,23.3950584],[76.9439486,23.3949963],[76.9409826,23.3949424],[76.9378725,23.3948614],[76.9347742,23.3947994],[76.9315612,23.3947643],[76.9294477,23.3947265],[76.9265375,23.3946645],[76.923983,23.3946024],[76.9210963,23.3945674],[76.918045,23.3944918],[76.915417,23.3944406],[76.9129831,23.3944082],[76.9099788,23.394338],[76.9070187,23.3951447],[76.9040673,23.3958624],[76.9011299,23.3966555],[76.898632,23.39733],[76.8961029,23.3979592],[76.8946507,23.3983369],[76.8929996,23.3987656],[76.8899533,23.3995564],[76.8870813,23.4002929],[76.8840918,23.4010968],[76.8811345,23.4018387],[76.8784007,23.402559],[76.8753553,23.4033467],[76.8723569,23.4041399],[76.8705315,23.4046066],[76.8682415,23.4051947],[76.8653284,23.4059581],[76.863256,23.4064707],[76.8597386,23.4074585],[76.8575957,23.4079881],[76.8551553,23.4086203],[76.8521108,23.4094343],[76.8490989,23.4102222],[76.8460494,23.411009],[76.8433132,23.4117145],[76.8404473,23.4124735],[76.8374325,23.4132544],[76.8345774,23.4139996],[76.8314977,23.4148062],[76.8286449,23.416132],[76.8260072,23.4173564],[76.8230491,23.4187297],[76.8200397,23.4201267],[76.8167685,23.4197844],[76.8139141,23.4194868],[76.8111042,23.4192121],[76.8077068,23.4188741],[76.8047839,23.4185686],[76.8017877,23.4182688],[76.7988404,23.4179857],[76.7957709,23.4176718],[76.792677,23.4173439],[76.7894976,23.4170272],[76.7865106,23.4167217],[76.783377,23.4164078],[76.7805702,23.4161191],[76.7771861,23.4157744],[76.7742755,23.4154745],[76.7712426,23.4151662],[76.7682923,23.4148663],[76.7652564,23.4145552],[76.762193,23.4142357],[76.759261,23.4139386],[76.7563167,23.4136472],[76.7532748,23.4133389],[76.7504099,23.4120496],[76.7475054,23.4107407],[76.744781,23.4095159],[76.7420017,23.4082798],[76.7395553,23.4071587],[76.7367882,23.4059226],[76.7335446,23.4044763],[76.7312112,23.4034365],[76.7285907,23.4022144],[76.7258175,23.4009727],[76.723196,23.3997849],[76.7210838,23.3988335],[76.7201422,23.3982587]]},"properties":{"category":"line","name":"","reference_point":[77.02456446344806,23.385554884928933],"voltage":"132000","operator":null,"source":"OpenStreetMap","tier":"B","retrieved":"2026-09-05T20:06:07Z","source_url":"https://www.openstreetmap.org/way/194108823"}},{"type":"Feature","id":"osm-way-194108824","geometry":{"type":"LineString","coordinates":[[77.428807,23.6042738],[77.4294949,23.6023035],[77.4295873,23.6003631],[77.4297004,23.5983736],[77.4298166,23.5961875],[77.4299744,23.5933246],[77.4300995,23.5907782],[77.4302425,23.587926],[77.4303646,23.5854287],[77.4304926,23.5829176],[77.4306564,23.579937],[77.4308202,23.5769236],[77.4309394,23.5742786],[77.4310951,23.5715027],[77.4312351,23.5687975],[77.4313274,23.5670205],[77.4314882,23.5641569],[77.4316312,23.561266],[77.431786,23.5582658],[77.4319379,23.5553611],[77.4320689,23.5527375],[77.432203,23.5502285],[77.4319915,23.5483365],[77.4316103,23.5453988],[77.431238,23.5423764],[77.4309789,23.5401976],[77.430702,23.5378004],[77.4303803,23.5352256],[77.4300676,23.5326316],[77.4297936,23.5302097],[77.4295107,23.5278231],[77.4292367,23.5255758],[77.428921,23.5228206],[77.4286143,23.5203657],[77.4283492,23.5180418],[77.4279918,23.5150952],[77.4277536,23.5129405],[77.4273902,23.5111873],[77.4269435,23.5090162],[77.4263776,23.5062906],[77.4258058,23.5034967],[77.4252429,23.5006782],[77.4246533,23.4978187],[77.4240666,23.4949809],[77.4235484,23.4924271],[77.4229855,23.4897313],[77.4224345,23.4869343],[77.4218895,23.4843613],[77.4205642,23.4816816],[77.420052,23.4806764],[77.4187565,23.4780595],[77.4176605,23.475866],[77.4164335,23.4734567],[77.4152839,23.471121],[77.4142951,23.4691569],[77.4130086,23.4666053],[77.4117071,23.4640155],[77.4105099,23.4615458],[77.4095747,23.459729],[77.4090137,23.457061],[77.4078133,23.4561646],[77.4070005,23.4545534],[77.4059644,23.4524843],[77.4041005,23.4505468],[77.4020199,23.4484081],[77.4015734,23.4479908],[77.401963,23.4451353],[77.4019619,23.4425118],[77.4046274,23.4409653],[77.4061701,23.4400827],[77.4088296,23.4385498],[77.4115725,23.4369896],[77.4141069,23.4355359],[77.4167813,23.4339948],[77.4194915,23.4324372],[77.4218532,23.4310928],[77.4245633,23.4295188],[77.4268089,23.4282454],[77.4293284,23.4267971],[77.4317765,23.4253815],[77.4339357,23.4241299],[77.4362051,23.4227936],[77.4386263,23.4213698],[77.4409999,23.4199816],[77.4436595,23.4184156],[77.4445258,23.4179139],[77.447269,23.416325],[77.4499047,23.4147782],[77.4524749,23.4132696],[77.4546933,23.4119701],[77.4569541,23.4106459],[77.4590537,23.4094406],[77.4597655,23.4074701],[77.4605934,23.4051524],[77.461472,23.4026816],[77.4624995,23.3998254],[77.4630385,23.3982866],[77.4636818,23.3965564],[77.4656057,23.3947059],[77.4677917,23.3926422],[77.4698734,23.3906933],[77.4721577,23.388482],[77.4741293,23.3866177],[77.4765416,23.3843653],[77.4785564,23.3824539],[77.4809445,23.3801575],[77.4827977,23.3784101],[77.4850004,23.3763456],[77.4868982,23.3745449],[77.4888161,23.3727215],[77.4910095,23.3706201],[77.4915844,23.3704272],[77.4920605,23.3702673],[77.4925299,23.3701098],[77.4945769,23.3693713],[77.4950515,23.3691944],[77.4955037,23.3690259],[77.4959878,23.3688455],[77.4967075,23.3685527]]},"properties":{"category":"line","name":"","reference_point":[77.43557870800377,23.473302842472403],"voltage":"132000","operator":null,"source":"OpenStreetMap","tier":"B","retrieved":"2026-09-05T20:06:07Z","source_url":"https://www.openstreetmap.org/way/194108824"}},{"type":"Feature","id":"osm-way-194108825","geometry":{"type":"LineString","coordinates":[[77.4396256,23.2548313],[77.4396692,23.2558233],[77.4397956,23.2564261],[77.4400496,23.2576369],[77.440411,23.2595399],[77.4408009,23.2614723],[77.4420323,23.2647292],[77.4428029,23.2660418],[77.4455046,23.2661976],[77.4478182,23.266326],[77.4491855,23.2664019],[77.4503649,23.266463],[77.4532248,23.2666209],[77.455958,23.2667788],[77.4574749,23.265183],[77.4571377,23.2622798],[77.4568626,23.2598096],[77.4565245,23.2567826],[77.4562319,23.254281],[77.455959,23.2518608],[77.4544108,23.2507317],[77.4533229,23.2486559],[77.4522945,23.2467337],[77.4512196,23.2447772]]},"properties":{"category":"line","name":"","reference_point":[77.45036119047381,23.259693509303812],"voltage":"132000","operator":null,"source":"OpenStreetMap","tier":"B","retrieved":"2026-09-05T20:06:07Z","source_url":"https://www.openstreetmap.org/way/194108825"}},{"type":"Feature","id":"osm-way-194108826","geometry":{"type":"LineString","coordinates":[[77.4126882,23.3022027],[77.4123169,23.3011899],[77.4117657,23.2992412],[77.4115045,23.2982949],[77.4113845,23.2978601],[77.4110062,23.2964897],[77.4109572,23.2963124],[77.4101454,23.2943109],[77.409095,23.2917036],[77.4080413,23.2891348],[77.4070406,23.2866431],[77.4063213,23.2859565],[77.4063077,23.2833771],[77.4066656,23.2817263],[77.4069163,23.2782148]]},"properties":{"category":"line","name":"","reference_point":[77.40883571919562,23.29027720009472],"voltage":"132000","operator":null,"source":"OpenStreetMap","tier":"B","retrieved":"2026-09-05T20:06:07Z","source_url":"https://www.openstreetmap.org/way/194108826"}},{"type":"Feature","id":"osm-way-194108827","geometry":{"type":"LineString","coordinates":[[77.5543207,23.1511014],[77.5527063,23.1536945],[77.5513115,23.1559536],[77.5500746,23.1579597],[77.5484394,23.1605749],[77.5468662,23.1631038],[77.5452951,23.1656294],[77.5435749,23.1683905],[77.5420904,23.1707547],[77.5406137,23.1731797],[77.5391176,23.1755688],[77.5375629,23.1780975],[77.5360473,23.180526],[77.5345394,23.18294],[77.5328718,23.1856298],[77.5312782,23.188205],[77.529708,23.1907049],[77.5281924,23.1931581],[77.5265754,23.1957367],[77.5249897,23.1983152],[77.5232558,23.2010441],[77.5221571,23.2028454],[77.5205338,23.2054715],[77.5189331,23.2080543],[77.517539,23.2103028],[77.5159132,23.2129293],[77.5144443,23.2153106],[77.5130736,23.2174482],[77.5111098,23.2206586],[77.5094609,23.2233428],[77.5079346,23.2258164],[77.5065653,23.228014],[77.5050142,23.2305179],[77.5035072,23.2329585],[77.5019462,23.2354741],[77.5009724,23.2370437],[77.4992423,23.2398318],[77.4976027,23.2425104],[77.4969506,23.243558],[77.4962576,23.244679],[77.4947855,23.2470323],[77.4936014,23.2489906],[77.4920027,23.2515411],[77.4905572,23.2538859],[77.489881,23.2549776],[77.4891872,23.2558731],[77.4874419,23.2565501],[77.485083,23.2580908],[77.4823756,23.2598648],[77.4803374,23.2611601],[77.4782349,23.2625403],[77.4760524,23.2639668],[77.4730014,23.2646779],[77.4701685,23.2653122],[77.4674517,23.2659164],[77.467144,23.2659803],[77.4669422,23.2660478],[77.4639232,23.2667305],[77.460649,23.2675061],[77.458135,23.2680803],[77.4550138,23.2687889],[77.4509773,23.2697107],[77.4488008,23.2702078],[77.4469033,23.2706502]]},"properties":{"category":"line","name":"","reference_point":[77.50749615932554,23.219969479850878],"voltage":"132000","operator":null,"source":"OpenStreetMap","tier":"B","retrieved":"2026-09-05T20:06:07Z","source_url":"https://www.openstreetmap.org/way/194108827"}},{"type":"Feature","id":"osm-way-194108837","geometry":{"type":"LineString","coordinates":[[77.4384322,23.256896],[77.4393801,23.2596795],[77.440236,23.2622021],[77.4411488,23.2648953],[77.4420421,23.2675915],[77.4428889,23.2701051],[77.4448176,23.2705404],[77.4460825,23.270837],[77.446816,23.271009],[77.4492287,23.2704655],[77.4522143,23.2697593],[77.4550829,23.269109],[77.4581284,23.2684084],[77.4610668,23.2677507],[77.464292,23.2670051],[77.4672491,23.266326],[77.4699361,23.2657192],[77.4728135,23.2650491],[77.4750943,23.2645103],[77.4774211,23.2639918],[77.480005,23.2622178],[77.4827382,23.2603431],[77.4852178,23.2586321],[77.4870003,23.257407],[77.4889654,23.2563245],[77.4907116,23.2548152],[77.4925156,23.2522011],[77.494304,23.2496183],[77.4958571,23.2474292],[77.4977444,23.2446728],[77.4994554,23.2421991],[77.5010257,23.2399143],[77.5024584,23.2378613],[77.5040701,23.2355246],[77.5058333,23.2329626],[77.5075635,23.2304815],[77.5091147,23.2282434],[77.5109413,23.2255901],[77.5125971,23.2232026],[77.5143521,23.2206682],[77.5160987,23.2181365],[77.5174809,23.2161329],[77.5191656,23.213691],[77.5208488,23.2112667],[77.5225553,23.2087959],[77.5242937,23.2062695],[77.5257601,23.2041341],[77.5267315,23.2027349],[77.5284692,23.2002389],[77.5302264,23.197664],[77.5320694,23.195003],[77.5337097,23.1926358],[77.535089,23.190623],[77.5365522,23.1885187],[77.5382567,23.1860673],[77.5397645,23.1838574],[77.541401,23.1814541],[77.5431309,23.1789756],[77.5447518,23.1766438],[77.5464256,23.17422],[77.5481727,23.1716901],[77.5500615,23.1689416],[77.5517836,23.1664557],[77.5534863,23.1640055],[77.5552146,23.1615213],[77.5570526,23.1589025],[77.5586408,23.1566066],[77.5605499,23.1538469],[77.5623139,23.1512519],[77.5641401,23.1486041],[77.566028,23.1458312],[77.5671096,23.1431396],[77.5679723,23.1409112],[77.5687381,23.138965],[77.5694845,23.1371138],[77.5706187,23.1341751],[77.5717012,23.1314681],[77.5725122,23.1294475],[77.573417,23.1271059],[77.5743508,23.1247584],[77.5752588,23.1224999],[77.5761409,23.1202265],[77.5773785,23.1170735],[77.5785951,23.1140076],[77.5798908,23.1107266],[77.5829223,23.1060247],[77.5840557,23.1042726],[77.5852882,23.1023561],[77.5879114,23.0983004],[77.5894694,23.095879],[77.5910554,23.0934318],[77.5924752,23.0911999],[77.5941689,23.0886315],[77.5958166,23.0860539],[77.5974314,23.0835428],[77.599227,23.0807866],[77.6007892,23.0783389],[77.6023481,23.0759064],[77.6040418,23.0733164],[77.6056993,23.0707264],[77.60737,23.0681273],[77.6090058,23.0655938],[77.6106962,23.0629886],[77.6123312,23.0604103],[77.6140376,23.057796],[77.6156819,23.0552148],[77.6173132,23.0527031],[77.618872,23.0502762],[77.6205263,23.0476948],[77.6219799,23.0454402],[77.6237196,23.0427529],[77.6253114,23.0402773],[77.6270051,23.0376443],[77.628758,23.0349356],[77.6304353,23.0323146],[77.6321684,23.029627],[77.6338194,23.0270573],[77.6354769,23.0244604],[77.637094,23.0219756],[77.6386428,23.0195613],[77.640359,23.0168902],[77.642052,23.0142361],[77.6438007,23.0115434],[77.6456379,23.0086923],[77.6472285,23.0061965],[77.6487354,23.0038676],[77.6504005,23.0012732],[77.6521121,22.9986316],[77.6538097,22.9959986],[77.6555259,22.9933184],[77.6569956,22.9910021],[77.6586421,22.9884632],[77.6606048,22.9854317],[77.6618745,22.983445],[77.6634837,22.9809187],[77.6659627,22.9770778],[77.6671487,22.9738834],[77.6678929,22.9710187],[77.6686929,22.9680254],[77.6694556,22.9650706],[77.6702388,22.9621433],[77.6710427,22.9590862],[77.6717011,22.9565827],[77.672179,22.9547291],[77.6728183,22.9522518],[77.6735242,22.9496345],[77.6741002,22.9474456],[77.6747807,22.944837],[77.675572,22.9418843],[77.6762019,22.9394301],[77.6770026,22.9364365],[77.6775439,22.9343611],[77.6779965,22.9325918],[77.6786643,22.9300149],[77.6797405,22.9259163],[77.6801002,22.9246458],[77.6807048,22.92227],[77.6815145,22.9177948],[77.6819291,22.9153809],[77.682502,22.9121886],[77.682904,22.9098446],[77.6834231,22.9068358],[77.683808,22.9047574],[77.6842857,22.9019583],[77.6852194,22.8966692],[77.6857259,22.8939284],[77.686241,22.8909761],[77.6866618,22.8885184],[77.6871766,22.8856318],[77.6877182,22.8825059],[77.6882643,22.8794129],[77.6887387,22.8767571],[77.6891908,22.8742084],[77.6894851,22.8725448],[77.6901532,22.8687685],[77.690747,22.8653055],[77.6912091,22.8626399],[77.6918784,22.8588488],[77.6922568,22.856661],[77.6923897,22.8546311],[77.6925891,22.8516123],[77.6927727,22.8487597],[77.6931262,22.8431311],[77.6933161,22.8399779],[77.6934985,22.8369913],[77.6940022,22.8350933],[77.6945023,22.8331738],[77.6952943,22.8302728],[77.695845,22.8281987],[77.6965817,22.8254579],[77.6973441,22.8226003],[77.6978664,22.8206573],[77.6986541,22.8177205],[77.6993143,22.8152243],[77.7000753,22.8124207],[77.701289,22.8079209],[77.7022037,22.8044547],[77.7044936,22.8022575],[77.706411,22.8002554],[77.7082976,22.7982854],[77.7102848,22.7963293],[77.7127493,22.7937628],[77.7149923,22.7915362],[77.7173372,22.789107],[77.7195148,22.7869009],[77.7215404,22.7848728],[77.7237022,22.7826813],[77.7252753,22.7810383],[77.7276973,22.7786296],[77.7294664,22.7768067],[77.7315647,22.7746565],[77.7336186,22.7725835],[77.7353506,22.7704495],[77.7371053,22.7682773],[77.7383967,22.7666166],[77.7395899,22.76345],[77.7420752,22.7568135],[77.7432653,22.7536466],[77.7457537,22.7519819],[77.7464834,22.7499249],[77.7471504,22.7480251],[77.748231,22.7449682],[77.7492908,22.7419619],[77.7501902,22.7393857],[77.7511556,22.7366388],[77.7522095,22.7336408],[77.7531886,22.730869],[77.7541465,22.7281359],[77.7549477,22.725989],[77.7542673,22.7251179],[77.7513623,22.7240403],[77.7487616,22.7231113],[77.7455791,22.7219553],[77.7425219,22.7208405],[77.7394154,22.7197216],[77.7370475,22.7188752],[77.7341604,22.7178223],[77.7315553,22.7168685],[77.7299976,22.7165506],[77.7268598,22.7165671],[77.7245053,22.7165547],[77.7219897,22.7191105],[77.7209736,22.7220007],[77.7199486,22.724866],[77.7188967,22.7278551],[77.7194527,22.7303948],[77.7205004,22.7309319],[77.7211437,22.7318459],[77.7223085,22.7325955]]},"properties":{"category":"line","name":"","reference_point":[77.62617568818106,22.999501185368917],"voltage":"220000","operator":null,"source":"OpenStreetMap","tier":"B","retrieved":"2026-09-05T20:06:07Z","source_url":"https://www.openstreetmap.org/way/194108837"}},{"type":"Feature","id":"osm-way-194108846","geometry":{"type":"LineString","coordinates":[[77.7922816,22.5882942],[77.7949922,22.5893527],[77.7961711,22.5905654],[77.7977955,22.5923137],[77.7984639,22.5944649],[77.7991508,22.5967274],[77.8001858,22.6000568],[77.7996614,22.6027692],[77.7990394,22.6056743],[77.7983571,22.609282],[77.7977027,22.6124911],[77.7971318,22.6152332],[77.7967141,22.617354],[77.7962407,22.6198261],[77.7954934,22.623472],[77.7947926,22.6270364],[77.7940778,22.630545],[77.7933491,22.6340964],[77.7926808,22.637502],[77.7920264,22.640809],[77.7913534,22.6443002],[77.7906572,22.6475299],[77.7893483,22.6498344],[77.7878303,22.6525128],[77.7862943,22.6551902],[77.7846665,22.6580916],[77.7830649,22.6608416],[77.7814961,22.6636036],[77.7800455,22.6661778],[77.7784243,22.6690184],[77.7771771,22.672386],[77.7759563,22.6757171],[77.7748929,22.6785636],[77.7736917,22.6817613],[77.7724905,22.684971],[77.77146,22.6878234],[77.7701932,22.6912026],[77.7692349,22.6938126],[77.7681256,22.6968101],[77.7674101,22.6987418],[77.7667078,22.7006856],[77.765546,22.7038465],[77.764266,22.7072132],[77.7630452,22.7105676],[77.7618702,22.7136617],[77.7605969,22.7170039],[77.7595788,22.719948],[77.7583634,22.7231711],[77.7574201,22.7257811],[77.7561858,22.7291325],[77.7549703,22.7323379],[77.7538752,22.7354031],[77.7527611,22.7384332],[77.7515077,22.7417784],[77.7503239,22.744931],[77.7489123,22.7465422],[77.7485388,22.7488716],[77.7495706,22.7515606],[77.7504524,22.7538598],[77.7514416,22.7564437],[77.7523861,22.7589203],[77.7536976,22.7623586],[77.7518289,22.7655514],[77.7477965,22.772474],[77.7461697,22.7752348],[77.7469293,22.7788068],[77.7495247,22.7806686],[77.7521834,22.782332],[77.7545321,22.7839958],[77.7564568,22.785337],[77.7589814,22.7870579],[77.76113,22.7885188],[77.7629965,22.7916922],[77.7648288,22.7946749],[77.7664715,22.7974479],[77.7682978,22.8004974],[77.7701733,22.8035963],[77.7719011,22.8065094],[77.7741213,22.8101404],[77.7760102,22.813268],[77.7760997,22.8162964],[77.7761266,22.8190236],[77.7761803,22.8215651],[77.776243,22.8240529],[77.7763191,22.8272462],[77.7763907,22.8309963],[77.7764713,22.8344822],[77.7765474,22.8381125],[77.7766279,22.8418912],[77.7766861,22.8452696],[77.7767577,22.8486439],[77.7768428,22.8521583],[77.7769054,22.8554416],[77.776995,22.8585846],[77.7770173,22.8612903],[77.777089,22.8644538],[77.7771606,22.8679719],[77.7772188,22.8715147],[77.7773038,22.8749048],[77.7760908,22.8778824],[77.7748733,22.8808434],[77.7739959,22.8829631],[77.7726307,22.8863446],[77.7712565,22.8896931],[77.7699584,22.8928889],[77.7677965,22.8982248],[77.7667137,22.900788],[77.7657831,22.9044267],[77.7647639,22.9084559],[77.7642892,22.9102285],[77.763365,22.9138436],[77.7622635,22.9181641],[77.7608645,22.9202165],[77.7589591,22.9229626],[77.7567942,22.9260759],[77.7549837,22.928787],[77.7528757,22.9300929],[77.7499512,22.931906],[77.7474697,22.9334568],[77.7441527,22.9355206],[77.7414307,22.9372403],[77.7382022,22.9392516],[77.7351764,22.9411345],[77.7317454,22.943274],[77.7293779,22.9447488],[77.725048,22.9474653],[77.7227501,22.9488468],[77.7204839,22.9503041],[77.7171985,22.9523385],[77.7128179,22.9550665],[77.7105454,22.9564829],[77.70864,22.9576662],[77.7056711,22.9594848],[77.7035378,22.960802],[77.7008158,22.9625681],[77.6977393,22.9644566],[77.6946797,22.9663431],[77.6917495,22.9681716],[77.6884055,22.9702742],[77.6853777,22.9721584],[77.6824336,22.9740168],[77.6792663,22.9759566],[77.6758664,22.9780334],[77.6740432,22.9804955],[77.6722154,22.9828805],[77.6700852,22.9856978],[77.6678388,22.9886179],[77.6657505,22.9913839],[77.6635459,22.994261],[77.6615971,22.9967571],[77.6595972,22.9993644],[77.657774,23.0017533],[77.6555415,23.0048486],[77.6536951,23.0073445],[77.6520501,23.0096722],[77.6507013,23.0115558],[77.6485525,23.0144753],[77.646548,23.0173092],[77.6445155,23.0201002],[77.6423853,23.0230581],[77.6406458,23.0254508],[77.638125,23.0289437],[77.6359065,23.0320212],[77.6338368,23.0348504],[77.6317903,23.0376838],[77.6297997,23.0404445],[77.6281533,23.0427513],[77.6260975,23.0456017],[77.6240511,23.0484478],[77.6217861,23.0515891],[77.6196792,23.0544863],[77.6175862,23.0573921],[77.6156607,23.0600282],[77.6137677,23.0626942],[77.6116236,23.065664],[77.609435,23.0686975],[77.6073138,23.071696],[77.6053097,23.0744701],[77.6032493,23.0773712],[77.601254,23.0801438],[77.5992448,23.0829677],[77.5980123,23.0846749],[77.5958682,23.0876271],[77.5931241,23.0914648],[77.5919334,23.0941431],[77.5908497,23.0966929],[77.5896219,23.0995122],[77.588301,23.1025753],[77.5869987,23.1055313],[77.5861429,23.1074264],[77.5852267,23.1095568],[77.5837756,23.1128849],[77.5824175,23.116046],[77.5808873,23.1196306],[77.5796641,23.1224152],[77.5784548,23.1252297],[77.5773805,23.1276891],[77.5761666,23.1304265],[77.5751108,23.1328729],[77.5739201,23.1356231],[77.5727202,23.1383817],[77.5719202,23.1416919],[77.5710784,23.1451004],[77.5702063,23.1487159],[77.5693773,23.1521528],[77.5685482,23.1555896],[77.5676592,23.1592612],[77.5668418,23.1626372],[77.5659895,23.1661573],[77.5651335,23.1696925],[77.564299,23.1731386],[77.5634552,23.1766235],[77.5626742,23.1798486],[77.5618726,23.1831588],[77.5610767,23.1864452],[77.5602623,23.1898083],[77.5595366,23.1928045],[77.5587912,23.1958823],[77.5578557,23.1997451],[77.5570152,23.2032155],[77.5561933,23.2066088],[77.5554054,23.2099411],[77.5545843,23.2133088],[77.5537799,23.2165903],[77.5530139,23.2197046],[77.5521874,23.223153],[77.5513223,23.2266723],[77.5504738,23.2301863],[77.5489254,23.2327332],[77.5474231,23.2353125],[77.5458879,23.2379046],[77.5443411,23.2404537],[77.5428254,23.2430421],[77.5406318,23.2466758],[77.5386253,23.2500015],[77.5372304,23.2523642],[77.5353524,23.2555502],[77.5334744,23.2587074],[77.5323791,23.2605344],[77.5318725,23.2613795],[77.5297878,23.2648465],[77.5283231,23.2673215],[77.5266661,23.2701205],[77.5245386,23.2737494],[77.5226731,23.2768822],[77.5207594,23.2800886],[77.5189366,23.2831574],[77.5171994,23.2860838],[77.5153766,23.2891181],[77.5136875,23.2919314],[77.5121266,23.2947005],[77.5101274,23.2979997],[77.5083635,23.3010338],[77.5065893,23.3039704],[77.5040817,23.3064868],[77.5015145,23.3091234],[77.4988281,23.3117929],[77.4963026,23.3143583],[77.4935985,23.3171152],[77.4915673,23.3191172],[77.4891431,23.3215567],[77.4866593,23.3240891],[77.4841445,23.326607],[77.4821187,23.328622],[77.4798359,23.330927],[77.4778732,23.3328916],[77.4769929,23.3344501],[77.4776879,23.3372384],[77.4781091,23.3389593],[77.4815796,23.3412139],[77.4844983,23.3430933],[77.4850796,23.3444235]]},"properties":{"category":"line","name":"","reference_point":[77.6702251585069,22.971688571521565],"voltage":"400000","operator":null,"source":"OpenStreetMap","tier":"B","retrieved":"2026-09-05T20:06:07Z","source_url":"https://www.openstreetmap.org/way/194108846"}},{"type":"Feature","id":"osm-way-194108851","geometry":{"type":"Polygon","coordinates":[[[77.4071271,23.2776866],[77.4063367,23.2782255],[77.4064037,23.2783918],[77.4074273,23.2782287],[77.4078748,23.2781617],[77.4075584,23.2774947],[77.4071271,23.2776866]]]},"properties":{"category":"substation","name":"","reference_point":[77.40716974115111,23.278006677677773],"voltage":"132000","operator":null,"source":"OpenStreetMap","tier":"B","retrieved":"2026-09-05T20:06:07Z","source_url":"https://www.openstreetmap.org/way/194108851"}},{"type":"Feature","id":"osm-way-194108853","geometry":{"type":"Polygon","coordinates":[[[77.4820438,23.337637],[77.4816387,23.3380445],[77.482401,23.338615],[77.4827379,23.338263],[77.4820438,23.337637]]]},"properties":{"category":"substation","name":"","reference_point":[77.48219513391513,23.338132089498835],"voltage":"132000","operator":null,"source":"OpenStreetMap","tier":"B","retrieved":"2026-09-05T20:06:07Z","source_url":"https://www.openstreetmap.org/way/194108853"}},{"type":"Feature","id":"osm-way-194108858","geometry":{"type":"Polygon","coordinates":[[[77.3666962,23.272658],[77.3667253,23.2730464],[77.3672224,23.2730108],[77.367195,23.2726283],[77.3666962,23.272658]]]},"properties":{"category":"substation","name":"","reference_point":[77.36695907496323,23.27283583585524],"voltage":null,"operator":null,"source":"OpenStreetMap","tier":"B","retrieved":"2026-09-05T20:06:07Z","source_url":"https://www.openstreetmap.org/way/194108858"}},{"type":"Feature","id":"osm-way-194108860","geometry":{"type":"Polygon","coordinates":[[[77.3736956,23.2713665],[77.37448,23.2720115],[77.3751143,23.2714244],[77.3743331,23.2707823],[77.3736956,23.2713665]]]},"properties":{"category":"substation","name":"","reference_point":[77.37440553876492,23.271396397162537],"voltage":"132000","operator":null,"source":"OpenStreetMap","tier":"B","retrieved":"2026-09-05T20:06:07Z","source_url":"https://www.openstreetmap.org/way/194108860"}},{"type":"Feature","id":"osm-way-194108861","geometry":{"type":"Polygon","coordinates":[[[77.4783477,23.2693766],[77.478111,23.2696201],[77.4784772,23.2699204],[77.4787138,23.2696769],[77.4783477,23.2693766]]]},"properties":{"category":"substation","name":"","reference_point":[77.4784124162841,23.269648498393508],"voltage":null,"operator":null,"source":"OpenStreetMap","tier":"B","retrieved":"2026-09-05T20:06:07Z","source_url":"https://www.openstreetmap.org/way/194108861"}},{"type":"Feature","id":"osm-way-194108863","geometry":{"type":"LineString","coordinates":[[77.3285011,23.3247799],[77.3283955,23.3245043],[77.3292596,23.3221905],[77.3299094,23.3204733]]},"properties":{"category":"line","name":"","reference_point":[77.32910528041631,23.32262617277412],"voltage":"132000","operator":null,"source":"OpenStreetMap","tier":"B","retrieved":"2026-09-05T20:06:07Z","source_url":"https://www.openstreetmap.org/way/194108863"}},{"type":"Feature","id":"osm-way-194108865","geometry":{"type":"LineString","coordinates":[[77.4836694,23.3491887],[77.4831571,23.3497055],[77.4807597,23.3494375],[77.4783444,23.3472309],[77.4758954,23.3449535],[77.4731114,23.3424283],[77.4706517,23.3401622],[77.4681373,23.3378613],[77.4656818,23.335626],[77.4632053,23.3334023],[77.4608322,23.3312343],[77.4601621,23.3305944],[77.4583526,23.3283526],[77.4564573,23.3259697],[77.4544816,23.3234555],[77.452576,23.3210459],[77.4509026,23.3189138],[77.4492379,23.3168098],[77.4477222,23.3148989],[77.4462197,23.3130242],[77.4464737,23.3107633],[77.4465593,23.3099507],[77.4466008,23.3095563],[77.4460926,23.3065349],[77.4456107,23.3038755],[77.4451464,23.3012805],[77.4447083,23.2987658],[77.4446819,23.2986146],[77.4442045,23.295881],[77.4436832,23.2929438],[77.4432189,23.2903847],[77.442737,23.2876244],[77.4422683,23.2849325],[77.441805,23.2823572],[77.4413468,23.279773],[77.4409005,23.2771797],[77.4404756,23.2748046],[77.4404092,23.2744333],[77.4404374,23.2717323],[77.440467,23.2689498],[77.4405087,23.2661703],[77.4404951,23.2649476],[77.4405385,23.2637652],[77.4395938,23.2614167],[77.4386657,23.2591354],[77.4382597,23.2581095],[77.4377756,23.2568864],[77.4377183,23.2558485]]},"properties":{"category":"line","name":"","reference_point":[77.45273284461207,23.30757413494873],"voltage":"220000","operator":null,"source":"OpenStreetMap","tier":"B","retrieved":"2026-09-05T20:06:07Z","source_url":"https://www.openstreetmap.org/way/194108865"}},{"type":"Feature","id":"osm-way-194108866","geometry":{"type":"LineString","coordinates":[[77.329872,23.3202988],[77.3271516,23.3197927],[77.3247638,23.3184995],[77.3220429,23.3170336],[77.3193781,23.3156101],[77.3171778,23.3132089],[77.3155267,23.3111786],[77.3141228,23.3094116],[77.3114689,23.3088291],[77.3088313,23.3082187],[77.3053798,23.3086492],[77.3025347,23.3090047],[77.2992489,23.3089893],[77.2962486,23.3089733],[77.2935266,23.3064004],[77.2916216,23.3046075],[77.2916936,23.3014437],[77.2917607,23.298581],[77.2918178,23.2954147],[77.2918998,23.2924013],[77.2919644,23.2894585],[77.2920289,23.2866662],[77.2903202,23.2850487],[77.2886785,23.283559],[77.286622,23.2820281],[77.2851197,23.2799729],[77.2833191,23.277534],[77.2819799,23.2756609],[77.2815358,23.273447],[77.2811028,23.2711768],[77.2806274,23.2688973],[77.280711,23.2674283],[77.2785292,23.2650189],[77.2772345,23.2630517],[77.2756842,23.2607884],[77.2741188,23.2584795],[77.2725438,23.2562091],[77.2716435,23.2529713],[77.2708179,23.251286],[77.2693163,23.2507849],[77.2687185,23.249287],[77.2688422,23.2490379]]},"properties":{"category":"line","name":"","reference_point":[77.2943745596366,23.2905318325243],"voltage":"132000","operator":null,"source":"OpenStreetMap","tier":"B","retrieved":"2026-09-05T20:06:07Z","source_url":"https://www.openstreetmap.org/way/194108866"}},{"type":"Feature","id":"osm-way-194108867","geometry":{"type":"LineString","coordinates":[[77.4817057,23.3377168],[77.4795375,23.3366804],[77.4766368,23.3353077],[77.4762109,23.3353022],[77.4758803,23.3352995]]},"properties":{"category":"line","name":"","reference_point":[77.47882626504234,23.336366496354433],"voltage":"132000","operator":null,"source":"OpenStreetMap","tier":"B","retrieved":"2026-09-05T20:06:07Z","source_url":"https://www.openstreetmap.org/way/194108867"}},{"type":"Feature","id":"osm-way-194108868","geometry":{"type":"Polygon","coordinates":[[[77.4455329,23.263043],[77.4468239,23.2632885],[77.4468648,23.262751],[77.4461199,23.2626901],[77.4456285,23.262622],[77.4455329,23.263043]]]},"properties":{"category":"substation","name":"","reference_point":[77.44623606836947,23.262935963498133],"voltage":null,"operator":null,"source":"OpenStreetMap","tier":"B","retrieved":"2026-09-05T20:06:07Z","source_url":"https://www.openstreetmap.org/way/194108868"}},{"type":"Feature","id":"osm-way-194108870","geometry":{"type":"LineString","coordinates":[[77.4388665,23.2548459],[77.4389276,23.2559917],[77.4395469,23.2587588],[77.4401519,23.2614796],[77.4410324,23.2639543],[77.4418457,23.2663137],[77.4426815,23.2686211],[77.4431298,23.2700167],[77.4432353,23.2703451],[77.4434567,23.2708659],[77.4417366,23.2733046],[77.4405112,23.2739326],[77.4402379,23.2740726],[77.4388408,23.2748841],[77.4377134,23.2759951],[77.4375178,23.2761878],[77.4375377,23.276588],[77.4382232,23.2780115],[77.4390122,23.2797136],[77.4401817,23.2822209],[77.441142,23.2843146],[77.439066,23.2865784],[77.4371114,23.2886939],[77.435649,23.2902879],[77.4340571,23.2920246],[77.4323536,23.2925132],[77.4301062,23.293172],[77.4277871,23.2938473],[77.4245793,23.2926193],[77.4226739,23.2919008],[77.4212197,23.2913362],[77.420672,23.2911236],[77.4179635,23.2900886],[77.4155019,23.2891394],[77.4122139,23.2894078],[77.4087204,23.289693],[77.4063304,23.2898907],[77.4030619,23.2901677],[77.4001412,23.2904159],[77.3999081,23.2902128],[77.3992028,23.2895668],[77.3960503,23.2887348],[77.3934994,23.2880688],[77.3904676,23.2872795],[77.3880534,23.286643],[77.3849513,23.2858377],[77.3821447,23.2851089],[77.3794495,23.2843984],[77.3773407,23.2822948],[77.3755099,23.2804407],[77.3755127,23.2804175],[77.3750035,23.2799049],[77.3748013,23.2796918],[77.3736246,23.2785282],[77.3738736,23.2772046],[77.3742847,23.2720391]]},"properties":{"category":"line","name":"","reference_point":[77.41539122680508,23.282364482175048],"voltage":"132000","operator":null,"source":"OpenStreetMap","tier":"B","retrieved":"2026-09-05T20:06:07Z","source_url":"https://www.openstreetmap.org/way/194108870"}},{"type":"Feature","id":"osm-way-194108872","geometry":{"type":"LineString","coordinates":[[77.4839404,23.3491942],[77.484396,23.3501074],[77.4837498,23.3510316],[77.4824781,23.3512996],[77.480307,23.3497356],[77.4781329,23.349227],[77.4755011,23.3486468],[77.4725402,23.3479508],[77.4701058,23.3473785],[77.4676377,23.34681],[77.4652622,23.3462416],[77.4624403,23.3454721],[77.460027,23.3447953],[77.4575799,23.3441109],[77.4547496,23.3433143],[77.4513044,23.3430861],[77.4481371,23.3428812],[77.444675,23.3426569],[77.4415414,23.3424713],[77.4381931,23.3422624],[77.4349584,23.3420536],[77.4317195,23.3418525],[77.4284596,23.3416592],[77.4256251,23.3408471],[77.4231991,23.3404062],[77.4208868,23.3400118],[77.4189873,23.3404294],[77.416814,23.3401007],[77.4134455,23.3395919],[77.4109816,23.3392168],[77.4086873,23.3394159],[77.4077301,23.3393289],[77.4049292,23.3394488],[77.4036516,23.339501],[77.4023727,23.3395532],[77.4002794,23.3396345],[77.3976807,23.3390118],[77.3943029,23.3382268],[77.3910093,23.337465],[77.38828,23.33726],[77.3861615,23.3371246],[77.383626,23.3369506],[77.3805893,23.3367689],[77.3773715,23.33656],[77.373981,23.3363164],[77.3707843,23.3361153],[77.3675749,23.3358833],[77.3643529,23.3356899],[77.3609834,23.3350402],[77.357775,23.3344412],[77.3545801,23.3338159],[77.3514084,23.3331992],[77.3482834,23.3326211],[77.3449439,23.3319658],[77.3416836,23.3313191],[77.3383208,23.3306981],[77.3358581,23.3287109],[77.3334012,23.3266992],[77.3308947,23.324658],[77.3303044,23.3230831],[77.3306839,23.3213202]]},"properties":{"category":"line","name":"","reference_point":[77.40611671998464,23.339025034790243],"voltage":"220000","operator":null,"source":"OpenStreetMap","tier":"B","retrieved":"2026-09-05T20:06:07Z","source_url":"https://www.openstreetmap.org/way/194108872"}},{"type":"Feature","id":"osm-way-194108879","geometry":{"type":"LineString","coordinates":[[77.4863614,23.3476127],[77.4871448,23.347837],[77.4892254,23.3486954],[77.4910364,23.3493025],[77.4924095,23.3497936],[77.4937211,23.3517272]]},"properties":{"category":"line","name":"","reference_point":[77.49036416776546,23.34925308534055],"voltage":"400000","operator":null,"source":"OpenStreetMap","tier":"B","retrieved":"2026-09-05T20:06:07Z","source_url":"https://www.openstreetmap.org/way/194108879"}},{"type":"Feature","id":"osm-way-194108880","geometry":{"type":"LineString","coordinates":[[77.4390274,23.2548428],[77.4390547,23.2558784],[77.4397063,23.2587289],[77.4402862,23.2614504],[77.4413569,23.264341],[77.4423814,23.2671136],[77.4441434,23.2695087],[77.4443407,23.2701475],[77.4445559,23.2708174],[77.4449244,23.2719192],[77.4458295,23.2746898],[77.4467978,23.2775998],[77.447624,23.2801609],[77.4481221,23.2816305],[77.4467323,23.2834219],[77.4452588,23.2853215],[77.443708,23.2873113],[77.4429963,23.2874207],[77.4424117,23.2875106],[77.441706,23.2876191],[77.4398961,23.2892185],[77.4383504,23.2905814],[77.4369007,23.2926612],[77.4361263,23.2937623],[77.4344071,23.2962403],[77.43281,23.2970802],[77.4313648,23.297562],[77.4295572,23.2982586],[77.4291906,23.2983519],[77.4271638,23.2988495],[77.425915,23.2991562],[77.4258376,23.2991752],[77.4254642,23.2992669],[77.4252919,23.2993092],[77.4250166,23.2993768],[77.4246408,23.2994705],[77.4243842,23.2995344],[77.4242406,23.2995702],[77.4236147,23.2997257],[77.4234726,23.299761],[77.4213826,23.3002801],[77.4191645,23.300829],[77.4185652,23.3009773],[77.416565,23.301485],[77.4155388,23.3017261],[77.4128477,23.3023921],[77.4114851,23.3030489],[77.4077994,23.303801],[77.4041233,23.3045512],[77.4022449,23.3050224],[77.399635,23.3056642],[77.3984057,23.305952],[77.3966435,23.3064517],[77.3935254,23.3071679],[77.3909438,23.3081888],[77.3881865,23.3092768],[77.387533,23.3094445],[77.3872721,23.3095114],[77.3858993,23.3098637],[77.3833931,23.3105199],[77.3808275,23.3111865],[77.3779126,23.3119495],[77.3749499,23.312723],[77.3720182,23.3134827],[77.3692711,23.3141942],[77.365985,23.3150509],[77.3633251,23.3157861],[77.36058,23.3164383],[77.3576328,23.3172061],[77.3544536,23.3180296],[77.3516271,23.3187656],[77.348395,23.3196015],[77.3461754,23.320189],[77.3431709,23.3209765],[77.3402092,23.3217336],[77.3373135,23.3224756],[77.3345728,23.3231934],[77.3316409,23.3239506],[77.3300781,23.3232333],[77.3299242,23.321488],[77.3300897,23.3210404]]},"properties":{"category":"line","name":"","reference_point":[77.40005683282041,23.300383403982924],"voltage":"132000","operator":null,"source":"OpenStreetMap","tier":"B","retrieved":"2026-09-05T20:06:07Z","source_url":"https://www.openstreetmap.org/way/194108880"}},{"type":"Feature","id":"osm-way-194108881","geometry":{"type":"LineString","coordinates":[[77.1899649,23.3819192],[77.1912713,23.3812031],[77.1931115,23.380189],[77.1957131,23.380076],[77.1978743,23.37998],[77.2004572,23.3798772],[77.2034993,23.3797539],[77.2067391,23.3795826],[77.2100276,23.3794764],[77.2130174,23.3793428],[77.2151375,23.3792571],[77.2184445,23.3783834],[77.2218748,23.3774652],[77.2241927,23.378195],[77.2272344,23.379174],[77.2303504,23.3801881],[77.2336435,23.3812554],[77.2360026,23.3820201],[77.2389386,23.3809837],[77.2414808,23.3800816],[77.2442306,23.3791096],[77.2469651,23.3781403],[77.2499927,23.3770646],[77.253008,23.3760168],[77.255947,23.3749915],[77.2588768,23.3739606],[77.2617365,23.3743444],[77.2644405,23.3746889],[77.2675473,23.375112],[77.2702056,23.3754677],[77.272583,23.3757927],[77.2756594,23.3761877],[77.278843,23.3765664],[77.2816416,23.3769054],[77.284779,23.3772752],[77.2852084,23.3768598],[77.2848092,23.3743598],[77.2865708,23.3729295],[77.2899497,23.3730692],[77.2933051,23.3732275],[77.2966012,23.3733675],[77.298925,23.3712087],[77.3012096,23.3690919],[77.3035024,23.3669676],[77.3056925,23.3649383],[77.3068925,23.3625045],[77.308085,23.3601071],[77.3093639,23.3575453],[77.3106391,23.3549907],[77.3126161,23.3530594],[77.3148564,23.350916],[77.3164593,23.3493566],[77.318667,23.3472521],[77.3184211,23.3452204],[77.3180885,23.3422692],[77.3177631,23.3392819],[77.3175768,23.3386319],[77.3175048,23.338055],[77.317561,23.3376848],[77.3200854,23.335546],[77.3224672,23.333546],[77.3248664,23.3314912],[77.3271787,23.3295573],[77.3297542,23.3273634],[77.3296027,23.3261364],[77.3285011,23.3247799]]},"properties":{"category":"line","name":"","reference_point":[77.26945399061323,23.367325741700153],"voltage":"132000","operator":null,"source":"OpenStreetMap","tier":"B","retrieved":"2026-09-05T20:06:07Z","source_url":"https://www.openstreetmap.org/way/194108881"}},{"type":"Feature","id":"osm-way-194108884","geometry":{"type":"LineString","coordinates":[[77.4856892,23.3442177],[77.4859588,23.3430769],[77.4868811,23.3427095],[77.4901116,23.3446198],[77.4933294,23.3465495],[77.4935231,23.3491016],[77.4937211,23.3517272]]},"properties":{"category":"line","name":"","reference_point":[77.49071785485442,23.346008771667538],"voltage":"400000","operator":null,"source":"OpenStreetMap","tier":"B","retrieved":"2026-09-05T20:06:07Z","source_url":"https://www.openstreetmap.org/way/194108884"}},{"type":"Feature","id":"osm-way-194108885","geometry":{"type":"LineString","coordinates":[[77.3730913,23.2715621],[77.3708494,23.2718987],[77.3713509,23.2740494],[77.3723407,23.2758114],[77.3730977,23.2772087],[77.3736192,23.2793367],[77.3745162,23.2820539],[77.3765314,23.2843856],[77.3760754,23.2858497],[77.3771197,23.2886599],[77.3791512,23.2909036],[77.3808855,23.2928948],[77.3828723,23.2951123],[77.3846392,23.2971221],[77.3865265,23.2992346],[77.3884289,23.3013871],[77.3919176,23.3020184],[77.3947923,23.3025494],[77.3967745,23.3028975],[77.3995358,23.3027966],[77.4024666,23.3026501],[77.404979,23.3025535],[77.4055515,23.3025316],[77.4068843,23.3024959],[77.4097374,23.3023989],[77.4120924,23.3023239],[77.4125809,23.3022361],[77.4126882,23.3022027],[77.4132639,23.3020494],[77.4150764,23.3024287],[77.4179895,23.3016537],[77.4191964,23.3013295],[77.4204318,23.3010039],[77.4231293,23.3002852],[77.4257212,23.2995965],[77.4287658,23.2987865],[77.4297127,23.298651],[77.4316812,23.2980181],[77.4333426,23.2975427],[77.4349841,23.2967874],[77.4368883,23.2959021],[77.4392734,23.2947669],[77.441513,23.2937028],[77.4429782,23.2935719],[77.4436038,23.293506],[77.4440698,23.2934569],[77.4445177,23.2934098],[77.4471693,23.2928123],[77.449954,23.2922148],[77.4525327,23.2916548],[77.4548249,23.2911569],[77.4575198,23.290548],[77.460097,23.2899961],[77.4603324,23.2894413],[77.4598802,23.2874468],[77.4594203,23.2852021],[77.4589636,23.2829732],[77.4571053,23.2807597],[77.4552407,23.2784958],[77.4543415,23.2774039],[77.4534033,23.2762648],[77.4518891,23.2744456],[77.4501479,23.2723089],[77.4493741,23.2691316],[77.4488588,23.2669992],[77.4481993,23.2664903],[77.4477954,23.2636616],[77.4464504,23.2618423],[77.446205,23.259428],[77.4449258,23.2581881],[77.4434973,23.2581001],[77.4432493,23.2577635],[77.4433252,23.2548505],[77.44232,23.2540469],[77.4406444,23.2541054],[77.4397905,23.2545248],[77.4397355,23.2548292]]},"properties":{"category":"line","name":"","reference_point":[77.42091268313526,23.287345158550472],"voltage":"132000","operator":null,"source":"OpenStreetMap","tier":"B","retrieved":"2026-09-05T20:06:07Z","source_url":"https://www.openstreetmap.org/way/194108885"}},{"type":"Feature","id":"osm-way-194108887","geometry":{"type":"LineString","coordinates":[[77.4395126,23.2548335],[77.4395508,23.2558388],[77.4396838,23.2565516],[77.4400783,23.2586668],[77.4405747,23.2612967],[77.4412077,23.2630241],[77.442009,23.2650738],[77.4427218,23.2670747],[77.4440607,23.2687828],[77.4469033,23.2706502]]},"properties":{"category":"line","name":"","reference_point":[77.44197198266939,23.263465313662532],"voltage":"132000","operator":null,"source":"OpenStreetMap","tier":"B","retrieved":"2026-09-05T20:06:07Z","source_url":"https://www.openstreetmap.org/way/194108887"}},{"type":"Feature","id":"osm-way-194108890","geometry":{"type":"LineString","coordinates":[[77.4633828,23.3060167],[77.4635114,23.3057279],[77.4632225,23.3028477],[77.4629455,23.2998783],[77.4626481,23.2969251],[77.4623941,23.2939975],[77.4616971,23.2919092],[77.4614246,23.2899802],[77.4611922,23.28798]]},"properties":{"category":"line","name":"","reference_point":[77.46251445957579,23.2969833670489],"voltage":"132000","operator":null,"source":"OpenStreetMap","tier":"B","retrieved":"2026-09-05T20:06:07Z","source_url":"https://www.openstreetmap.org/way/194108890"}},{"type":"Feature","id":"osm-way-194119505","geometry":{"type":"LineString","coordinates":[[77.4573311,23.2119655],[77.4569193,23.2113739],[77.4560182,23.2106319],[77.4570317,23.2085112],[77.4578053,23.2068088],[77.4585814,23.2048761],[77.4585107,23.2026605],[77.4583693,23.1996483],[77.4581099,23.1988395],[77.4574732,23.1968538],[77.4565623,23.1941827],[77.4569986,23.1938749]]},"properties":{"category":"line","name":"","reference_point":[77.45761008889785,23.203099781699265],"voltage":"132000","operator":null,"source":"OpenStreetMap","tier":"B","retrieved":"2026-09-05T20:06:07Z","source_url":"https://www.openstreetmap.org/way/194119505"}},{"type":"Feature","id":"osm-way-194119506","geometry":{"type":"Polygon","coordinates":[[[77.522575,23.0972492],[77.5229518,23.0974541],[77.5230265,23.0973378],[77.524073,23.0979068],[77.524441,23.0973341],[77.5240542,23.0971238],[77.5244042,23.0965779],[77.5244592,23.0964944],[77.5238179,23.0961444],[77.5234304,23.0967295],[77.5231859,23.0965966],[77.5230448,23.0968163],[77.5229028,23.0967391],[77.522575,23.0972492]]]},"properties":{"category":"substation","name":"","reference_point":[77.52365383290805,23.09704711968803],"voltage":"132000","operator":null,"source":"OpenStreetMap","tier":"B","retrieved":"2026-09-05T20:06:07Z","source_url":"https://www.openstreetmap.org/way/194119506"}},{"type":"Feature","id":"osm-way-194119510","geometry":{"type":"Polygon","coordinates":[[[77.4989588,23.2132027],[77.5006778,23.212676],[77.5006144,23.2125849],[77.5005689,23.2126],[77.5000854,23.2124722],[77.4998127,23.2125469],[77.4996933,23.2122536],[77.4999426,23.2121549],[77.4996446,23.2118759],[77.4993911,23.2119746],[77.4982436,23.2119721],[77.498661,23.2123975],[77.4988015,23.2126152],[77.4985991,23.2128697],[77.4987347,23.2130861],[77.4989588,23.2132027]]]},"properties":{"category":"substation","name":"","reference_point":[77.4993262321856,23.212523529654813],"voltage":"132000","operator":null,"source":"OpenStreetMap","tier":"B","retrieved":"2026-09-05T20:06:07Z","source_url":"https://www.openstreetmap.org/way/194119510"}},{"type":"Feature","id":"osm-way-194119518","geometry":{"type":"LineString","coordinates":[[77.5794249,23.1107492],[77.5786091,23.1103348],[77.5754683,23.10976],[77.5719954,23.1091823],[77.5691835,23.1086832],[77.5669636,23.108299],[77.5635729,23.107688],[77.5609353,23.1072161],[77.5581169,23.1067533],[77.5557852,23.1063359],[77.5530259,23.1058549],[77.5498029,23.1052741],[77.5473429,23.1048809],[77.5443436,23.1043424],[77.5414331,23.1038342],[77.5383646,23.1032928],[77.5354936,23.1027906],[77.5329218,23.102352],[77.5310001,23.1012941],[77.5302221,23.100854],[77.5291332,23.1002379],[77.5289583,23.100139],[77.5282014,23.0997029],[77.5270351,23.099031],[77.5267613,23.0988767],[77.5249391,23.0978502]]},"properties":{"category":"line","name":"","reference_point":[77.55178690245256,23.105391998807537],"voltage":"132000","operator":null,"source":"OpenStreetMap","tier":"B","retrieved":"2026-09-05T20:06:07Z","source_url":"https://www.openstreetmap.org/way/194119518"}},{"type":"Feature","id":"osm-way-194119526","geometry":{"type":"Polygon","coordinates":[[[77.457202,23.2120339],[77.4577206,23.2121867],[77.4575741,23.2125789],[77.4571136,23.2124208],[77.457202,23.2120339]]]},"properties":{"category":"substation","name":"","reference_point":[77.45740587574417,23.212302376405745],"voltage":null,"operator":null,"source":"OpenStreetMap","tier":"B","retrieved":"2026-09-05T20:06:07Z","source_url":"https://www.openstreetmap.org/way/194119526"}},{"type":"Feature","id":"osm-way-194119532","geometry":{"type":"Polygon","coordinates":[[[77.5255352,23.09788],[77.5261659,23.0982296],[77.5263428,23.0979595],[77.5257121,23.09761],[77.5255352,23.09788]]]},"properties":{"category":"substation","name":"","reference_point":[77.52593901315527,23.097919784628342],"voltage":"132000","operator":null,"source":"OpenStreetMap","tier":"B","retrieved":"2026-09-05T20:06:07Z","source_url":"https://www.openstreetmap.org/way/194119532"}},{"type":"Feature","id":"osm-way-194119535","geometry":{"type":"LineString","coordinates":[[77.4395126,23.2548335],[77.4397905,23.2545248],[77.4401429,23.253968],[77.44225,23.253892],[77.4441156,23.254852],[77.4443132,23.2549537],[77.4448709,23.2569618],[77.4463986,23.2591024],[77.4465697,23.2617973],[77.4479286,23.2636788],[77.4488924,23.2666137],[77.4495917,23.2691158],[77.449779,23.2698808],[77.4499882,23.270613],[77.4503229,23.2721175],[77.4563624,23.2740575],[77.458834,23.2748613],[77.4618863,23.2741493],[77.4647133,23.2735156],[77.4665977,23.2730996],[77.4675235,23.2728857],[77.4707484,23.2721525],[77.4739822,23.2714326],[77.477162,23.2707024],[77.4791882,23.2682625],[77.480889,23.2661772],[77.4828957,23.2637133],[77.4850084,23.2611556],[77.4871305,23.2585517],[77.4893797,23.2558927],[77.4896857,23.2553816],[77.4900393,23.2550512],[77.4908939,23.2537486],[77.4923851,23.2515759],[77.4935929,23.2497663],[77.4954633,23.2470331],[77.4970691,23.2445987],[77.4972837,23.2414802],[77.4975223,23.238291],[77.4976908,23.2361392],[77.4979791,23.2322412],[77.4981486,23.2298675],[77.4983356,23.2272484],[77.4985323,23.2245558],[77.4987571,23.2214593],[77.4969934,23.2199975],[77.4971685,23.2173708],[77.4973022,23.2149288],[77.49744,23.2124702],[77.4984098,23.2120043],[77.4990434,23.2121081]]},"properties":{"category":"line","name":"","reference_point":[77.47662858368517,23.253250630166377],"voltage":"132000","operator":null,"source":"OpenStreetMap","tier":"B","retrieved":"2026-09-05T20:06:07Z","source_url":"https://www.openstreetmap.org/way/194119535"}},{"type":"Feature","id":"osm-way-194119536","geometry":{"type":"Polygon","coordinates":[[[77.4021809,23.2058183],[77.4029423,23.2066419],[77.4020165,23.2073235],[77.401288,23.2064606],[77.4021809,23.2058183]]]},"properties":{"category":"substation","name":"","reference_point":[77.40210889487003,23.206564866352295],"voltage":"132000","operator":null,"source":"OpenStreetMap","tier":"B","retrieved":"2026-09-05T20:06:07Z","source_url":"https://www.openstreetmap.org/way/194119536"}},{"type":"Feature","id":"osm-way-194119537","geometry":{"type":"LineString","coordinates":[[77.4569986,23.1938749],[77.4544536,23.1921258],[77.45349,23.1914516],[77.4511401,23.1905417],[77.4488232,23.1904435],[77.4480849,23.1904394],[77.4477116,23.1904374],[77.4465276,23.1902394],[77.4454243,23.190055],[77.4440547,23.1898469],[77.4430717,23.1896975],[77.4407855,23.1893658],[77.4382333,23.1881089],[77.4364215,23.1878931],[77.4361326,23.1878587],[77.4339541,23.187625],[77.4326311,23.186908],[77.4308688,23.1859619],[77.4307064,23.1860354],[77.4296371,23.1865197],[77.4279862,23.1886298],[77.4260974,23.1910323],[77.4243162,23.1914909],[77.4224992,23.1919586],[77.4220262,23.1926501],[77.4209319,23.1942501],[77.4201772,23.1959479],[77.4163562,23.1971318],[77.4141756,23.198682],[77.4123092,23.199737],[77.411744,23.2003115],[77.4118013,23.2013139],[77.4116848,23.2023322],[77.4115833,23.2042866],[77.4084809,23.2059288],[77.4053416,23.2058756],[77.4036776,23.2064288],[77.4029764,23.2066233],[77.4020848,23.2074109],[77.4017194,23.2073704],[77.4014736,23.2069708]]},"properties":{"category":"line","name":"","reference_point":[77.42773495614884,23.19447039832689],"voltage":"132000","operator":null,"source":"OpenStreetMap","tier":"B","retrieved":"2026-09-05T20:06:07Z","source_url":"https://www.openstreetmap.org/way/194119537"}},{"type":"Feature","id":"osm-way-194119540","geometry":{"type":"LineString","coordinates":[[77.5543207,23.1511014],[77.5546735,23.1510789],[77.5543359,23.1509885],[77.5540672,23.1509683],[77.5513003,23.1508859],[77.5485791,23.150833],[77.545218,23.1507526],[77.5421404,23.1507016],[77.5391267,23.1506004],[77.5360627,23.1505383],[77.5329364,23.150475],[77.5298731,23.151137],[77.5269324,23.1517545],[77.5240242,23.1524373],[77.520754,23.153138],[77.517891,23.1537912],[77.5146951,23.154477],[77.511635,23.155136],[77.5085265,23.1558248],[77.5052982,23.1565373],[77.5020507,23.1572527],[77.4991394,23.1572404],[77.4958564,23.1571923],[77.4926768,23.1571472],[77.4894391,23.1571141],[77.4861432,23.1570601],[77.4828506,23.1572616],[77.4795288,23.157463],[77.4763558,23.1573615],[77.4728756,23.1575601],[77.4708143,23.1563802],[77.4682456,23.1555806],[77.4667787,23.1551556],[77.463913,23.1543216],[77.4617478,23.1540941],[77.4589722,23.15385],[77.4561934,23.1536179],[77.4536342,23.1535224],[77.4511268,23.1533794],[77.4485613,23.1532631],[77.4458502,23.1531497],[77.4429292,23.1530097],[77.4407481,23.1529083],[77.437504,23.1527592],[77.4344604,23.1514693],[77.4317915,23.1502983],[77.4296971,23.1494384],[77.4294006,23.1492818],[77.4264831,23.1479651],[77.4235848,23.1466752],[77.4206995,23.1453853],[77.4177123,23.1449926],[77.4146545,23.1446161],[77.4123723,23.1456825],[77.4094403,23.1470604],[77.4065853,23.1483968],[77.4036982,23.1511139],[77.403544,23.1530313],[77.4033339,23.155456],[77.4031159,23.1578368],[77.4029218,23.1600981],[77.40437,23.1619155],[77.4058051,23.1637452],[77.4084309,23.1652897],[77.4084966,23.1653298],[77.4091185,23.1656739],[77.4094166,23.1658388],[77.4098089,23.1660559],[77.4104545,23.1664131],[77.4119033,23.1688486],[77.4127049,23.1707385],[77.4130769,23.1708722],[77.4128832,23.1715052],[77.4106153,23.1725492],[77.4082188,23.1736413],[77.4057939,23.1747314],[77.4046983,23.1756802],[77.4037068,23.1767817],[77.4019599,23.1785153],[77.3993234,23.1800723],[77.3979691,23.1810182],[77.3969474,23.1839131],[77.3954914,23.1862656],[77.3935862,23.189067],[77.3934194,23.1893093],[77.3921218,23.1903514],[77.3896968,23.1923132],[77.3879206,23.1937331],[77.3854718,23.1957128],[77.3842552,23.1972381],[77.3849254,23.1990259],[77.3880462,23.2009921],[77.3894009,23.2008046],[77.3919045,23.201788],[77.3938703,23.2025557],[77.3964851,23.2035929],[77.3992288,23.2057506],[77.4007252,23.2065152],[77.4014466,23.2067643]]},"properties":{"category":"line","name":"","reference_point":[77.45027327666048,23.162893506259202],"voltage":"132000","operator":null,"source":"OpenStreetMap","tier":"B","retrieved":"2026-09-05T20:06:07Z","source_url":"https://www.openstreetmap.org/way/194119540"}},{"type":"Feature","id":"osm-way-195174087","geometry":{"type":"LineString","coordinates":[[79.3974265,23.8243672],[79.3960516,23.825667],[79.3930155,23.8250498],[79.3897545,23.8243485],[79.3884307,23.8216458],[79.3872193,23.8193032],[79.3834983,23.8182792],[79.3797517,23.8172131],[79.3760088,23.8161675],[79.3723705,23.8151528],[79.3686117,23.8141013],[79.3641734,23.8128977],[79.3635084,23.8106988],[79.3597134,23.80973],[79.3572811,23.8090984],[79.3543029,23.8083247],[79.3513754,23.8075377],[79.3483792,23.8067772],[79.3446746,23.8057918],[79.3412194,23.8048989],[79.3376883,23.8039499],[79.3350716,23.8037284],[79.3338536,23.8037085],[79.3299503,23.8034704],[79.3260144,23.8032125],[79.3220966,23.8029413],[79.3182691,23.8027595],[79.3145103,23.8025048],[79.3107118,23.8022833],[79.3068156,23.8020518],[79.3028833,23.8017972],[79.2990342,23.8015756],[79.2952031,23.8013408],[79.2914371,23.8010829],[79.287553,23.8008474],[79.2836729,23.8006085],[79.2797198,23.8003505],[79.2758919,23.8001403],[79.272508,23.7989601],[79.2691449,23.7977942],[79.2658758,23.7966809],[79.2622203,23.7954242],[79.2585596,23.7941676],[79.2553479,23.7930781],[79.2518804,23.791874],[79.2483241,23.7906555],[79.2449193,23.7894895],[79.2413787,23.7882854],[79.2378955,23.7870812],[79.2342765,23.785834],[79.2308821,23.7846536],[79.227613,23.7835402],[79.2240881,23.7823217],[79.2204743,23.7810792],[79.2169337,23.7798749],[79.2134453,23.7786659],[79.209701,23.7773708],[79.2062805,23.7762],[79.202578,23.7749192],[79.1991523,23.7737388],[79.1955594,23.7725249],[79.1943165,23.7707853],[79.1905566,23.7689406],[79.1877732,23.7675307],[79.1845198,23.7658771],[79.1811149,23.7641947],[79.1777571,23.7624885],[79.1744776,23.7608587],[79.171151,23.7591906],[79.1677357,23.7574747],[79.1643309,23.7557971],[79.1610096,23.7541098],[79.1576518,23.7524226],[79.1542887,23.7507496],[79.1506332,23.750654],[79.147009,23.7505489],[79.1432073,23.7504198],[79.1396301,23.7503386],[79.1358058,23.7502274],[79.1324419,23.7497048],[79.1284886,23.7490615],[79.1247623,23.7484953],[79.1218486,23.7480362],[79.1181223,23.7474466],[79.1142386,23.7473125],[79.1104125,23.74719],[79.106614,23.7470683],[79.1028817,23.746952],[79.0994153,23.7468254],[79.0956817,23.7467081],[79.0918638,23.7465708],[79.0879692,23.7464434],[79.0840488,23.746296],[79.0801212,23.7461687],[79.0762558,23.7458571],[79.0724648,23.7455542],[79.0686274,23.7452476],[79.064866,23.744947],[79.0609616,23.7446351],[79.0570437,23.744322],[79.0531668,23.7440122],[79.0492337,23.743698],[79.045338,23.7433867],[79.0414215,23.7430737],[79.0375367,23.7427633],[79.0336276,23.742451],[79.0296959,23.7421368],[79.0272556,23.7419418],[79.023376,23.7416318],[79.0194988,23.741322],[79.0156208,23.7410121],[79.0122348,23.7396257],[79.0086701,23.7382749],[79.0051953,23.7368612],[79.0017469,23.7355492],[78.9982668,23.7341839],[78.9950141,23.7329154],[78.9914071,23.7314774],[78.9878318,23.7300927],[78.9843146,23.728737],[78.9811095,23.7274926],[78.9775289,23.7260836],[78.9747523,23.7250039],[78.9709707,23.7243551],[78.9673054,23.7237714],[78.9635845,23.7231787],[78.9598867,23.7225898],[78.9559819,23.7219679],[78.9521449,23.7213846],[78.9482817,23.7207649],[78.9443731,23.7201354],[78.9404223,23.7195101],[78.936757,23.7188951],[78.9328327,23.7183189],[78.92894,23.7176749],[78.9258989,23.7153264],[78.9229636,23.7130699],[78.9199965,23.7108036],[78.9169871,23.7084986],[78.9143902,23.706518],[78.9113861,23.704208],[78.9084984,23.7020094],[78.905526,23.6997236],[78.9027017,23.6975249],[78.9002159,23.6956168],[78.897233,23.6933067],[78.8945568,23.690919],[78.8917378,23.688415],[78.8889611,23.6858674],[78.8861263,23.6833537],[78.8833178,23.6808302],[78.8805517,23.678297],[78.8777063,23.6757783],[78.8750142,23.6733515],[78.8722587,23.6708957],[78.8696196,23.6685124],[78.866827,23.6660226],[78.8641297,23.6636296],[78.8604168,23.6625057],[78.8568944,23.6614835],[78.8531446,23.6603645],[78.8495587,23.6593084],[78.8460257,23.6582669],[78.8423287,23.6571721],[78.838563,23.6560724],[78.8352998,23.6551083],[78.8318144,23.654091],[78.8281016,23.6529719],[78.8247695,23.6519642],[78.8228444,23.651097],[78.819396,23.6500166],[78.8155986,23.6488684],[78.8124887,23.6479237],[78.8087441,23.6467561],[78.8050313,23.6456321],[78.8034341,23.6451524],[78.7996767,23.6451562],[78.7964928,23.6451465],[78.7924468,23.6450932],[78.789309,23.6450928],[78.7855088,23.645074],[78.7815649,23.6450646],[78.7776416,23.6450223],[78.7741132,23.6458069],[78.7702873,23.6465679],[78.7665794,23.6473478],[78.7628099,23.6481276],[78.7589687,23.6489263],[78.7551787,23.6497249],[78.7514195,23.6505094],[78.7476244,23.6512846],[78.7437831,23.6520691],[78.7403111,23.6527972],[78.7367827,23.6535536],[78.7337415,23.653314],[78.7298489,23.6530321],[78.7259666,23.6527268],[78.7220484,23.6524402],[78.7182174,23.6521583],[78.713971,23.6518248],[78.7105092,23.6515805],[78.7066064,23.6512846],[78.7028831,23.650998],[78.6990573,23.6507302],[78.6954622,23.65221],[78.6919748,23.6536804],[78.689631,23.6546434],[78.6863026,23.6560339],[78.6830306,23.6574009],[78.6793996,23.6567902],[78.6756097,23.6561748],[78.6718248,23.6555829],[78.6680194,23.6549535],[78.6648551,23.6544649],[78.6612121,23.6539101],[78.6576807,23.6533425],[78.6539628,23.6527297],[78.6503108,23.6521621],[78.64656,23.6515342],[78.6431492,23.6506653],[78.6393601,23.6497159],[78.6358615,23.6488168],[78.6320998,23.6478373],[78.6285958,23.6469733],[78.6250589,23.6460491],[78.6218784,23.6452152],[78.6172064,23.6440448],[78.6118435,23.6426634],[78.608485,23.64183],[78.6047068,23.6408755],[78.6018279,23.6384492],[78.5990971,23.6360229],[78.5963663,23.6336266],[78.5936355,23.6311851],[78.5908279,23.6287134],[78.5880258,23.6262014],[78.5852566,23.6237497],[78.5824599,23.6212477],[78.579614,23.6187457],[78.5768009,23.6162486],[78.5739988,23.6137565],[78.5712351,23.6112795],[78.5682465,23.6103047],[78.564907,23.6092546],[78.5614469,23.6081643],[78.5583103,23.6071643],[78.5550201,23.6061293],[78.5516971,23.6050741],[78.5483631,23.6040289],[78.5451936,23.603029],[78.5420679,23.603235],[78.5392,23.6034511],[78.5351915,23.6037425],[78.5321152,23.6025667],[78.5285674,23.6010693],[78.5251328,23.6026753],[78.5216237,23.6043452],[78.5181223,23.6060009],[78.5148459,23.6075422],[78.511581,23.6090736],[78.508227,23.6106511],[78.5047179,23.6122854],[78.5014957,23.6138166],[78.4983743,23.6131984],[78.4951134,23.6125767],[78.4920114,23.6119727],[78.4886496,23.6113154],[78.4848924,23.6105907],[78.4818292,23.6100044],[78.4784403,23.6093223],[78.4732677,23.6081676],[78.4696617,23.608395],[78.4659509,23.6085833],[78.4627055,23.6087218],[78.4590102,23.6088995],[78.4552879,23.6090878],[78.4515422,23.6092796],[78.4479284,23.6094395],[78.4453848,23.6078371],[78.441771,23.6065972],[78.4381494,23.6053429],[78.4344968,23.6041136],[78.4307667,23.6028203],[78.4271645,23.6016087],[78.4238493,23.6004859],[78.4208404,23.5994377],[78.4173041,23.5982545],[78.4137058,23.5970357],[78.4100726,23.5957849],[78.4064394,23.5945555],[78.4034926,23.5935641],[78.4004332,23.5921143],[78.3972576,23.590661],[78.3938299,23.5890584],[78.3904332,23.5875091],[78.3873778,23.5860735],[78.3838609,23.5844815],[78.3804487,23.5829143],[78.3771025,23.5818518],[78.3735313,23.5806897],[78.3698482,23.5795091],[78.366277,23.5783648],[78.3626012,23.5771743],[78.3590106,23.57603],[78.3554627,23.574907],[78.3517791,23.5737058],[78.3482499,23.5725566],[78.3446702,23.5713861],[78.3412289,23.570869],[78.3379057,23.5703661],[78.3342285,23.5698443],[78.3303462,23.5692755],[78.3266947,23.5687443],[78.3228381,23.5681332],[78.3191609,23.5675927],[78.3153914,23.5670051],[78.3137811,23.5684952],[78.3105347,23.5680439],[78.3066781,23.5674469],[78.3029189,23.5668922],[78.2990315,23.5663235],[78.2952004,23.5657171],[78.2913797,23.5651765],[78.287523,23.5645889],[78.2840305,23.5640341],[78.2801739,23.5634653],[78.2762608,23.562873],[78.2724349,23.5622666],[78.2685988,23.5625111],[78.2648396,23.5627226],[78.2611214,23.5629059],[78.2582238,23.5630564],[78.2543894,23.5633133],[78.2504567,23.5635114],[78.2465614,23.5637019],[78.2427825,23.5639191],[78.2399805,23.5658434],[78.2360146,23.5684955],[78.2328343,23.5706598],[78.2297081,23.5727707],[78.2267108,23.5747902],[78.2237467,23.5767486],[78.2206579,23.5788633],[78.2175966,23.5809156],[78.2144476,23.5830263],[78.2113591,23.5850815],[78.2078945,23.5859245],[78.2047053,23.5867983],[78.2010192,23.587709],[78.1974501,23.588653],[78.1939405,23.5895078],[78.1909323,23.5902825],[78.1871837,23.5912121],[78.1834175,23.5921685],[78.1796806,23.5930874],[78.1760485,23.5940063],[78.1724806,23.5948985],[78.1689419,23.5937232],[78.1652049,23.5924997],[78.1615321,23.5912869],[78.1579,23.5900848],[78.154099,23.5888667],[78.1504261,23.5876325],[78.1467241,23.5864357],[78.1430338,23.5852175],[78.1393493,23.5839994],[78.1357441,23.5828054],[78.1321377,23.581611],[78.12829,23.581253],[78.1248853,23.5809592],[78.1218197,23.5806833],[78.1187697,23.5804088],[78.1148753,23.5800562],[78.1113949,23.5796982],[78.1076754,23.5793776],[78.105874,23.5792173],[78.1035129,23.5789608],[78.1006096,23.5785708],[78.0970242,23.5780044],[78.0933572,23.5774541],[78.0897193,23.5769144],[78.0863263,23.5764175],[78.0824844,23.5758457],[78.0787241,23.5752847],[78.0754943,23.5748145],[78.071874,23.5742641],[78.0681428,23.5736977],[78.0642834,23.5731206],[78.0605698,23.572597],[78.0577248,23.570513],[78.0549556,23.5684825],[78.052268,23.5664733],[78.0491853,23.5642598],[78.0461015,23.562004],[78.0434712,23.5600696],[78.0406534,23.5580244],[78.038271,23.5562562],[78.0357072,23.5543772],[78.0326476,23.5520879],[78.029721,23.5499261],[78.0268609,23.5478475],[78.0234566,23.5462344],[78.0200281,23.5445991],[78.0166964,23.5430026],[78.0132618,23.5413729],[78.0103715,23.5399925],[78.0069733,23.5383849],[78.0036415,23.5368272],[78.0001888,23.5351751],[77.9967725,23.5335397],[77.9933742,23.5319209],[77.9900787,23.5303576],[77.9865172,23.5294983],[77.9832097,23.5286833],[77.9794426,23.5278351],[77.975875,23.5269646],[77.9724042,23.5261053],[77.9688246,23.5252792],[77.9650877,23.5243922],[77.9614899,23.5235495],[77.9578679,23.5226513],[77.9542157,23.5218086],[77.9506784,23.5209215],[77.9468024,23.5203116],[77.942987,23.5196685],[77.939111,23.5190309],[77.9352351,23.5183988],[77.9316796,23.5177889],[77.9278037,23.5171513],[77.924097,23.5165359],[77.920862,23.5147228],[77.9175847,23.5128653],[77.9144223,23.5110966],[77.9113929,23.5093833],[77.9086235,23.5078584],[77.9053704,23.5059898],[77.9021535,23.5042209],[77.8992632,23.5025519],[77.8959421,23.5007175],[77.8926466,23.498871],[77.8895386,23.4971187],[77.8862553,23.4952887],[77.882597,23.4941574],[77.8794406,23.4932424],[77.8756977,23.4921112],[77.8721483,23.4909577],[77.8690221,23.4900038],[77.865376,23.4889114],[77.8625884,23.4880795],[77.8588516,23.4869704],[77.8552417,23.4858834],[77.8518313,23.4848463],[77.8480945,23.4837261],[77.8445632,23.4826557],[77.8410621,23.4821399],[77.8375248,23.4815742],[77.8339573,23.4810751],[77.8302325,23.4805039],[77.8263445,23.4798993],[77.8226922,23.4793336],[77.818907,23.4787069],[77.8148859,23.4780913],[77.8112216,23.4775478],[77.8089118,23.4771374],[77.8051991,23.4765939],[77.8015771,23.4760625],[77.7976905,23.4754389],[77.7949583,23.4760899],[77.7910632,23.4755879],[77.7873262,23.4750702],[77.7835979,23.4746171],[77.7805382,23.4724873],[77.7776237,23.4704684],[77.7746487,23.4684439],[77.7716919,23.4664416],[77.7686081,23.4643006],[77.7655908,23.4622372],[77.7624888,23.4601183],[77.7593445,23.4579828],[77.7561337,23.4557584],[77.7531043,23.4536727],[77.7499661,23.4515204],[77.7460901,23.4512763],[77.7426435,23.4510544],[77.738961,23.4507715],[77.7351758,23.4505052],[77.7314087,23.4502279],[77.7275872,23.4499949],[77.7237173,23.4497175],[77.7199199,23.4494568],[77.7164915,23.4492515],[77.7128755,23.4489908],[77.7097857,23.4487745],[77.7063209,23.4485526],[77.7044948,23.4470492],[77.7007398,23.446672],[77.6968941,23.4462726],[77.6929939,23.4458565],[77.6892934,23.4454904],[77.685617,23.4464168],[77.682001,23.4473322],[77.6783307,23.4482586],[77.6747268,23.4491406],[77.6709114,23.4501169],[77.6676401,23.4509213],[77.6639153,23.4518976],[77.6600998,23.4528295],[77.6571128,23.4523802],[77.653781,23.4518088],[77.6499414,23.4511931],[77.6460533,23.450533],[77.6439128,23.4495012],[77.6405266,23.4478592],[77.6378479,23.4466165],[77.634902,23.4451917],[77.6316486,23.4435888],[77.6288179,23.4422184],[77.6258103,23.4407845],[77.6225062,23.4391987],[77.6189266,23.4374627],[77.6154373,23.4359149],[77.6134927,23.4332953],[77.6116159,23.4303803],[77.6096326,23.4273522],[77.6076849,23.424358],[77.6056609,23.4212625],[77.6038713,23.4185042],[77.6019297,23.4155044],[77.5999943,23.4125047],[77.5981976,23.4097905],[77.5961967,23.4067395],[77.5946295,23.4043181],[77.5929388,23.4017334],[77.5902179,23.399246],[77.5870737,23.3973128],[77.5842015,23.3947822],[77.5814926,23.3924291],[77.5788097,23.3900505],[77.5763373,23.3878818],[77.5738987,23.385717],[77.571279,23.3834129],[77.568554,23.3810431],[77.5657405,23.3785573],[77.5629186,23.3760714],[77.5601472,23.373659],[77.5570389,23.3731912],[77.5533578,23.3725919],[77.5497315,23.3720854],[77.5461894,23.3715828],[77.5428705,23.3710996],[77.5398422,23.3706975],[77.536418,23.3701717],[77.5328548,23.3696729],[77.5298266,23.3696884],[77.5262845,23.3697193],[77.522536,23.3697812],[77.5177724,23.3698082],[77.5137754,23.3698701],[77.5108735,23.3681148],[77.5080179,23.3664097],[77.5047201,23.3644108],[77.5023573,23.3646737],[77.4994048,23.363827],[77.497737,23.3607454],[77.4960607,23.3577179],[77.4943296,23.3545356],[77.4937211,23.3517272]]},"properties":{"category":"line","name":"","reference_point":[78.43275855316841,23.60509320717104],"voltage":"400000","operator":null,"source":"OpenStreetMap","tier":"B","retrieved":"2026-09-05T20:06:07Z","source_url":"https://www.openstreetmap.org/way/195174087"}},{"type":"Feature","id":"osm-way-316447847","geometry":{"type":"LineString","coordinates":[[75.9058714,22.9074879],[75.9080942,22.9071965],[75.91144,22.9070382],[75.9156236,22.9077456],[75.9193795,22.9083923],[75.9217681,22.9111736],[75.924134,22.913839],[75.9264656,22.9164903],[75.9288599,22.9191674],[75.9313035,22.9220363],[75.9337685,22.924826],[75.9361369,22.9275218],[75.938483,22.9302115],[75.9410071,22.9331495],[75.9433433,22.9358154],[75.9456848,22.9384663],[75.9478867,22.9410678],[75.9498899,22.943323],[75.9529672,22.9450441],[75.9558673,22.946691],[75.958966,22.9484268],[75.9618012,22.9500282],[75.9651523,22.9519025],[75.9683209,22.9537124],[75.9717419,22.9556164],[75.9750394,22.9574312],[75.9782939,22.9592708],[75.9815444,22.96105],[75.9838704,22.9637606],[75.9860825,22.9664126],[75.9883122,22.9691021],[75.9906749,22.9718301],[75.992916,22.974488],[75.9951534,22.9771214],[75.9974629,22.9797897],[75.9997724,22.9825192],[76.00211,22.9852553],[76.0044803,22.9880633],[76.0069266,22.9909377],[76.0097451,22.9931896],[76.0127801,22.9956408],[76.0159152,22.9981408],[76.0175144,22.9994416],[76.0205342,23.0018752],[76.0237743,23.0023787],[76.0277818,23.0029906],[76.0316259,23.0036059],[76.0352611,23.0041689],[76.0389723,23.0048367],[76.0424137,23.0053682],[76.0460755,23.005994],[76.0497069,23.0066094],[76.0520924,23.0072003],[76.0536232,23.0062248],[76.0577446,23.0068436],[76.0616001,23.0074031],[76.0654784,23.0079765],[76.0693453,23.0085079],[76.0730945,23.0090778],[76.077007,23.0096722],[76.0806232,23.0101232],[76.0843875,23.0107141],[76.0881796,23.0112836],[76.0911653,23.0137204],[76.0939686,23.0160209],[76.0968289,23.0183913],[76.0996512,23.0207022],[76.1026406,23.0231424],[76.1056719,23.0256105],[76.1094307,23.0259438],[76.1131647,23.0262514],[76.1154894,23.0263039],[76.117947,23.0257166],[76.1206288,23.0272932],[76.1221967,23.0282386],[76.1257803,23.0292368],[76.1292435,23.0301649],[76.1328842,23.0312156],[76.1366836,23.0323014],[76.1403814,23.0332586],[76.1440031,23.034286],[76.1477771,23.0354125],[76.1515449,23.036488],[76.1550966,23.0375337],[76.1581454,23.0392479],[76.1612748,23.0411049],[76.1641559,23.0427448],[76.1671363,23.0444761],[76.1699615,23.0460988],[76.1729544,23.0479157],[76.1759721,23.0469787],[76.179114,23.0460931],[76.1822,23.0452531],[76.1841435,23.0458131],[76.1877324,23.0468701],[76.1914579,23.04791],[76.1951524,23.0490184],[76.199058,23.0491898],[76.2029016,23.049447],[76.206714,23.0496983],[76.2111661,23.0499326],[76.2149475,23.0500926],[76.2187538,23.0503097],[76.2223613,23.0505897],[76.2260511,23.0507421],[76.2300092,23.0509203],[76.2335912,23.0511265],[76.2381533,23.0514027],[76.2417429,23.0515879],[76.2453553,23.0517662],[76.2491538,23.0519934],[76.252789,23.0521506],[76.2571573,23.0524058],[76.2610394,23.0525945],[76.2651152,23.0527868],[76.2689708,23.053014],[76.2727503,23.0531678],[76.2762829,23.05336],[76.2801799,23.0535868],[76.2842254,23.053807],[76.2872566,23.0553065],[76.2909108,23.0571973],[76.2941016,23.058868],[76.2969771,23.0603603],[76.2999399,23.0618352],[76.3030813,23.0634359],[76.3059834,23.0649038],[76.3096186,23.0667071],[76.3128245,23.0683636],[76.3161786,23.0700691],[76.3199126,23.0719702],[76.3232705,23.0736756],[76.3267001,23.0753825],[76.3303316,23.0773494],[76.3336407,23.0791038],[76.3369176,23.0808335],[76.340173,23.082583],[76.3434445,23.084362],[76.3462916,23.0858297],[76.3493912,23.0874951],[76.3524317,23.0891604],[76.3550693,23.0905194],[76.3577875,23.0920414],[76.3611056,23.0937946],[76.3658723,23.0963305],[76.3691331,23.0964788],[76.3726947,23.0966023],[76.3768364,23.0967407],[76.3806559,23.0968296],[76.3840563,23.0968642],[76.3863877,23.0938993],[76.3884989,23.0911025],[76.3906799,23.0884192],[76.3945155,23.0881128],[76.3985498,23.0877916],[76.4025626,23.0873864],[76.4065164,23.0869811],[76.4106743,23.0865562],[76.4143648,23.0861559],[76.4180123,23.0858297],[76.4218425,23.0854294],[76.4259037,23.0849896],[76.4296533,23.0845745],[76.4336876,23.0841001],[76.4377273,23.0836751],[76.4416757,23.0832254],[76.4458175,23.0827905],[76.4495295,23.0823952],[76.4533113,23.08198],[76.4569857,23.0815847],[76.4606709,23.0811943],[76.4642432,23.0810016],[76.468342,23.0808582],[76.4724144,23.0806784],[76.4759964,23.0816708],[76.4795632,23.0826562],[76.4830123,23.0836137],[76.485941,23.0844384],[76.4898117,23.0854727],[76.4934811,23.086493],[76.4971694,23.0874784],[76.5007553,23.0884394],[76.504493,23.0894632],[76.5082346,23.090508],[76.5119002,23.0914898],[76.5156645,23.0925171],[76.51903,23.0934291],[76.5226234,23.094659],[76.52627,23.0958855],[76.5297874,23.0969616],[76.5334112,23.0981461],[76.5368793,23.0992852],[76.540374,23.1004696],[76.5437433,23.1016086],[76.5473101,23.1028001],[76.5509567,23.1040404],[76.5545143,23.1052622],[76.5581564,23.1065321],[76.5617019,23.1077525],[76.5651668,23.10921],[76.5686317,23.1106824],[76.5720483,23.1121103],[76.5755293,23.1135332],[76.5790264,23.1150451],[76.5823892,23.1164976],[76.5859884,23.1179551],[76.5895823,23.1194817],[76.5930525,23.1209639],[76.5964154,23.1224658],[76.6000898,23.1239281],[76.6016799,23.1258104],[76.606058,23.1263637],[76.6095659,23.1268775],[76.6124613,23.1272282],[76.6160583,23.1277307],[76.6192331,23.1281754],[76.6225583,23.1286546],[76.6259158,23.1291239],[76.629558,23.1296179],[76.6331303,23.1301613],[76.6368477,23.1306108],[76.640882,23.131179],[76.6426816,23.1334613],[76.6476184,23.1342022],[76.6518139,23.1348593],[76.6556817,23.1354224],[76.6594313,23.1359707],[76.6633206,23.1365635],[76.6670971,23.1371217],[76.6712657,23.1377392],[76.6750583,23.1383765],[76.6788724,23.1390581],[76.6823534,23.1396806],[76.6860256,23.1403526],[76.6899654,23.1410736],[76.6935109,23.1417207],[76.6977354,23.1424035],[76.7004107,23.1428234],[76.7035371,23.1441274],[76.7069719,23.1455514],[76.7105423,23.1470287],[76.7143753,23.1485399],[76.7179614,23.1500413],[76.7215739,23.1515283],[76.725013,23.1529283],[76.7285152,23.1543718],[76.7319911,23.1557477],[76.7354565,23.1571525],[76.7389114,23.1586008],[76.7424399,23.1600346],[76.746089,23.161507],[76.7498695,23.1630035],[76.7532929,23.1645048],[76.7568633,23.1659192],[76.7604443,23.1673577],[76.7637994,23.1686948],[76.7674906,23.1702395],[76.7711503,23.1717359],[76.774642,23.1731502],[76.7784539,23.1746755],[76.7818931,23.1761815],[76.7855265,23.1776344],[76.7893595,23.1791549],[76.7930454,23.1806801],[76.7967313,23.1822054],[76.8003805,23.1837161],[76.804035,23.1851351],[76.8076159,23.1866024],[76.8112283,23.1880793],[76.8150088,23.1884799],[76.8186947,23.1888708],[76.8223702,23.1892666],[76.8262504,23.1897396],[76.8302513,23.1901161],[76.8342103,23.1905842],[76.8379645,23.1910379],[76.8418132,23.1914385],[76.8457775,23.1918391],[76.8495737,23.1922831],[76.8534579,23.1927302],[76.8573637,23.193109],[76.8611358,23.1928257],[76.8650045,23.1925167],[76.8689268,23.1922235],[76.8727151,23.1919086],[76.876325,23.1927233],[76.8800585,23.1935973],[76.883937,23.1945404],[76.8878962,23.1954835],[76.8916297,23.1963525],[76.8953954,23.1972166],[76.8991665,23.1981548],[76.9031363,23.1992015],[76.906295,23.2008704],[76.9098728,23.202801],[76.9134075,23.2046722],[76.9168402,23.2064744],[76.920348,23.2083604],[76.923872,23.2102514],[76.9274229,23.2122015],[76.9309522,23.214043],[76.9343312,23.2158598],[76.9378391,23.2177655],[76.9413362,23.2196662],[76.9446775,23.221399],[76.9489428,23.2215915],[76.9527838,23.221863],[76.9566516,23.2220111],[76.9604173,23.2223419],[76.9644785,23.2226529],[76.968545,23.2229985],[76.9725847,23.2233095],[76.9766728,23.2236254],[76.9807259,23.2239583],[76.9846797,23.2242864],[76.9887856,23.224629],[76.9927971,23.2249475],[76.9968559,23.22543],[77.0008568,23.2258932],[77.0049156,23.2263805],[77.0088115,23.2268871],[77.0131748,23.2274372],[77.0166455,23.227857],[77.02114,23.2283877],[77.0255033,23.2289426],[77.0291157,23.2294299],[77.0330274,23.2299993],[77.0368341,23.2304818],[77.0411712,23.2311331],[77.0425712,23.2328265],[77.0460996,23.2349928],[77.0493707,23.2370578],[77.0528414,23.2391951],[77.0562963,23.2413372],[77.0595622,23.2433056],[77.0627598,23.2452981],[77.0660677,23.2473819],[77.0692496,23.2493116],[77.0725733,23.2513619],[77.0756816,23.253253],[77.0784907,23.2557808],[77.0811475,23.2582362],[77.0839986,23.2608266],[77.0866344,23.2632144],[77.0893648,23.2657951],[77.0920478,23.2683323],[77.0946311,23.2708164],[77.0973405,23.2733584],[77.0999448,23.275799],[77.1025911,23.2782733],[77.1052952,23.2808248],[77.1077105,23.2830964],[77.1109921,23.2852812],[77.1141845,23.2873503],[77.1172088,23.2893083],[77.1202752,23.2913436],[77.1235831,23.2928482],[77.1271325,23.2944156],[77.1305297,23.2959299],[77.1342419,23.2976178],[77.137576,23.2990983],[77.1409207,23.3005739],[77.1443598,23.3021267],[77.1479618,23.3037519],[77.1506186,23.3039785],[77.1544673,23.3052034],[77.1580272,23.3063559],[77.1617657,23.3075518],[77.1655736,23.3087651],[77.1692333,23.3099465],[77.1727722,23.3110315],[77.1762324,23.3124347],[77.1797713,23.313833],[77.1832839,23.3152507],[77.1868754,23.3167261],[77.1905508,23.3181775],[77.1940477,23.3195662],[77.1976182,23.3209837],[77.2010941,23.3223917],[77.2047275,23.3238333],[77.2083303,23.3252746],[77.2106248,23.3278452],[77.2129787,23.3304771],[77.2149093,23.3326317],[77.217252,23.3352465],[77.2196839,23.3379669],[77.2219747,23.3405884],[77.2241541,23.3429371],[77.2267307,23.3458039],[77.2291761,23.34857],[77.2318679,23.3515867],[77.2335164,23.3532808],[77.2338616,23.3555202],[77.2373294,23.3571938],[77.2400879,23.3601183],[77.2446472,23.3605307],[77.2478179,23.3610624],[77.2516012,23.3619724],[77.2553511,23.3629029],[77.2588522,23.363772],[77.262513,23.3646548],[77.2661886,23.365575],[77.26979,23.3664612],[77.2732577,23.3672962],[77.2769296,23.3681755],[77.2802822,23.3690344],[77.2837425,23.3698796],[77.2873216,23.3707521],[77.29122,23.3716928],[77.294981,23.3725993],[77.2963733,23.3753326],[77.2999152,23.3763686],[77.3034164,23.3773569],[77.3071922,23.3784645],[77.3107231,23.3795244],[77.3144989,23.3806252],[77.3182488,23.38176],[77.3221472,23.3829289],[77.3257931,23.3839853],[77.3295319,23.3850826],[77.3331333,23.3861356],[77.3366747,23.3871904],[77.3405991,23.3874971],[77.3444529,23.387797],[77.3486483,23.3881378],[77.3521569,23.3883729],[77.3555206,23.3897905],[77.3589401,23.3910752],[77.3623781,23.3923871],[77.3657047,23.3937944],[77.3691167,23.3952358],[77.3725325,23.3966431],[77.3761264,23.3982242],[77.3787402,23.3975836],[77.3823787,23.3966568],[77.3859875,23.3957674],[77.3894416,23.3948927],[77.3930802,23.3940253],[77.3967294,23.3931289],[77.4003582,23.3921858],[77.4036699,23.3934943],[77.407223,23.3948642],[77.4106128,23.3961522],[77.4139654,23.3974811],[77.4173348,23.3988168],[77.4209064,23.4001832],[77.4243853,23.4015496],[77.4279361,23.4029446],[77.4315263,23.4043143],[77.4350757,23.4056806],[77.4383504,23.4071866],[77.4418441,23.4089209],[77.4452858,23.4105154],[77.4491517,23.4097529],[77.450678,23.4063691],[77.4510193,23.4053066]]},"properties":{"category":"line","name":"","reference_point":[76.67412107472498,23.16143259480433],"voltage":"765000","operator":null,"source":"OpenStreetMap","tier":"B","retrieved":"2026-09-05T20:06:07Z","source_url":"https://www.openstreetmap.org/way/316447847"}},{"type":"Feature","id":"osm-way-319423416","geometry":{"type":"LineString","coordinates":[[79.7653001,23.139417],[79.7650893,23.1403784],[79.7629004,23.1419656],[79.7593502,23.1410644],[79.7566113,23.1403233],[79.7537743,23.1387811],[79.7497014,23.136573],[79.7459715,23.1345451],[79.7428242,23.1328125],[79.7390453,23.1308396],[79.7353807,23.1294977],[79.7317597,23.1282007],[79.7281931,23.1269188],[79.7244251,23.1255968],[79.7213323,23.1249708],[79.7170687,23.1241045],[79.7133933,23.1233784],[79.7093258,23.1225221],[79.705329,23.1217409],[79.701708,23.1209897],[79.6975479,23.1201534],[79.6942809,23.1195225],[79.6909819,23.1188365],[79.6867266,23.1179385],[79.6816241,23.1169084],[79.6769275,23.1159825],[79.6727471,23.1159353],[79.6682764,23.1158849],[79.6646434,23.1158409],[79.661355,23.1157881],[79.6570471,23.1157308],[79.6531221,23.1156736],[79.6488708,23.1154816],[79.6449853,23.1153104],[79.6411234,23.1151268],[79.6360397,23.1147096],[79.6328514,23.1141991],[79.6295006,23.1140155],[79.6264003,23.1138007],[79.6227279,23.1135112],[79.6188559,23.1132466],[79.6152039,23.1130224],[79.6132611,23.1142302],[79.6091468,23.1140798],[79.6055473,23.1140402],[79.602953,23.113939],[79.6002534,23.1138729],[79.5969889,23.1138069],[79.593241,23.1137188],[79.5897372,23.1142251],[79.5854628,23.1148855],[79.5820165,23.1154137],[79.5767895,23.1144276],[79.5732096,23.1142126],[79.5714654,23.1152296],[79.5672838,23.1174888],[79.564602,23.1198334],[79.5631028,23.1212067],[79.5592872,23.1210175],[79.5557656,23.1199577],[79.5521859,23.1189027],[79.548291,23.1177564],[79.5444872,23.1166209],[79.5408479,23.115526],[79.5369731,23.1143348],[79.533452,23.1132834],[79.5293197,23.1121363],[79.525545,23.1110122],[79.5217412,23.1098842],[79.5177419,23.1087066],[79.51401,23.1075971],[79.5110376,23.1060026],[79.5082523,23.1044693],[79.504411,23.1023624],[79.5011393,23.1005881],[79.498408,23.0991235],[79.4960218,23.0978884],[79.4914822,23.0953799],[79.4878197,23.0934041],[79.4845861,23.0916627],[79.4810822,23.0897753],[79.4778133,23.088023],[79.4742329,23.086049],[79.4702116,23.0853134],[79.4662431,23.0845941],[79.4621983,23.0837937],[79.458271,23.0831014],[79.4541144,23.0823063],[79.4501636,23.08156],[79.4461834,23.0807811],[79.4421327,23.0800618],[79.4381584,23.0792776],[79.4341547,23.0785366],[79.430198,23.0777685],[79.426468,23.0770828],[79.4225786,23.0763677],[79.4185062,23.0755836],[79.4146083,23.0748426],[79.4104635,23.0740637],[79.4065421,23.0733011],[79.4024973,23.0726033],[79.3988816,23.0718839],[79.3947897,23.071078],[79.3907977,23.0702613],[79.3867646,23.069596],[79.3827492,23.0688279],[79.3787807,23.0680706],[79.3756883,23.067481],[79.3727867,23.0669785],[79.3694709,23.066562],[79.36562,23.0661346],[79.3617339,23.0656586],[79.3574656,23.0651935],[79.3536618,23.0647553],[79.3498933,23.0643118],[79.3462188,23.0638736],[79.342562,23.0634192],[79.3387287,23.0629757],[79.3348485,23.0624997],[79.331221,23.0621264],[79.3281462,23.0617153],[79.3247363,23.0613096],[79.3206033,23.0608065],[79.3169053,23.0603197],[79.313219,23.0598653],[79.3093976,23.0592324],[79.3054585,23.0587131],[79.3013372,23.058064],[79.2973688,23.0575501],[79.2942058,23.0570794],[79.2906607,23.0565439],[79.2867922,23.0561869],[79.2827356,23.0557811],[79.2791963,23.0555215],[79.2759393,23.0552294],[79.2727175,23.0550779],[79.2692958,23.0549535],[79.2657859,23.0549102],[79.2621056,23.0547533],[79.2581489,23.0546884],[79.2543098,23.0545478],[79.250506,23.0543584],[79.246467,23.0541961],[79.2423104,23.0540122],[79.2387124,23.0537742],[79.2341443,23.0535794],[79.2303228,23.053547],[79.2268894,23.0534929],[79.2233736,23.0534929],[79.2197991,23.0534496],[79.2162951,23.0534658],[79.2121092,23.0534334],[79.2080937,23.0534117],[79.2040665,23.0533847],[79.2001098,23.053363],[79.1962707,23.0533252],[79.1926903,23.053363],[79.1890158,23.0533252],[79.1853354,23.0533468],[79.1815787,23.0519944],[79.177816,23.0506149],[79.1741944,23.0493328],[79.1706199,23.0480182],[79.1669513,23.0466765],[79.1631181,23.0453295],[79.1595553,23.0439878],[79.1559984,23.0427381],[79.1523651,23.041418],[79.1487435,23.0401304],[79.1451139,23.0388354],[79.1414181,23.0375156],[79.1376476,23.0361383],[79.1339975,23.0347878],[79.1304767,23.0335325],[79.1269802,23.0322858],[79.1233038,23.0309973],[79.1198492,23.0297118],[79.1163696,23.0284301],[79.1126489,23.0271408],[79.1090571,23.0258361],[79.1057147,23.0246386],[79.1022227,23.0233569],[79.0982027,23.0219029],[79.0944446,23.0205102],[79.0903822,23.0200932],[79.086861,23.0213788],[79.0836641,23.022561],[79.0801679,23.0238619],[79.0766343,23.0251092],[79.0734208,23.0262876],[79.069962,23.0275578],[79.0661083,23.0289351],[79.062795,23.0301441],[79.0607455,23.0330173],[79.0586212,23.0361161],[79.0547675,23.0373863],[79.0508555,23.0387061],[79.0492592,23.0412348],[79.0474466,23.0440925],[79.0456549,23.046931],[79.0437052,23.0500371],[79.0417637,23.0531471],[79.0382135,23.0543711],[79.0347131,23.0555684],[79.0313333,23.0567657],[79.027966,23.0579438],[79.0243243,23.0591869],[79.0220171,23.0596612],[79.0186622,23.0612257],[79.0149997,23.0629163],[79.0114371,23.0645159],[79.0078951,23.0661063],[79.0042804,23.0677151],[79.0008257,23.0693062],[78.997421,23.0708781],[78.9940121,23.0724386],[78.9906365,23.0739761],[78.9874396,23.0754715],[78.9846709,23.0767528],[78.9814532,23.0782711],[78.9783353,23.0796709],[78.9752091,23.0806537],[78.9715965,23.0817208],[78.9679922,23.0827878],[78.9642424,23.0839657],[78.9605217,23.0850441],[78.9568883,23.0861226],[78.9533589,23.0871589],[78.9496922,23.0882756],[78.9460796,23.0893311],[78.9426666,23.0903713],[78.9391288,23.0914],[78.93567,23.0924669],[78.9318869,23.0924134],[78.9279958,23.0923522],[78.9241047,23.0923101],[78.9203133,23.0922451],[78.9163806,23.0921916],[78.9124354,23.0921457],[78.9084445,23.0920615],[78.9044952,23.092073],[78.9007038,23.0920233],[78.8968709,23.0920195],[78.8932292,23.092008],[78.8892715,23.0920042],[78.8856007,23.0919506],[78.8817844,23.0919774],[78.877555,23.0919436],[78.8735308,23.091955],[78.8681038,23.0919389],[78.8664337,23.0925175],[78.8606671,23.0925145],[78.8564725,23.0925565],[78.8525772,23.0925603],[78.8486134,23.092568],[78.8445518,23.0925909],[78.8406981,23.0926292],[78.837152,23.0926445],[78.8338803,23.0926139],[78.8292034,23.0926368],[78.824564,23.0926598],[78.8211717,23.0926406],[78.8171933,23.0926827],[78.812928,23.0926789],[78.8092198,23.092721],[78.8052267,23.0926817],[78.8010612,23.0927047],[78.7947173,23.0927009],[78.7896248,23.0927238],[78.7859207,23.0927582],[78.7819672,23.0928615],[78.7784461,23.0928844],[78.7744178,23.0929265],[78.770194,23.093003],[78.7665232,23.0930641],[78.7625864,23.0931024],[78.7586744,23.0931483],[78.754987,23.0931865],[78.7513328,23.0932668],[78.7472089,23.0932095],[78.7436961,23.0931368],[78.7401874,23.0930756],[78.7368575,23.093045],[78.7332282,23.093003],[78.7295034,23.0929112],[78.7258742,23.0928653],[78.7221244,23.0928079],[78.718491,23.0927773],[78.7141675,23.0928118],[78.7102639,23.0927965],[78.7063686,23.0927773],[78.7060607,23.0927799],[78.7023527,23.0928118],[78.69842,23.0928003],[78.6943067,23.0928306],[78.6902077,23.0928306],[78.6862625,23.0928153],[78.6823173,23.0928383],[78.6783763,23.0928535],[78.6743978,23.0928268],[78.6707063,23.0934883],[78.6666696,23.0942302],[78.662712,23.0948918],[78.6588125,23.0955533],[78.6548964,23.0962569],[78.6507101,23.0969644],[78.6467317,23.0976565],[78.6426618,23.0983563],[78.6387582,23.0990255],[78.6350375,23.09971],[78.631218,23.1003479],[78.6300291,23.1022751],[78.6263209,23.1025428],[78.6225212,23.1027569],[78.6188895,23.1030175],[78.6150191,23.103266],[78.6111114,23.1035146],[78.6071703,23.1037746],[78.6033291,23.104027],[78.5997955,23.1043099],[78.5960124,23.104547],[78.5922917,23.1047841],[78.5885128,23.1048758],[78.5843141,23.1049982],[78.5803481,23.1051206],[78.5764112,23.1052161],[78.5721958,23.1053653],[78.5682756,23.1054723],[78.5643637,23.1056138],[78.5605723,23.1057171],[78.5565856,23.1058471],[78.5530021,23.1059503],[78.5490698,23.106067],[78.545145,23.1061835],[78.5410293,23.1063518],[78.5373176,23.1064802],[78.5333844,23.1066857],[78.5293299,23.1068534],[78.5256716,23.1069949],[78.5222003,23.1071517],[78.5183217,23.1073123],[78.5144181,23.1074767],[78.5104479,23.1076449],[78.506561,23.1077979],[78.5028611,23.1078552],[78.4990614,23.1085664],[78.4953573,23.1092241],[78.4915119,23.10992],[78.487758,23.1105815],[78.4840747,23.1112315],[78.4801711,23.1119083],[78.4764296,23.1125774],[78.4726798,23.1132235],[78.468851,23.1139309],[78.4652509,23.114535],[78.4614346,23.1152232],[78.4575601,23.1159573],[78.4535941,23.1166761],[78.450109,23.1172673],[78.4460227,23.1180263],[78.4421565,23.1187489],[78.43844,23.119395],[78.4351849,23.119957],[78.4314101,23.1207179],[78.4272114,23.1214022],[78.4235406,23.1220866],[78.4197617,23.1227251],[78.4160077,23.12344],[78.412212,23.1241156],[78.4083925,23.1247955],[78.4047958,23.1254357],[78.4010668,23.1261201],[78.3971507,23.1268121],[78.3932221,23.127504],[78.3897758,23.1281234],[78.3860011,23.1288192],[78.3822388,23.1294844],[78.3784558,23.1301802],[78.3746478,23.1308492],[78.3710074,23.1315038],[78.367139,23.1322282],[78.3634998,23.1328392],[78.3596548,23.1335258],[78.3558568,23.1342016],[78.3521706,23.1348828],[78.3484608,23.1354991],[78.3448334,23.1361317],[78.3411707,23.1368075],[78.337508,23.13744],[78.334151,23.1380725],[78.3310937,23.1400802],[78.3283717,23.1418677],[78.3251206,23.1439544],[78.3218341,23.1460681],[78.3184183,23.1483548],[78.3153611,23.1503171],[78.3122511,23.1523821],[78.3091234,23.1544254],[78.3060427,23.1563876],[78.3030443,23.1583823],[78.3000577,23.160366],[78.2969064,23.1623984],[78.2944254,23.1640578],[78.2932966,23.1677928],[78.2921678,23.1711979],[78.2909979,23.1748462],[78.2898926,23.1784403],[78.2888285,23.1817533],[78.287735,23.1852391],[78.2865768,23.188887],[78.2854303,23.1925672],[78.2842016,23.1962311],[78.2831786,23.1996301],[78.2821439,23.2029264],[78.2810151,23.2064603],[78.2798569,23.210086],[78.2787339,23.2136035],[78.2775346,23.217121],[78.2763235,23.2207572],[78.2751829,23.2243177],[78.2740516,23.2278983],[78.272836,23.2315992],[78.2717013,23.2350946],[78.2705719,23.2385362],[78.268223,23.2410039],[78.2656258,23.2437877],[78.2630932,23.2464772],[78.2607061,23.2489515],[78.2577074,23.2521601],[78.2554919,23.2545998],[78.2538128,23.2564332],[78.2498101,23.2607644],[78.2479477,23.2627844],[78.2469949,23.2637884],[78.2436567,23.2676662],[78.2411713,23.2704972],[78.239852,23.272003],[78.2388026,23.2731415],[78.2364172,23.2756939],[78.2352711,23.2769089],[78.233582,23.2787665],[78.2316697,23.2807894],[78.2271022,23.2858357],[78.22497,23.2880544],[78.2218616,23.2914082],[78.2198394,23.2935808],[78.2179837,23.2955637],[78.2161147,23.2975527],[78.2138126,23.2999792],[78.2097214,23.3037917],[78.2069862,23.3062762],[78.2043409,23.3087943],[78.2019722,23.3110401],[78.1996568,23.3132736],[78.1970948,23.3156814],[78.1936633,23.3168165],[78.1905883,23.3178384],[78.18736,23.3189153],[78.1834354,23.3202186],[78.1799506,23.3213628],[78.1764191,23.3225407],[78.1728577,23.3237185],[78.1696094,23.324826],[78.1661779,23.3256183],[78.1630463,23.3263342],[78.1599013,23.3270684],[78.1562199,23.3279189],[78.1527384,23.3298125],[78.1494768,23.3316113],[78.1459221,23.3335477],[78.142847,23.335221],[78.1393356,23.3371482],[78.1358774,23.3381393],[78.1323193,23.3390968],[78.1280682,23.3402622],[78.1245268,23.34129],[78.1217416,23.3420884],[78.1171374,23.3434221],[78.1137658,23.344404],[78.1093315,23.345808],[78.1068762,23.3464839],[78.1031881,23.3475698],[78.1002045,23.3484841],[78.0979106,23.3488665],[78.0940563,23.3494709],[78.090376,23.350124],[78.0864898,23.3507988],[78.0825038,23.3515004],[78.0787352,23.352132],[78.0749843,23.3528121],[78.0711805,23.353395],[78.0672826,23.3540589],[78.0632319,23.3547606],[78.0596397,23.3553975],[78.0561063,23.3559912],[78.0524554,23.3566551],[78.0487045,23.3572542],[78.0447066,23.3579288],[78.0408087,23.3586251],[78.0370755,23.3592944],[78.0333128,23.3598773],[78.0293973,23.3605519],[78.0255405,23.3612266],[78.0216368,23.3619174],[78.0175566,23.3625975],[78.0137234,23.3632343],[78.0097645,23.3638519],[78.0060959,23.3645643],[78.00191,23.3652929],[77.9980709,23.3659297],[77.9940907,23.3665666],[77.990281,23.3672682],[77.9866594,23.3678835],[77.9827557,23.3685365],[77.9792223,23.3691625],[77.9754596,23.3697832],[77.9716029,23.3704955],[77.9679637,23.3710784],[77.9642128,23.3716936],[77.9600444,23.3724222],[77.956417,23.373059],[77.9525367,23.3737498],[77.9493091,23.3742841],[77.9461343,23.3748183],[77.9424951,23.3754659],[77.9384914,23.3761405],[77.9347229,23.3767935],[77.9308955,23.3774573],[77.9276385,23.3790816],[77.9244579,23.3805387],[77.9210715,23.382163],[77.9177262,23.3837765],[77.9144986,23.3852766],[77.9111709,23.3868523],[77.907761,23.3884712],[77.9043041,23.3900954],[77.9013116,23.3915199],[77.8977723,23.3932197],[77.8945035,23.3947251],[77.8912817,23.3963061],[77.8877601,23.397995],[77.8846853,23.3993547],[77.8812401,23.4008978],[77.8778243,23.4024409],[77.8744497,23.4039085],[77.8709751,23.4054516],[77.8676886,23.4068706],[77.8646256,23.4082626],[77.8612274,23.4097733],[77.8577529,23.4113163],[77.8543488,23.4128323],[77.8510388,23.4143106],[77.8476407,23.4157996],[77.8443072,23.4173156],[77.8405445,23.4161449],[77.8367113,23.4148879],[77.8329487,23.4136955],[77.8291566,23.4124816],[77.8254468,23.4113217],[77.8217547,23.4100862],[77.8181802,23.408964],[77.8146468,23.4078148],[77.8112075,23.4067249],[77.8076388,23.4055811],[77.8039467,23.4043941],[77.8001664,23.4031532],[77.796439,23.4037305],[77.7926646,23.404324],[77.788996,23.4049121],[77.7852921,23.405484],[77.7812355,23.4061314],[77.7773082,23.4066872],[77.7742276,23.4071404],[77.7700552,23.4077962],[77.7663512,23.4083799],[77.7627469,23.4089179],[77.7590636,23.4095054],[77.7553679,23.4100662],[77.7516472,23.4106346],[77.7495561,23.410875],[77.7457938,23.4114052],[77.7421106,23.4118745],[77.7389386,23.413843],[77.7358831,23.4157657],[77.7323869,23.4179439],[77.7291152,23.4199695],[77.7259391,23.4219265],[77.7225967,23.4240474],[77.7196742,23.425825],[77.7164399,23.4278238],[77.713322,23.4299141],[77.7100835,23.4320502],[77.7073938,23.4338734],[77.7043742,23.4358573],[77.7013187,23.4378374],[77.6982357,23.4399589],[77.6951636,23.4419894],[77.6915906,23.4443381],[77.6901923,23.4462574],[77.6875772,23.4475959],[77.6863109,23.4481389],[77.6818956,23.4494445],[77.6785098,23.4505203],[77.6744688,23.4517628],[77.6699253,23.4525128],[77.6662693,23.4531512],[77.6622049,23.4537807],[77.6582842,23.4533191],[77.6544878,23.4528875],[77.6507905,23.4524432],[77.6468981,23.4520089],[77.6440298,23.4500997],[77.6397961,23.4484885],[77.6365314,23.4473117],[77.6331912,23.4461194],[77.6296541,23.4447779],[77.6259384,23.4434456],[77.6218113,23.4421403],[77.6182367,23.4409428],[77.614721,23.4398262],[77.6113993,23.4387636],[77.6080717,23.4376848],[77.6047676,23.4365736],[77.6012342,23.4354678],[77.5974833,23.4342218],[77.5954608,23.4357429],[77.5918922,23.4350093],[77.5887762,23.4342056],[77.5848078,23.4332508],[77.581435,23.4316873],[77.5779471,23.430009],[77.5749082,23.4285709],[77.5707343,23.4274266],[77.5688636,23.4289981],[77.5649766,23.4298144],[77.5614372,23.4305398],[77.5580508,23.4312842],[77.5543881,23.4320718],[77.5505269,23.4328823],[77.5474697,23.4334594],[77.5449123,23.4347972],[77.5408615,23.4352827],[77.537969,23.4356441],[77.5339947,23.4361026],[77.530085,23.4366097],[77.5263224,23.4370628],[77.5223716,23.4360918],[77.5183796,23.4349806],[77.5148404,23.4340528],[77.5107073,23.432974],[77.506974,23.4320677],[77.5032231,23.4310698],[77.499237,23.4300502],[77.4953039,23.4289983],[77.4926641,23.4272775],[77.4866027,23.4250657],[77.4830458,23.4228755],[77.4798828,23.4208093],[77.4756969,23.4181604],[77.4731213,23.4165165],[77.4700843,23.4145745],[77.467218,23.4127415],[77.4642181,23.4108336],[77.4606431,23.4085725],[77.4588462,23.4076594],[77.4550257,23.4063237],[77.4512684,23.405046]]},"properties":{"category":"line","name":"","reference_point":[78.59179322131327,23.199157345604426],"voltage":"765000","operator":null,"source":"OpenStreetMap","tier":"B","retrieved":"2026-09-05T20:06:07Z","source_url":"https://www.openstreetmap.org/way/319423416"}},{"type":"Feature","id":"osm-way-360424761","geometry":{"type":"Polygon","coordinates":[[[77.4437297,23.4044129],[77.4478243,23.4052926],[77.451537,23.406095],[77.4514127,23.4022754],[77.4513941,23.4012123],[77.4478057,23.4000981],[77.4439742,23.3989038],[77.442968,23.3985921],[77.4429457,23.3981798],[77.4410229,23.3975797],[77.4409468,23.3993532],[77.4428904,23.3992391],[77.4439987,23.4001165],[77.4439059,23.4017946],[77.4437704,23.4038203],[77.4437297,23.4044129]]]},"properties":{"category":"substation","name":"Bhopal","reference_point":[77.44712734884543,23.40232050467063],"voltage":"765000;400000","operator":null,"source":"OpenStreetMap","tier":"B","retrieved":"2026-09-05T20:06:07Z","source_url":"https://www.openstreetmap.org/way/360424761"}},{"type":"Feature","id":"osm-way-360424763","geometry":{"type":"LineString","coordinates":[[77.2637219,23.7117375],[77.2643678,23.7097857],[77.265578,23.7070767],[77.2668723,23.7041609],[77.2668986,23.7012546],[77.2669406,23.6983723],[77.2669406,23.6953025],[77.2669904,23.6922037],[77.2670219,23.6897371],[77.2670298,23.6876407],[77.2648639,23.6852847],[77.2630393,23.6832772],[77.2611701,23.6812336],[77.2592274,23.6791058],[77.2573838,23.6770909],[77.2555697,23.6750496],[77.2539476,23.6732947],[77.2535141,23.6728256],[77.2513561,23.6704524],[77.2495263,23.6684038],[77.2492401,23.6657564],[77.2489487,23.6632316],[77.2486704,23.6611324],[77.248337,23.6581242],[77.2479642,23.6554021],[77.2476124,23.6524611],[77.2472895,23.6493613],[77.2469403,23.6462422],[77.2465833,23.6431759],[77.2462315,23.6400759],[77.2458981,23.6369229],[77.2455437,23.6338708],[77.2451735,23.6308043],[77.2449451,23.6287743],[77.2445933,23.6260107],[77.2442573,23.6230955],[77.2439238,23.6201706],[77.243572,23.6172697],[77.2432386,23.6143879],[77.2442756,23.6116481],[77.2453021,23.6088985],[77.2463155,23.6061682],[77.2472921,23.6036206],[77.2482399,23.6010609],[77.2492453,23.598429],[77.2501563,23.5959872],[77.2511356,23.5934009],[77.2534511,23.5917673],[77.2557377,23.590076],[77.2582134,23.5883533],[77.2602454,23.5869145],[77.2625924,23.5852688],[77.2651364,23.5834956],[77.2676803,23.581667],[77.2704185,23.5797758],[77.2724032,23.5783827],[77.2747319,23.5767465],[77.2773126,23.5749707],[77.2800012,23.573066],[77.2824296,23.5713648],[77.2848842,23.569666],[77.2876802,23.5677289],[77.290295,23.5658808],[77.2930043,23.5640014],[77.2940991,23.5614867],[77.2952043,23.558996],[77.2963096,23.5564187],[77.29747,23.5537955],[77.298507,23.551413],[77.2996149,23.5489028],[77.2999745,23.5483974],[77.3003158,23.5479955],[77.3006177,23.5476393],[77.3027574,23.5450457],[77.303021,23.5446849],[77.3033403,23.5442101],[77.303647,23.5437352],[77.305679,23.5412995],[77.3074616,23.5391478],[77.3091917,23.5370707],[77.3110935,23.5347989],[77.3130888,23.5324136],[77.3150788,23.5300042],[77.317095,23.5275972],[77.3190377,23.5252334],[77.3192215,23.5223786],[77.3193764,23.5192011],[77.319547,23.5161727],[77.3197282,23.5131107],[77.3198883,23.5100581],[77.320059,23.507044],[77.3202401,23.5041286],[77.320395,23.5011481],[77.3205709,23.4981001],[77.3207521,23.4949557],[77.320907,23.4918016],[77.3210778,23.4887538],[77.3212563,23.4856213],[77.3214033,23.4825585],[77.3215687,23.4797292],[77.321742,23.4766783],[77.3218995,23.4736201],[77.3224088,23.4704583],[77.3223668,23.4679899],[77.3222907,23.4655721],[77.3238501,23.4630435],[77.3253544,23.4605943],[77.3258585,23.4574611],[77.3263546,23.4542892],[77.3267957,23.451416],[77.3271764,23.4489714],[77.3274835,23.4463412],[77.3277513,23.443634],[77.3280191,23.4410423],[77.3283105,23.438388],[77.3301692,23.4361479],[77.3318625,23.434045],[77.3336661,23.4319157],[77.335433,23.4297573],[77.3372943,23.4275075],[77.3391137,23.4252527],[77.3409278,23.4230582],[77.3426815,23.4209093],[77.3421827,23.4177848],[77.3419753,23.4156817],[77.3417705,23.4134315],[77.3414896,23.4107405],[77.3412874,23.4085192],[77.3409881,23.4054426],[77.3408175,23.4028092],[77.3406186,23.399837],[77.3404611,23.3969819],[77.3402695,23.3938857],[77.3400594,23.3907147],[77.3399141,23.388267],[77.3398844,23.3877082],[77.3398492,23.3871459],[77.3397916,23.3866092],[77.3396078,23.383687],[77.3390528,23.3810016],[77.3383362,23.3774744],[77.3369699,23.3744515],[77.3361309,23.372635],[77.3351897,23.370568],[77.3351303,23.3701062],[77.3350504,23.3696563],[77.3349688,23.3691059],[77.3358246,23.3665429],[77.3366209,23.3641111],[77.3375083,23.3614389],[77.3383864,23.3588553],[77.3392533,23.3561694],[77.3401778,23.3535091],[77.3394723,23.3509509],[77.3388207,23.3485392],[77.3381209,23.3459963],[77.3373876,23.3433511],[77.3367156,23.3408046],[77.3360547,23.3383877],[77.3359916,23.3377775],[77.3359396,23.3373207],[77.335884,23.3368622]]},"properties":{"category":"line","name":"","reference_point":[77.29749027769152,23.528299206768544],"voltage":"132000","operator":null,"source":"OpenStreetMap","tier":"B","retrieved":"2026-09-05T20:06:07Z","source_url":"https://www.openstreetmap.org/way/360424763"}},{"type":"Feature","id":"osm-way-360424768","geometry":{"type":"LineString","coordinates":[[77.4840903,23.3447631],[77.4831398,23.3429598],[77.4798652,23.3425473],[77.4764012,23.3432461],[77.4744186,23.3445858],[77.4739623,23.3476155],[77.4722741,23.3496707],[77.4694388,23.3515652],[77.4666783,23.3534002],[77.4639011,23.3552272],[77.4617291,23.3576336],[77.4596017,23.359982],[77.4571662,23.3625042],[77.4570214,23.365708],[77.4568209,23.3688266],[77.4566427,23.3719007],[77.4564682,23.3747226],[77.456264,23.3779841],[77.456108,23.3807854],[77.4559113,23.3838695],[77.4556142,23.3857438],[77.4538458,23.3885011],[77.452254,23.3910797],[77.4506341,23.3936699],[77.449017,23.3962625],[77.4473944,23.3988395],[77.4461767,23.4017119]]},"properties":{"category":"line","name":"","reference_point":[77.46166068462368,23.367685071714213],"voltage":"400000","operator":null,"source":"OpenStreetMap","tier":"B","retrieved":"2026-09-05T20:06:07Z","source_url":"https://www.openstreetmap.org/way/360424768"}},{"type":"Feature","id":"osm-way-360424778","geometry":{"type":"LineString","coordinates":[[77.4567603,23.2387721],[77.4547483,23.2400962],[77.4547253,23.2427877],[77.4547096,23.2444486],[77.4546584,23.2472226],[77.4546124,23.2499676],[77.4544108,23.2507317]]},"properties":{"category":"line","name":"","reference_point":[77.45487571359946,23.24432201247784],"voltage":"132000","operator":null,"source":"OpenStreetMap","tier":"B","retrieved":"2026-09-05T20:06:07Z","source_url":"https://www.openstreetmap.org/way/360424778"}},{"type":"Feature","id":"osm-way-360424779","geometry":{"type":"Polygon","coordinates":[[[77.4510024,23.2446159],[77.4516377,23.244628],[77.451639,23.2443952],[77.4515891,23.2443891],[77.4515957,23.2436377],[77.4515261,23.2435967],[77.4510102,23.2435859],[77.4510024,23.2446159]]]},"properties":{"category":"substation","name":"","reference_point":[77.4513043172823,23.244115481212738],"voltage":null,"operator":null,"source":"OpenStreetMap","tier":"B","retrieved":"2026-09-05T20:06:07Z","source_url":"https://www.openstreetmap.org/way/360424779"}},{"type":"Feature","id":"osm-way-360424780","geometry":{"type":"Polygon","coordinates":[[[77.4570949,23.2382054],[77.4570686,23.239075],[77.4576002,23.2389098],[77.4580741,23.2388217],[77.4583406,23.2387264],[77.4582959,23.2384442],[77.4581542,23.2384092],[77.4581397,23.2382271],[77.4570949,23.2382054]]]},"properties":{"category":"substation","name":"","reference_point":[77.45762473559223,23.238577621842403],"voltage":null,"operator":null,"source":"OpenStreetMap","tier":"B","retrieved":"2026-09-05T20:06:07Z","source_url":"https://www.openstreetmap.org/way/360424780"}},{"type":"Feature","id":"osm-way-360424781","geometry":{"type":"LineString","coordinates":[[77.335884,23.3368622],[77.3346532,23.3356946],[77.3336043,23.3334241],[77.3324515,23.3309423],[77.3313098,23.3285592],[77.3301013,23.3259699],[77.3293402,23.3238033],[77.3298322,23.3212258],[77.3302666,23.320757]]},"properties":{"category":"line","name":"","reference_point":[77.33182512499664,23.329022527523644],"voltage":"132000","operator":null,"source":"OpenStreetMap","tier":"B","retrieved":"2026-09-05T20:06:07Z","source_url":"https://www.openstreetmap.org/way/360424781"}},{"type":"Feature","id":"osm-way-375514477","geometry":{"type":"Polygon","coordinates":[[[77.4339414,23.2323881],[77.4344062,23.2328169],[77.4345446,23.2329012],[77.434675,23.2328612],[77.4347522,23.2327977],[77.4348021,23.2327045],[77.4347812,23.2326601],[77.4341795,23.2321798],[77.4339414,23.2323881]]]},"properties":{"category":"substation","name":"","reference_point":[77.43438308462744,23.232557668816483],"voltage":null,"operator":null,"source":"OpenStreetMap","tier":"B","retrieved":"2026-09-05T20:06:07Z","source_url":"https://www.openstreetmap.org/way/375514477"}},{"type":"Feature","id":"osm-way-589708376","geometry":{"type":"Polygon","coordinates":[[[77.5246002,23.1070979],[77.5248405,23.1067236],[77.5257573,23.1072998],[77.5256572,23.1074677],[77.5252011,23.10722],[77.5251038,23.1073715],[77.5246002,23.1070979]]]},"properties":{"category":"substation","name":"","reference_point":[77.52512302706755,23.10711418881551],"voltage":"132000","operator":null,"source":"OpenStreetMap","tier":"B","retrieved":"2026-09-05T20:06:07Z","source_url":"https://www.openstreetmap.org/way/589708376"}},{"type":"Feature","id":"osm-way-589708377","geometry":{"type":"LineString","coordinates":[[77.5587346,23.0761302],[77.5587264,23.0767658],[77.5588927,23.0773382],[77.5617278,23.0770989],[77.5646809,23.0768176],[77.5669822,23.0766054],[77.5695035,23.0763882],[77.5720113,23.0761785],[77.5729689,23.0764104],[77.572926,23.0773753],[77.5711289,23.0786535],[77.5696403,23.0798477],[77.567803,23.0813455],[77.5653541,23.0833318],[77.5634873,23.0848543],[77.561253,23.0866505],[77.5595391,23.0880421],[77.5580317,23.0892635],[77.5560361,23.0912472],[77.5541398,23.0930928],[77.5520906,23.0951184],[77.5499636,23.0972106],[77.5479332,23.0992164],[77.5459295,23.1010372],[77.5436121,23.1031564],[77.5422737,23.1043653],[77.5404471,23.1060478],[77.5386447,23.1077106],[77.5370058,23.1092179],[77.535257,23.1108264],[77.532725,23.1109497],[77.5301072,23.1111002],[77.5289512,23.1101356],[77.5271755,23.1073257],[77.5263548,23.1070297],[77.5255582,23.1073405]]},"properties":{"category":"line","name":"","reference_point":[77.55276134039569,23.092599249903497],"voltage":"132000","operator":null,"source":"OpenStreetMap","tier":"B","retrieved":"2026-09-05T20:06:07Z","source_url":"https://www.openstreetmap.org/way/589708377"}},{"type":"Feature","id":"osm-way-666636903","geometry":{"type":"Polygon","coordinates":[[[77.4854172,23.3445653],[77.4853304,23.3445929],[77.4847269,23.3444131],[77.4847537,23.3440634],[77.4841583,23.3440659],[77.4828199,23.3442531],[77.4829701,23.3448466],[77.4807492,23.3454351],[77.4804729,23.34561],[77.4831051,23.3488209],[77.4832123,23.3489517],[77.4843085,23.3502889],[77.4871623,23.348932],[77.4870175,23.3483188],[77.4868029,23.3483213],[77.4867067,23.3482594],[77.4865132,23.3472483],[77.4866938,23.3471918],[77.4860019,23.3442551],[77.485466,23.3445216],[77.4854172,23.3445653]]]},"properties":{"category":"substation","name":"Bhopal","reference_point":[77.48422240148885,23.346922924126503],"voltage":"400000;220000","operator":null,"source":"OpenStreetMap","tier":"B","retrieved":"2026-09-05T20:06:07Z","source_url":"https://www.openstreetmap.org/way/666636903"}},{"type":"Feature","id":"osm-way-840908717","geometry":{"type":"Polygon","coordinates":[[[77.2946489,23.2168585],[77.2974252,23.2160287],[77.2983361,23.2186026],[77.2955598,23.2194324],[77.2946489,23.2168585]]]},"properties":{"category":"substation","name":"Mugaliyachhap","reference_point":[77.29649250000001,23.21773055],"voltage":"220000;132000","operator":null,"source":"OpenStreetMap","tier":"B","retrieved":"2026-09-05T20:06:07Z","source_url":"https://www.openstreetmap.org/way/840908717"}},{"type":"Feature","id":"osm-way-840908718","geometry":{"type":"Polygon","coordinates":[[[77.2403669,23.1169714],[77.241873,23.1166606],[77.241818,23.1164472],[77.2424792,23.1162992],[77.2418717,23.115553],[77.2410925,23.1155579],[77.2404206,23.1156763],[77.2401001,23.1157849],[77.2403669,23.1169714]]]},"properties":{"category":"substation","name":"","reference_point":[77.2411519248927,23.116186813861994],"voltage":"132000","operator":null,"source":"OpenStreetMap","tier":"B","retrieved":"2026-09-05T20:06:07Z","source_url":"https://www.openstreetmap.org/way/840908718"}},{"type":"Feature","id":"osm-way-840908719","geometry":{"type":"LineString","coordinates":[[77.1101274,23.276144],[77.1132364,23.2769428],[77.1162577,23.2777549],[77.1190306,23.2784462],[77.1214345,23.2790738],[77.1243207,23.2798557],[77.1272214,23.2806142],[77.130166,23.2813558],[77.1319854,23.2831612],[77.1342541,23.2854499],[77.1365009,23.2876445],[77.1387769,23.2899163],[77.1411004,23.2921277],[77.1433838,23.2943726],[77.1449401,23.2971375],[77.1464781,23.2998218],[77.1480126,23.3025665],[77.1495323,23.3053011],[77.1510923,23.3080423],[77.1525938,23.3106694],[77.1541794,23.313481],[77.1557028,23.316212],[77.1571532,23.3187751],[77.1587022,23.3215161],[77.1602366,23.3242268],[77.1614824,23.3264812],[77.1630095,23.3291985],[77.1661441,23.3306644],[77.1687854,23.3319493],[77.1717081,23.3333179],[77.1747659,23.3347503],[77.1776192,23.3361189],[77.1806624,23.3375312],[77.1834682,23.3388528],[77.186431,23.3402617],[77.1893939,23.341637],[77.1921887,23.3429485],[77.1952648,23.3442466],[77.1983007,23.3455413],[77.2013586,23.3467958],[77.2034044,23.3476713],[77.2065682,23.3489693],[77.2097028,23.3502909],[77.2113505,23.3515554],[77.2133781,23.3531922],[77.2156901,23.3549733],[77.2172323,23.3561781],[77.2181106,23.3568753],[77.2202212,23.356235],[77.2230318,23.3553978],[77.2260104,23.3544942],[77.2292756,23.353529],[77.2314766,23.352853],[77.2346541,23.3520277],[77.238309,23.3510727],[77.24106,23.3503751],[77.2432154,23.3498351],[77.2463171,23.3504355],[77.2490023,23.3510124],[77.2518483,23.3516295],[77.2544495,23.3514652],[77.2575365,23.351274],[77.2600171,23.3509084],[77.2629252,23.3504724],[77.2661547,23.3499759],[77.2688984,23.3495802],[77.2713717,23.3492246],[77.2744003,23.3487752],[77.2775428,23.3482985],[77.2806225,23.347873],[77.2836986,23.3474479],[77.2859863,23.3482676],[77.2893544,23.3494742],[77.2924389,23.3505723],[77.2952454,23.3515829],[77.2979232,23.3525573],[77.3010593,23.3536969],[77.3043153,23.3516245],[77.3048663,23.3485415],[77.3053034,23.3457755],[77.3069823,23.3432626],[77.3084378,23.3410507],[77.3101175,23.3385149],[77.3134063,23.3383738],[77.3169784,23.3382448],[77.3207473,23.3381158],[77.3243685,23.337961],[77.3272101,23.3378513],[77.3298584,23.3377384],[77.3329985,23.3376094],[77.3361456,23.3374869],[77.3393946,23.3373385],[77.3427349,23.3372031],[77.3461841,23.3370676],[77.3496543,23.3369032],[77.3526153,23.3367774],[77.355664,23.3366323],[77.3587514,23.3364904],[77.3617913,23.3363589],[77.3643099,23.3362738],[77.3674772,23.3365097],[77.3709688,23.3368036],[77.3744393,23.3370975],[77.377754,23.3373721],[77.3809844,23.3376544],[77.3836968,23.3378748],[77.386763,23.3381301],[77.389852,23.3383919],[77.3924286,23.3388726],[77.3956254,23.3394798],[77.398401,23.3400173],[77.3990928,23.340146],[77.4003664,23.340383],[77.4016019,23.3406128],[77.404567,23.3411542],[77.4079659,23.3412702],[77.4115249,23.3414249],[77.4145995,23.3415255],[77.4180489,23.3416724],[77.4211025,23.3418],[77.4235201,23.3418967],[77.426919,23.3420127],[77.4297156,23.342121],[77.4328997,23.342295],[77.4359069,23.3424729],[77.4389099,23.3426469],[77.4423215,23.3428364],[77.4457372,23.3430143],[77.4487571,23.3431883],[77.4521307,23.3433662],[77.4549484,23.343517],[77.4587222,23.3446887],[77.4621043,23.3457483],[77.4651915,23.3466454],[77.4683377,23.3473337],[77.4716524,23.3480568],[77.4746722,23.3487258],[77.4779155,23.3494539],[77.4802325,23.3499215],[77.482493,23.3515292],[77.4838689,23.3513871],[77.4843777,23.3505168],[77.4846581,23.3500227],[77.4842054,23.3491094]]},"properties":{"category":"line","name":"","reference_point":[77.2879311535388,23.335280241977863],"voltage":"220000","operator":null,"source":"OpenStreetMap","tier":"B","retrieved":"2026-09-05T20:06:07Z","source_url":"https://www.openstreetmap.org/way/840908719"}},{"type":"Feature","id":"osm-way-840908720","geometry":{"type":"LineString","coordinates":[[77.2449669,23.1922679],[77.2425717,23.1908872],[77.2398171,23.1893142],[77.237851,23.1881653],[77.2361237,23.1871643],[77.2336185,23.185722],[77.2314298,23.1844645],[77.2295549,23.184287],[77.2270954,23.1840725],[77.2236648,23.1847826],[77.220245,23.1854655],[77.2166696,23.1853916],[77.2137701,23.1852708],[77.210471,23.185214],[77.207357,23.1851351],[77.2038433,23.1854557],[77.2003269,23.1857441],[77.1973175,23.1862323],[77.1943402,23.1867304],[77.1916366,23.1871692],[77.1894988,23.1886436],[77.1869561,23.1903276],[77.1846226,23.1919351],[77.182509,23.1933502],[77.180095,23.195007],[77.1774262,23.1967845],[77.1751866,23.1983057],[77.1734244,23.2003396],[77.1721449,23.2018064],[77.1702781,23.2039709],[77.168237,23.2063449],[77.1663541,23.208566],[77.1656084,23.2096384],[77.164396,23.2115562],[77.1632695,23.2127296],[77.1608958,23.2143787],[77.1589565,23.2157148],[77.1568885,23.2171593],[77.1549439,23.2185495],[77.1544155,23.2206817],[77.1537799,23.2232156],[77.1531093,23.225927],[77.1526855,23.2277238],[77.1506175,23.2303957],[77.1480775,23.230827],[77.1463689,23.2311228],[77.1433032,23.2316453],[77.1408972,23.2300087],[77.1393308,23.2289316],[77.1371421,23.2274552],[77.134932,23.2266171],[77.1330544,23.2259073],[77.1296588,23.2255326],[77.1267351,23.2252122],[77.1241227,23.2248868],[77.1208343,23.2245171],[77.1176586,23.2241671],[77.1142441,23.223753],[77.1116209,23.2241597],[77.1086276,23.2245763],[77.1059078,23.224983],[77.1032175,23.2253625],[77.1006158,23.2257618],[77.0979229,23.2261538],[77.0952192,23.2265383],[77.0925719,23.2264421],[77.0898333,23.226277],[77.0866173,23.2261217],[77.0852105,23.2268279]]},"properties":{"category":"line","name":"","reference_point":[77.16547921366111,23.2078672758875],"voltage":"132000","operator":null,"source":"OpenStreetMap","tier":"B","retrieved":"2026-09-05T20:06:07Z","source_url":"https://www.openstreetmap.org/way/840908720"}},{"type":"Feature","id":"osm-way-840908721","geometry":{"type":"LineString","coordinates":[[77.2423518,23.1158836],[77.243422,23.1154987],[77.2455838,23.1138459],[77.2475848,23.1123016],[77.2498861,23.1120377],[77.2508115,23.1130713],[77.2497386,23.1160217],[77.2487971,23.1184441],[77.2500899,23.1209282],[77.2512192,23.1231162],[77.2518468,23.1243792],[77.251026,23.1274255],[77.2502455,23.130346],[77.250157,23.1331628],[77.2500578,23.1359598],[77.2499827,23.1387297],[77.2498915,23.1417634],[77.2498217,23.1449376],[77.2497117,23.1479095],[77.2496366,23.1505952],[77.2485745,23.153382],[77.2476464,23.155747],[77.2465816,23.1585855],[77.2456107,23.1610245],[77.2466862,23.1629652],[77.2479361,23.1652684],[77.2493443,23.1678404],[77.250841,23.1705233],[77.2521794,23.1730014],[77.2536814,23.1757828],[77.2550118,23.1781721],[77.2563529,23.1806526],[77.2574767,23.1826104],[77.2557145,23.1851179],[77.2537377,23.1877486],[77.2518656,23.1901944],[77.2486389,23.1903991],[77.2453961,23.1905667],[77.244806,23.1908552],[77.2446182,23.1917822],[77.2449669,23.1922679]]},"properties":{"category":"line","name":"","reference_point":[77.25007465563603,23.152048659645313],"voltage":"132000","operator":null,"source":"OpenStreetMap","tier":"B","retrieved":"2026-09-05T20:06:07Z","source_url":"https://www.openstreetmap.org/way/840908721"}},{"type":"Feature","id":"osm-way-840908722","geometry":{"type":"LineString","coordinates":[[77.1101274,23.276144],[77.1105319,23.2757542],[77.1113124,23.2755152],[77.1144721,23.2746085],[77.1176746,23.2737165],[77.1207565,23.2728319],[77.1239215,23.2719104],[77.127108,23.2710086],[77.130273,23.2701191],[77.132746,23.2686456],[77.1353289,23.2671228],[77.137877,23.2656493],[77.1408328,23.2639318],[77.143499,23.2623547],[77.1462885,23.2606988],[77.1490109,23.2591168],[77.1516502,23.257584],[77.1530825,23.2553736],[77.154716,23.2528748],[77.1561134,23.2507406],[77.1575671,23.248466],[77.1589136,23.2464107],[77.1604747,23.2440152],[77.1610084,23.2410725],[77.1614832,23.2384626],[77.1636853,23.2371292],[77.1665257,23.235362],[77.1689612,23.2339251],[77.1713322,23.2324512],[77.1735531,23.2311055],[77.1735263,23.2290598],[77.1714717,23.2266196],[77.1693635,23.2241745],[77.1675181,23.2219265],[77.1657613,23.2198634],[77.1659946,23.2179407],[77.1662816,23.2152021],[77.1675691,23.2142284],[77.1682021,23.2120295],[77.1687117,23.2102793],[77.169157,23.2088175],[77.1707717,23.2078413],[77.1735477,23.2061723],[77.1753636,23.205031],[77.1782872,23.2032584],[77.1811143,23.2015352],[77.183893,23.1998416],[77.1867871,23.1981405],[77.189523,23.1971001],[77.1927229,23.1959315],[77.1958798,23.194795],[77.1988302,23.1937102],[77.2020623,23.1925218],[77.2048116,23.1913483],[77.2078022,23.1901229],[77.2104415,23.1890036],[77.2134751,23.1877437],[77.2164524,23.1864666],[77.2199017,23.1863038],[77.2233832,23.1860992],[77.2268406,23.1858822],[77.2292867,23.1868413],[77.2317731,23.1878842],[77.2344366,23.1889765],[77.2367808,23.1898887],[77.2394094,23.191045],[77.2417617,23.1919474],[77.2440657,23.1939937],[77.2462732,23.1959907],[77.2480381,23.1975685],[77.2501785,23.1995433],[77.2524369,23.2015475],[77.2541481,23.2030711],[77.2568464,23.2044911],[77.2599095,23.2060022],[77.2625488,23.2073113],[77.2649118,23.2085537],[77.2680125,23.2097468],[77.2711292,23.211004],[77.2738489,23.2121059],[77.2769576,23.213341],[77.2799858,23.214571],[77.282373,23.2155274],[77.2845617,23.2166786],[77.2867879,23.2177953],[77.2891724,23.2190499],[77.2925198,23.2196366],[77.2958779,23.2201887],[77.2969991,23.2197155],[77.2971117,23.2187245]]},"properties":{"category":"line","name":"","reference_point":[77.19773342859914,23.22098391502921],"voltage":"220000","operator":null,"source":"OpenStreetMap","tier":"B","retrieved":"2026-09-05T20:06:07Z","source_url":"https://www.openstreetmap.org/way/840908722"}},{"type":"Feature","id":"osm-way-840908723","geometry":{"type":"LineString","coordinates":[[77.294341,23.2157197],[77.2926968,23.2146031],[77.2908756,23.2133064],[77.2890544,23.2120073],[77.287716,23.2110903],[77.2851786,23.2103385],[77.2826573,23.209594],[77.2805437,23.2089629],[77.2783738,23.2083072],[77.275925,23.2075627],[77.2740608,23.2070426],[77.2719553,23.206409],[77.2698256,23.2061033],[77.2671837,23.2057607],[77.2649521,23.2054624],[77.2633052,23.2052109],[77.2613901,23.2049619],[77.2590727,23.2046661],[77.2568518,23.2027531],[77.2556984,23.2017448],[77.2539014,23.2001768],[77.2522411,23.1987075],[77.2504601,23.1971543],[77.2486415,23.1955099],[77.2466728,23.1937891],[77.2449669,23.1922679]]},"properties":{"category":"line","name":"","reference_point":[77.26885214043786,23.20525056161067],"voltage":"132000","operator":null,"source":"OpenStreetMap","tier":"B","retrieved":"2026-09-05T20:06:07Z","source_url":"https://www.openstreetmap.org/way/840908723"}},{"type":"Feature","id":"osm-way-840908724","geometry":{"type":"LineString","coordinates":[[77.2948506,23.216654],[77.294341,23.2157197]]},"properties":{"category":"line","name":"","reference_point":[77.2945958,23.21618685],"voltage":"132000","operator":null,"source":"OpenStreetMap","tier":"B","retrieved":"2026-09-05T20:06:07Z","source_url":"https://www.openstreetmap.org/way/840908724"}},{"type":"Feature","id":"osm-way-840908725","geometry":{"type":"LineString","coordinates":[[77.2950223,23.2165899],[77.294341,23.2157197]]},"properties":{"category":"line","name":"","reference_point":[77.29468165,23.216154799999998],"voltage":"132000","operator":null,"source":"OpenStreetMap","tier":"B","retrieved":"2026-09-05T20:06:07Z","source_url":"https://www.openstreetmap.org/way/840908725"}},{"type":"Feature","id":"osm-way-840908726","geometry":{"type":"LineString","coordinates":[[77.295261,23.2165036],[77.2947246,23.2147978]]},"properties":{"category":"line","name":"","reference_point":[77.29499279999999,23.215650699999998],"voltage":"132000","operator":null,"source":"OpenStreetMap","tier":"B","retrieved":"2026-09-05T20:06:07Z","source_url":"https://www.openstreetmap.org/way/840908726"}},{"type":"Feature","id":"osm-way-840908727","geometry":{"type":"LineString","coordinates":[[77.2954783,23.2164642],[77.2947246,23.2147978]]},"properties":{"category":"line","name":"","reference_point":[77.29510145,23.215631000000002],"voltage":"132000","operator":null,"source":"OpenStreetMap","tier":"B","retrieved":"2026-09-05T20:06:07Z","source_url":"https://www.openstreetmap.org/way/840908727"}},{"type":"Feature","id":"osm-way-840908728","geometry":{"type":"LineString","coordinates":[[77.401734,23.2070771],[77.3993227,23.2068626],[77.398679,23.2060195],[77.3969462,23.2052158],[77.3943901,23.2048855],[77.3904392,23.2030859],[77.389318,23.2018631],[77.387934,23.201481],[77.3841414,23.1990773],[77.3837256,23.1969201],[77.3854503,23.1953423],[77.3875934,23.1933971],[77.389766,23.1917452],[77.3915362,23.1903867],[77.3931053,23.189223],[77.3936418,23.1863581],[77.394264,23.1846667],[77.3948085,23.1825315],[77.3943606,23.1815304],[77.3933789,23.1793951],[77.3943579,23.1768604],[77.3940495,23.1763302],[77.3944518,23.1753193],[77.3956937,23.1750209],[77.3993415,23.1763154],[77.3997465,23.1761823],[77.3998779,23.1751565],[77.4001837,23.1727573],[77.4006182,23.1696232],[77.3993227,23.1676407],[77.3979977,23.165266],[77.3972332,23.1631674],[77.3959351,23.1607113],[77.3946691,23.1582181],[77.3934165,23.1558038],[77.3921639,23.1534165],[77.3904741,23.1519245],[77.3881942,23.1499367],[77.385866,23.1478774],[77.3835915,23.1459118],[77.3816094,23.1441631],[77.3795119,23.1423035],[77.3779508,23.1409421],[77.3765239,23.1396891],[77.3751211,23.138446],[77.3735413,23.1370451],[77.3715538,23.1346304],[77.369644,23.1322428],[77.3676458,23.1298255],[77.3656127,23.1272676],[77.3636198,23.1247985],[77.3618844,23.1226599],[77.3603931,23.1224058],[77.35733,23.1220037],[77.3551279,23.1216806],[77.3522016,23.1211749],[77.3488033,23.1205952],[77.3455095,23.1200155],[77.34364,23.1202252],[77.3422641,23.1215646],[77.3409659,23.1228177],[77.3392412,23.1244754],[77.3373395,23.1262933],[77.3359179,23.1276598],[77.3345205,23.1295049],[77.3331794,23.1312611],[77.3317069,23.1331825],[77.3295477,23.1347981],[77.3265704,23.134845],[77.3246312,23.1348696],[77.3221743,23.134914],[77.3197335,23.1349412],[77.3176897,23.134951],[77.3154527,23.134988],[77.3132908,23.1350472],[77.3096108,23.1366381],[77.3070654,23.1377332],[77.3044047,23.13889],[77.302275,23.1398198],[77.3001507,23.1409075],[77.2984582,23.1429028],[77.297506,23.1455887],[77.2952691,23.1467996],[77.2937429,23.1486814],[77.2922569,23.1504744],[77.2908139,23.1522599],[77.289328,23.154075],[77.2878474,23.155858],[77.285707,23.1574363],[77.2839394,23.1587853],[77.2817641,23.1603537],[77.2794735,23.1620676],[77.2774887,23.1635127],[77.277486,23.1658751],[77.2774565,23.1687133],[77.2774163,23.1714233],[77.2774002,23.1739631],[77.2781405,23.175847],[77.2788754,23.1777826],[77.2797954,23.1801274],[77.280761,23.1826153],[77.2817346,23.1851524],[77.2827136,23.1877092],[77.282711,23.1904607],[77.28277,23.1925859],[77.2828183,23.1954212],[77.2828639,23.1981035],[77.282888,23.200808],[77.2836658,23.2030464],[77.2851196,23.2052676],[77.286061,23.2063572],[77.2866619,23.2081889],[77.2877294,23.2100131],[77.2900388,23.2115612],[77.2923562,23.2132029],[77.2947246,23.2147978]]},"properties":{"category":"line","name":"","reference_point":[77.34113551194154,23.161380706320315],"voltage":"132000","operator":null,"source":"OpenStreetMap","tier":"B","retrieved":"2026-09-05T20:06:07Z","source_url":"https://www.openstreetmap.org/way/840908728"}},{"type":"Feature","id":"osm-way-840908729","geometry":{"type":"LineString","coordinates":[[77.5794249,23.1107492],[77.5775252,23.1138281],[77.5761972,23.1159738],[77.57463,23.1185295],[77.5730628,23.1210525],[77.5714084,23.1236884],[77.5699738,23.1259647],[77.5684131,23.1284787],[77.5672692,23.1303151],[77.5654468,23.1332569],[77.5640399,23.1354751],[77.5628997,23.1373346],[77.5619492,23.1388683],[77.5604595,23.1412698],[77.558911,23.1437549],[77.5574264,23.1461375],[77.5559572,23.1484952],[77.5543207,23.1511014]]},"properties":{"category":"line","name":"","reference_point":[77.5668876468866,23.130934514691823],"voltage":"132000","operator":null,"source":"OpenStreetMap","tier":"B","retrieved":"2026-09-05T20:06:07Z","source_url":"https://www.openstreetmap.org/way/840908729"}},{"type":"Feature","id":"osm-way-840908730","geometry":{"type":"LineString","coordinates":[[77.5584611,23.0761328],[77.5584914,23.0768746],[77.5591492,23.0785538],[77.5632634,23.0795583],[77.5660654,23.07941],[77.568976,23.0792618],[77.5721562,23.0790681],[77.5746622,23.0789411],[77.5771419,23.0787958],[77.5804438,23.0786022],[77.5830518,23.0784419],[77.5862518,23.0782906],[77.5898266,23.0780818],[77.5926319,23.0779124],[77.5949472,23.0778216],[77.5973086,23.0776582],[77.5987786,23.0781151],[77.5990516,23.0789138],[77.5973894,23.0816075],[77.595891,23.0840355],[77.5945787,23.0862027],[77.5930001,23.0887379],[77.591405,23.0913155],[77.5902079,23.0932577],[77.5888464,23.0954782],[77.5873303,23.0979467],[77.5857319,23.1005422],[77.5847256,23.1021939],[77.5834712,23.1042049],[77.5823008,23.1061109],[77.5794249,23.1107492]]},"properties":{"category":"line","name":"","reference_point":[77.58329107765671,23.08610480928419],"voltage":"132000","operator":null,"source":"OpenStreetMap","tier":"B","retrieved":"2026-09-05T20:06:07Z","source_url":"https://www.openstreetmap.org/way/840908730"}},{"type":"Feature","id":"osm-way-840908979","geometry":{"type":"LineString","coordinates":[[77.4994566,23.2120297],[77.4981355,23.2092506],[77.4977466,23.2066569],[77.4955513,23.204511],[77.4936899,23.2027971],[77.4916976,23.2009643],[77.489476,23.1988272],[77.4872977,23.1967553],[77.4868396,23.1938739],[77.4863745,23.1909711],[77.4850688,23.1902398],[77.4826409,23.1910628],[77.480155,23.1919007],[77.4770295,23.1929653],[77.4735413,23.1936087],[77.4708697,23.1941124],[77.4682342,23.1942253],[77.4657595,23.1943368],[77.4651571,23.1943619],[77.4634363,23.1944337],[77.4602353,23.1941862],[77.4569986,23.1938749]]},"properties":{"category":"line","name":"","reference_point":[77.48145031409331,23.197077543488696],"voltage":"132000","operator":null,"source":"OpenStreetMap","tier":"B","retrieved":"2026-09-05T20:06:07Z","source_url":"https://www.openstreetmap.org/way/840908979"}},{"type":"Feature","id":"osm-way-1028081521","geometry":{"type":"LineString","coordinates":[[77.4967075,23.3685527],[77.4981907,23.370931],[77.4998375,23.3735909],[77.5013243,23.3760034],[77.5028574,23.3784699],[77.5044663,23.3810562],[77.5060331,23.3836077],[77.5076209,23.3861592],[77.5090613,23.3884864],[77.5104807,23.3907749],[77.5120539,23.3933302],[77.5135132,23.3956836],[77.5149808,23.3980558],[77.5162876,23.4001366],[77.5176933,23.402399],[77.5205112,23.4038082],[77.5228815,23.4050226],[77.5262495,23.4067061],[77.5284838,23.4078562],[77.5309284,23.4090365],[77.5337275,23.410493],[77.5364771,23.4118586],[77.5393463,23.4132887],[77.5418279,23.4145522],[77.5444498,23.4158535],[77.547323,23.4173061],[77.5499449,23.4186377],[77.5527811,23.4200638],[77.5552627,23.4213121],[77.558033,23.4227003],[77.5606053,23.4239789],[77.5630004,23.4251742],[77.5655192,23.426464],[77.5679843,23.4276933],[77.5703918,23.4289],[77.5727416,23.4301179],[77.5755365,23.4314569],[77.578315,23.4328526],[77.5804298,23.4339495],[77.5832041,23.4353187],[77.5859496,23.4367068],[77.5886621,23.438076],[77.5915107,23.4394754],[77.5943221,23.4409277],[77.5970017,23.4422893],[77.5996606,23.4435828],[77.602369,23.4449595],[77.605098,23.4463285],[77.6079053,23.4477354],[77.6104571,23.4490251],[77.6132232,23.4503979],[77.6160058,23.4517783],[77.6187471,23.4531813],[77.6216081,23.4545882],[77.6243165,23.4559874],[77.627132,23.4573791],[77.6299064,23.4587632],[77.6330147,23.4585703],[77.6361188,23.4583207],[77.6390828,23.4580976],[77.6424095,23.4579123],[77.6453653,23.4576854],[77.6487497,23.4574623],[77.6515364,23.4572581],[77.6545664,23.4570879],[77.6572336,23.4568761],[77.6599626,23.4566605],[77.660651,23.4560101],[77.6626833,23.4540209],[77.6656226,23.4541646],[77.667927,23.4543083],[77.6710888,23.4545125],[77.6740116,23.4546789],[77.6771446,23.4548718],[77.6801333,23.4550344],[77.6833982,23.4552084],[77.6858222,23.4553369],[77.6893138,23.4555639],[77.6922407,23.4557265],[77.6957571,23.4559193],[77.6976946,23.4560063],[77.7004236,23.4572732],[77.702953,23.4583995],[77.7057827,23.4596594],[77.7086065,23.4609678],[77.7114097,23.462246],[77.7142335,23.463509],[77.7161211,23.4643978]]},"properties":{"category":"line","name":"","reference_point":[77.59833528122567,23.432837970201973],"voltage":"132000","operator":null,"source":"OpenStreetMap","tier":"B","retrieved":"2026-09-05T20:06:07Z","source_url":"https://www.openstreetmap.org/way/1028081521"}},{"type":"Feature","id":"osm-way-1028081522","geometry":{"type":"LineString","coordinates":[[77.4759975,23.3351332],[77.4760741,23.3360522],[77.4764469,23.3367566],[77.4773676,23.3377313],[77.4799705,23.3390926],[77.4823038,23.3408637],[77.4844813,23.342542],[77.4866546,23.3442087],[77.4890427,23.3460649],[77.4914898,23.3479442],[77.492151,23.3506433],[77.4928586,23.3535086],[77.4935914,23.3564086],[77.4942822,23.3592467],[77.4950487,23.3623979],[77.4956005,23.3646288],[77.496298,23.3674664],[77.4967075,23.3685527]]},"properties":{"category":"line","name":"","reference_point":[77.4887863531324,23.350150423633135],"voltage":"132000","operator":null,"source":"OpenStreetMap","tier":"B","retrieved":"2026-09-05T20:06:07Z","source_url":"https://www.openstreetmap.org/way/1028081522"}},{"type":"Feature","id":"osm-way-1028081523","geometry":{"type":"LineString","coordinates":[[77.4633828,23.3060167],[77.4645684,23.308312],[77.4659362,23.3109602],[77.4671763,23.3133611],[77.4686233,23.3161624],[77.4698417,23.3185211],[77.4711298,23.3210146],[77.4725242,23.323714],[77.4738145,23.3262118],[77.4749882,23.3284838],[77.4761041,23.3306438],[77.4771347,23.3326388],[77.4766419,23.3337719],[77.4759975,23.3351332]]},"properties":{"category":"line","name":"","reference_point":[77.47078815514375,23.320548631831862],"voltage":"132000","operator":null,"source":"OpenStreetMap","tier":"B","retrieved":"2026-09-05T20:06:07Z","source_url":"https://www.openstreetmap.org/way/1028081523"}},{"type":"Feature","id":"osm-way-1028081524","geometry":{"type":"LineString","coordinates":[[77.4393223,23.2548371],[77.4393728,23.2558455],[77.4398802,23.2583927],[77.4404452,23.261379],[77.4415808,23.2644131],[77.4425945,23.2670917],[77.4446776,23.2696891],[77.4450169,23.2703871],[77.4452162,23.2707972],[77.4455265,23.2714357],[77.4467869,23.2738476],[77.4481658,23.2765077],[77.4494892,23.2791047],[77.4506203,23.2812937],[77.4520867,23.2841311],[77.4533309,23.2865744],[77.4546238,23.2890583],[77.4557513,23.2912634],[77.4567766,23.2932465],[77.4581551,23.2959152],[77.4594778,23.2984672],[77.4608655,23.3011386],[77.4620661,23.3034744],[77.4633828,23.3060167]]},"properties":{"category":"line","name":"","reference_point":[77.45040874384611,23.280719589447298],"voltage":"132000","operator":null,"source":"OpenStreetMap","tier":"B","retrieved":"2026-09-05T20:06:07Z","source_url":"https://www.openstreetmap.org/way/1028081524"}},{"type":"Feature","id":"osm-way-1266448648","geometry":{"type":"Polygon","coordinates":[[[77.4140682,23.21815],[77.4136661,23.2169849],[77.4147029,23.2169112],[77.4150434,23.2178208],[77.4140682,23.21815]]]},"properties":{"category":"substation","name":"132 KV SubStation, Bhopal","reference_point":[77.41435080930947,23.217473163086094],"voltage":"132000","operator":null,"source":"OpenStreetMap","tier":"B","retrieved":"2026-09-05T20:06:07Z","source_url":"https://www.openstreetmap.org/way/1266448648"}},{"type":"Feature","id":"osm-way-1308339012","geometry":{"type":"Polygon","coordinates":[[[77.4398865,23.2250117],[77.4396248,23.2249111],[77.439717,23.2247317],[77.4399573,23.2248165],[77.4398865,23.2250117]]]},"properties":{"category":"substation","name":"","reference_point":[77.43979650059364,23.22486954542509],"voltage":null,"operator":null,"source":"OpenStreetMap","tier":"B","retrieved":"2026-09-05T20:06:07Z","source_url":"https://www.openstreetmap.org/way/1308339012"}},{"type":"Feature","id":"osm-way-1331735098","geometry":{"type":"LineString","coordinates":[[77.445851,23.4013717],[77.4454674,23.3989248],[77.4419081,23.3972731],[77.4380913,23.3955376],[77.4339071,23.395449],[77.4306697,23.3953702],[77.4272794,23.3952569],[77.4232078,23.3951585],[77.4203727,23.3964336],[77.4175537,23.3977162],[77.4171916,23.3982036],[77.416631,23.3990356],[77.416226,23.399619],[77.4125648,23.4004584],[77.40852,23.4013421],[77.4047112,23.4021914],[77.4007067,23.4016375],[77.3971152,23.4011403],[77.3931053,23.4005913],[77.3891437,23.4000498],[77.3852733,23.3995058],[77.3813465,23.4003723],[77.3777255,23.4011944],[77.3736083,23.4021151],[77.3697486,23.4029741],[77.365551,23.4038874],[77.3611495,23.4048794],[77.3574749,23.4056523],[77.3535454,23.4051354],[77.3495489,23.4046332],[77.3462686,23.4041975],[77.3417196,23.4036018],[77.3399654,23.4037126],[77.3357597,23.4032941],[77.3319456,23.4028904],[77.3279169,23.402472],[77.3239446,23.4020929],[77.319999,23.4016769],[77.3168206,23.40132],[77.3123333,23.4015464],[77.3077413,23.4017384],[77.3034096,23.4019255],[77.2989303,23.4021495],[77.2943276,23.4023268],[77.2903043,23.4024892],[77.2864205,23.4026714],[77.2827995,23.4028141],[77.2793207,23.4046184],[77.2756782,23.4064646],[77.2721136,23.4082787],[77.2688064,23.4099795],[77.2657406,23.4115967],[77.2623476,23.4133541],[77.2588178,23.4150943],[77.255111,23.4170535],[77.2512218,23.4190151],[77.2473863,23.4210013],[77.2436151,23.4229285],[77.2408095,23.4252739],[77.2374755,23.4279689],[77.2345975,23.4303635],[77.2315773,23.432859],[77.2284204,23.4354479],[77.2258213,23.4376037],[77.2226509,23.4401999],[77.2196147,23.4426878],[77.2158542,23.4457687],[77.2129548,23.4481261],[77.2093445,23.449012],[77.2045675,23.4500725],[77.1984408,23.4514746],[77.192389,23.4528595],[77.1880893,23.4538434],[77.183416,23.4549129],[77.1753207,23.4567654],[77.1712786,23.4576807],[77.1671641,23.4591669],[77.1635699,23.4604316],[77.1598524,23.4617061],[77.1561831,23.4629757],[77.1558291,23.4636203],[77.1553838,23.464388],[77.1548849,23.4651704],[77.1516019,23.4679506],[77.1476912,23.4682606],[77.1438074,23.4685066],[77.1400684,23.4687871],[77.1364742,23.4689987],[77.1325475,23.4692792],[77.1307719,23.4687773],[77.1263194,23.4690873],[77.1225804,23.4693038],[77.1179295,23.4696679],[77.1134931,23.4699484],[77.1091264,23.4701501],[77.1048832,23.4704404],[77.1009135,23.4707209],[77.0967507,23.4709423],[77.0923573,23.4712523],[77.090351,23.4711835],[77.0873147,23.4717739],[77.0847398,23.4722955],[77.080754,23.4731467],[77.0763445,23.4740275],[77.0720422,23.4748787],[77.0702022,23.4745835],[77.0661145,23.4761581],[77.0618659,23.4778999],[77.0577675,23.479499],[77.0536852,23.4811325],[77.0495439,23.4827069],[77.045306,23.4844142],[77.0412934,23.4860083],[77.0378065,23.487258],[77.0342016,23.4885175],[77.0310098,23.4895999],[77.0273298,23.4908643],[77.0238429,23.4921041],[77.0201147,23.4934225],[77.0186019,23.4942835],[77.0145357,23.4952871],[77.0106357,23.4961874],[77.0061564,23.4972402],[77.002058,23.4981995],[76.9981742,23.4991933],[76.9941294,23.5000886],[76.9896823,23.5010971],[76.9854498,23.502145],[76.9821292,23.5042062],[76.978476,23.5065724],[76.9747585,23.5088254],[76.9711161,23.5111275],[76.9674683,23.513405],[76.9637936,23.5156481],[76.960693,23.5176205],[76.9579732,23.5193273],[76.953789,23.5201193],[76.9491917,23.5209604],[76.9449216,23.5217818],[76.9404423,23.5225983],[76.9359791,23.5234787],[76.9317412,23.5243001],[76.927911,23.5250182],[76.9240326,23.5257462],[76.9205618,23.5274529],[76.9171178,23.5290022],[76.9140816,23.5304974],[76.9108146,23.5320811],[76.9076765,23.5335172],[76.906566,23.5349484],[76.9024944,23.5366747],[76.8992865,23.5380124],[76.8954295,23.5395911],[76.8912613,23.541337],[76.887517,23.5429157],[76.883322,23.5438746],[76.8792236,23.5448385],[76.8748569,23.5458664],[76.8704045,23.5468942],[76.8660432,23.5478826],[76.861639,23.5489203],[76.8576533,23.5498497],[76.8533027,23.5508332],[76.8489629,23.5518561],[76.8447626,23.5528347],[76.8402725,23.5538723],[76.8363941,23.5551656],[76.8326014,23.5563998],[76.8291253,23.5575259],[76.824823,23.5589814],[76.8242061,23.5604074],[76.8206388,23.5618531],[76.8170741,23.5632766],[76.8136489,23.5646509],[76.8100816,23.5660793],[76.8062192,23.5676184],[76.8025044,23.5691303],[76.798709,23.57063],[76.7946938,23.5713036],[76.7901608,23.5720558],[76.785939,23.5727565],[76.7814597,23.5734596],[76.7773452,23.5741602],[76.7733595,23.5748068],[76.7692155,23.5754779],[76.7652002,23.5761613],[76.7612305,23.5767759],[76.7571858,23.5774077],[76.7409175,23.5882452],[76.7110272,23.5898085],[76.6976782,23.593077],[76.6936919,23.5940468],[76.6859221,23.595937],[76.6819954,23.5969079],[76.6779426,23.5978665],[76.6739944,23.5988079],[76.6699603,23.599791],[76.6660094,23.6007275],[76.662198,23.6016983],[76.6574129,23.6028191],[76.6557634,23.6028928],[76.6512197,23.6031583],[76.6469926,23.6034139],[76.6424972,23.6036794],[76.6382647,23.6039227],[76.6339731,23.6041906],[76.6300088,23.6044216],[76.6265273,23.6046305],[76.6225174,23.6048517],[76.6177163,23.6051344],[76.6134515,23.6053801],[76.6087335,23.6056652],[76.60721,23.6047485],[76.6027683,23.605653],[76.5989113,23.606437],[76.5945527,23.6072898],[76.5899581,23.6082016],[76.5856692,23.6090889],[76.5814179,23.6099392],[76.5772605,23.6107748],[76.5728724,23.6116596],[76.5687874,23.6124878],[76.5649221,23.6130014],[76.5611455,23.6134782],[76.5575728,23.6139746],[76.5534476,23.6145104],[76.5494082,23.6150609],[76.5484533,23.6171203],[76.5453688,23.6189192],[76.5423218,23.6206788],[76.5416512,23.6223351],[76.5376136,23.6234611],[76.5331915,23.6246943],[76.5289268,23.6259328],[76.5246138,23.6271615],[76.5205208,23.6283263],[76.5159986,23.6296582],[76.5118217,23.6308386],[76.5081558,23.6318746],[76.5044436,23.6329411],[76.5003291,23.6341255]]},"properties":{"category":"line","name":"","reference_point":[76.97559791935005,23.509671838321236],"voltage":"400000","operator":null,"source":"OpenStreetMap","tier":"B","retrieved":"2026-09-05T20:06:07Z","source_url":"https://www.openstreetmap.org/way/1331735098"}},{"type":"Feature","id":"osm-way-1331735101","geometry":{"type":"LineString","coordinates":[[77.1893848,23.3816972],[77.1896906,23.3812787],[77.1885587,23.3815421],[77.1865337,23.3813599],[77.1838421,23.3827682],[77.1810043,23.3842379],[77.1781504,23.3857101],[77.1753153,23.3871602],[77.1747252,23.3895678],[77.1740949,23.3919213],[77.1733519,23.3949542],[77.1725714,23.3980116],[77.1718553,23.4008153],[77.1712223,23.4033409],[77.1705571,23.4058837],[77.1713322,23.4082073],[77.1721181,23.4105063],[77.1730006,23.4131917],[77.1720484,23.4157244],[77.1710587,23.4182841],[77.1701521,23.4206026],[77.1691301,23.4232583],[77.168119,23.4259089],[77.1663031,23.4282716],[77.1645999,23.4304152],[77.1629477,23.4325956],[77.1607885,23.4345423],[77.1583879,23.4367079],[77.1560758,23.4388071],[77.1536699,23.4409726],[77.1513525,23.4430692],[77.1494722,23.4447377],[77.147592,23.4472378],[77.1457466,23.4496665],[77.1438047,23.452233],[77.1418682,23.4547773],[77.1400952,23.457164],[77.1383196,23.4594523],[77.1381721,23.4603233],[77.1381238,23.4607022],[77.1380326,23.4612238],[77.136257,23.4630913],[77.1343017,23.4651901],[77.1325475,23.4670698],[77.1312815,23.4696408],[77.1300584,23.4721307],[77.1289238,23.4743867],[77.1276444,23.4770339],[77.1265018,23.4793169],[77.1253189,23.4816909],[77.1239135,23.4845101],[77.1225214,23.4873391],[77.1211186,23.4901656],[77.1199894,23.4924952],[77.1180743,23.4937227],[77.1161431,23.4949452],[77.1134528,23.496672],[77.1109155,23.4983102],[77.1085712,23.4998008],[77.106168,23.5013751],[77.1035421,23.5030329],[77.0990574,23.5035913],[77.095871,23.5045554],[77.093524,23.5053278],[77.0909169,23.506137],[77.0883286,23.5069413],[77.0857483,23.5077653],[77.0826396,23.5082695],[77.0794746,23.5087245],[77.0761594,23.5092189],[77.0730025,23.5097305],[77.0697489,23.5102273],[77.0666242,23.5106946],[77.0638642,23.5111201],[77.0616594,23.5101043],[77.0597362,23.5092164],[77.0575637,23.5082105],[77.0547554,23.5069413],[77.0538998,23.5056254],[77.0541197,23.5044275]]},"properties":{"category":"line","name":"","reference_point":[77.13185588033335,23.458460237170428],"voltage":"132000","operator":null,"source":"OpenStreetMap","tier":"B","retrieved":"2026-09-05T20:06:07Z","source_url":"https://www.openstreetmap.org/way/1331735101"}},{"type":"Feature","id":"osm-way-1351036708","geometry":{"type":"LineString","coordinates":[[77.4828979,23.3471601],[77.4844565,23.3468509],[77.4847062,23.3468014],[77.4849685,23.3467494],[77.485487,23.3466465],[77.4857397,23.3465964],[77.4860063,23.3465435],[77.4862671,23.3464918],[77.486127,23.345896],[77.4859544,23.3451623],[77.4856796,23.3452168],[77.485433,23.3452657],[77.4851715,23.3453176],[77.4843969,23.3454712],[77.4841461,23.345521],[77.4825852,23.3458306],[77.4828979,23.3471601]]},"properties":{"category":"line","name":"","reference_point":[77.48442615071706,23.346161191916586],"voltage":"400000","operator":null,"source":"OpenStreetMap","tier":"B","retrieved":"2026-09-05T20:06:07Z","source_url":"https://www.openstreetmap.org/way/1351036708"}},{"type":"Feature","id":"osm-way-1351036709","geometry":{"type":"LineString","coordinates":[[77.4847062,23.3468014],[77.4843969,23.3454712],[77.4840903,23.3447631],[77.4841461,23.345521],[77.4844565,23.3468509],[77.484571,23.3472645]]},"properties":{"category":"line","name":"","reference_point":[77.4843544252701,23.34590638907241],"voltage":"400000","operator":null,"source":"OpenStreetMap","tier":"B","retrieved":"2026-09-05T20:06:07Z","source_url":"https://www.openstreetmap.org/way/1351036709"}},{"type":"Feature","id":"osm-way-1351036710","geometry":{"type":"LineString","coordinates":[[77.4857397,23.3465964],[77.4856014,23.3459965],[77.485433,23.3452657],[77.4850796,23.3444235],[77.4851715,23.3453176],[77.4853448,23.3460474],[77.485487,23.3466465],[77.485558,23.3470576]]},"properties":{"category":"line","name":"","reference_point":[77.48536593741271,23.345630370014952],"voltage":"400000","operator":null,"source":"OpenStreetMap","tier":"B","retrieved":"2026-09-05T20:06:07Z","source_url":"https://www.openstreetmap.org/way/1351036710"}},{"type":"Feature","id":"osm-way-1351036711","geometry":{"type":"LineString","coordinates":[[77.4862671,23.3464918],[77.4864003,23.3470921],[77.4863614,23.3476127]]},"properties":{"category":"line","name":"","reference_point":[77.48635534975178,23.347049290474544],"voltage":"400000","operator":null,"source":"OpenStreetMap","tier":"B","retrieved":"2026-09-05T20:06:07Z","source_url":"https://www.openstreetmap.org/way/1351036711"}},{"type":"Feature","id":"osm-way-1351036712","geometry":{"type":"LineString","coordinates":[[77.4857397,23.3465964],[77.4858853,23.3472004],[77.486096,23.3478718]]},"properties":{"category":"line","name":"","reference_point":[77.48590711340917,23.34723707511095],"voltage":"400000","operator":null,"source":"OpenStreetMap","tier":"B","retrieved":"2026-09-05T20:06:07Z","source_url":"https://www.openstreetmap.org/way/1351036712"}},{"type":"Feature","id":"osm-way-1351036713","geometry":{"type":"LineString","coordinates":[[77.4849685,23.3467494],[77.4850645,23.3471758]]},"properties":{"category":"line","name":"","reference_point":[77.4850165,23.346962599999998],"voltage":"400000","operator":null,"source":"OpenStreetMap","tier":"B","retrieved":"2026-09-05T20:06:07Z","source_url":"https://www.openstreetmap.org/way/1351036713"}},{"type":"Feature","id":"osm-way-1351036714","geometry":{"type":"LineString","coordinates":[[77.4856892,23.3442177],[77.4859544,23.3451623]]},"properties":{"category":"line","name":"","reference_point":[77.4858218,23.34469],"voltage":"400000","operator":null,"source":"OpenStreetMap","tier":"B","retrieved":"2026-09-05T20:06:07Z","source_url":"https://www.openstreetmap.org/way/1351036714"}},{"type":"Feature","id":"osm-way-1351036715","geometry":{"type":"LineString","coordinates":[[77.486096,23.3478718],[77.4861535,23.3471462],[77.4860063,23.3465435]]},"properties":{"category":"line","name":"","reference_point":[77.48610411228445,23.347203391554647],"voltage":"400000","operator":null,"source":"OpenStreetMap","tier":"B","retrieved":"2026-09-05T20:06:07Z","source_url":"https://www.openstreetmap.org/way/1351036715"}},{"type":"Feature","id":"osm-way-1351036716","geometry":{"type":"LineString","coordinates":[[77.4857646,23.3481837],[77.4853238,23.3482716],[77.4851828,23.3482997],[77.4850594,23.3483243],[77.4848957,23.348357],[77.4847621,23.3483836],[77.4846244,23.3484111],[77.4844754,23.3484408],[77.4843362,23.3484685],[77.4841917,23.3484973],[77.4840478,23.348526],[77.4839006,23.3485554],[77.4837527,23.3485849],[77.4836157,23.3486122],[77.4834758,23.3486401],[77.4831808,23.3486989],[77.4830872,23.3483031],[77.4833853,23.3482438],[77.4835285,23.3482152],[77.4836695,23.3481871],[77.483806,23.3481599],[77.4839664,23.348128],[77.4841018,23.348101],[77.4842417,23.3480731],[77.4843833,23.3480449],[77.484539,23.3480139],[77.4846726,23.3479873],[77.4848136,23.3479592],[77.4849626,23.3479295],[77.4851014,23.3479019],[77.4852435,23.3478736],[77.4856711,23.3477884],[77.4857646,23.3481837]]},"properties":{"category":"line","name":"","reference_point":[77.4844258180062,23.34824355285866],"voltage":"220000","operator":null,"source":"OpenStreetMap","tier":"B","retrieved":"2026-09-05T20:06:07Z","source_url":"https://www.openstreetmap.org/way/1351036716"}},{"type":"Feature","id":"osm-way-1351036717","geometry":{"type":"LineString","coordinates":[[77.4836694,23.3491887],[77.4834758,23.3486401],[77.4833853,23.3482438]]},"properties":{"category":"line","name":"","reference_point":[77.48351417044898,23.348720066727353],"voltage":"220000","operator":null,"source":"OpenStreetMap","tier":"B","retrieved":"2026-09-05T20:06:07Z","source_url":"https://www.openstreetmap.org/way/1351036717"}},{"type":"Feature","id":"osm-way-1351036718","geometry":{"type":"LineString","coordinates":[[77.4836694,23.3491887],[77.4836157,23.3486122],[77.4835285,23.3482152]]},"properties":{"category":"line","name":"","reference_point":[77.48361349210599,23.34869968449375],"voltage":"220000","operator":null,"source":"OpenStreetMap","tier":"B","retrieved":"2026-09-05T20:06:07Z","source_url":"https://www.openstreetmap.org/way/1351036718"}},{"type":"Feature","id":"osm-way-1351036719","geometry":{"type":"LineString","coordinates":[[77.4839404,23.3491942],[77.4837527,23.3485849],[77.4836695,23.3481871]]},"properties":{"category":"line","name":"","reference_point":[77.48379382028955,23.348693521608027],"voltage":"220000","operator":null,"source":"OpenStreetMap","tier":"B","retrieved":"2026-09-05T20:06:07Z","source_url":"https://www.openstreetmap.org/way/1351036719"}},{"type":"Feature","id":"osm-way-1351036720","geometry":{"type":"LineString","coordinates":[[77.4853238,23.3482716],[77.4852435,23.3478736]]},"properties":{"category":"line","name":"","reference_point":[77.48528365,23.348072600000002],"voltage":"220000","operator":null,"source":"OpenStreetMap","tier":"B","retrieved":"2026-09-05T20:06:07Z","source_url":"https://www.openstreetmap.org/way/1351036720"}},{"type":"Feature","id":"osm-way-1351036721","geometry":{"type":"LineString","coordinates":[[77.4850661,23.3488551],[77.4850594,23.3483243],[77.4849626,23.3479295]]},"properties":{"category":"line","name":"","reference_point":[77.4850403076156,23.348388997864777],"voltage":"220000","operator":null,"source":"OpenStreetMap","tier":"B","retrieved":"2026-09-05T20:06:07Z","source_url":"https://www.openstreetmap.org/way/1351036721"}},{"type":"Feature","id":"osm-way-1351036722","geometry":{"type":"LineString","coordinates":[[77.4847621,23.3483836],[77.4846726,23.3479873]]},"properties":{"category":"line","name":"","reference_point":[77.48471735,23.34818545],"voltage":"220000","operator":null,"source":"OpenStreetMap","tier":"B","retrieved":"2026-09-05T20:06:07Z","source_url":"https://www.openstreetmap.org/way/1351036722"}},{"type":"Feature","id":"osm-way-1351036723","geometry":{"type":"LineString","coordinates":[[77.4850661,23.3488551],[77.4848957,23.348357],[77.4848136,23.3479592]]},"properties":{"category":"line","name":"","reference_point":[77.48492591462882,23.34841095537018],"voltage":"220000","operator":null,"source":"OpenStreetMap","tier":"B","retrieved":"2026-09-05T20:06:07Z","source_url":"https://www.openstreetmap.org/way/1351036723"}},{"type":"Feature","id":"osm-way-1351036724","geometry":{"type":"LineString","coordinates":[[77.4851828,23.3482997],[77.4851014,23.3479019]]},"properties":{"category":"line","name":"","reference_point":[77.4851421,23.348100799999997],"voltage":"220000","operator":null,"source":"OpenStreetMap","tier":"B","retrieved":"2026-09-05T20:06:07Z","source_url":"https://www.openstreetmap.org/way/1351036724"}},{"type":"Feature","id":"osm-way-1351036725","geometry":{"type":"LineString","coordinates":[[77.4846244,23.3484111],[77.484539,23.3480139]]},"properties":{"category":"line","name":"","reference_point":[77.4845817,23.348212500000002],"voltage":"220000","operator":null,"source":"OpenStreetMap","tier":"B","retrieved":"2026-09-05T20:06:07Z","source_url":"https://www.openstreetmap.org/way/1351036725"}},{"type":"Feature","id":"osm-way-1351036726","geometry":{"type":"LineString","coordinates":[[77.4839404,23.3491942],[77.4839006,23.3485554],[77.483806,23.3481599]]},"properties":{"category":"line","name":"","reference_point":[77.48389439181399,23.348673879637023],"voltage":"220000","operator":null,"source":"OpenStreetMap","tier":"B","retrieved":"2026-09-05T20:06:07Z","source_url":"https://www.openstreetmap.org/way/1351036726"}},{"type":"Feature","id":"osm-way-1351036727","geometry":{"type":"LineString","coordinates":[[77.4842054,23.3491094],[77.4840478,23.348526],[77.4839664,23.348128]]},"properties":{"category":"line","name":"","reference_point":[77.48407856132309,23.34862043992668],"voltage":"220000","operator":null,"source":"OpenStreetMap","tier":"B","retrieved":"2026-09-05T20:06:07Z","source_url":"https://www.openstreetmap.org/way/1351036727"}},{"type":"Feature","id":"osm-way-1351036728","geometry":{"type":"LineString","coordinates":[[77.4842054,23.3491094],[77.4841917,23.3484973],[77.4841018,23.348101]]},"properties":{"category":"line","name":"","reference_point":[77.48417788491953,23.34860220456422],"voltage":"220000","operator":null,"source":"OpenStreetMap","tier":"B","retrieved":"2026-09-05T20:06:07Z","source_url":"https://www.openstreetmap.org/way/1351036728"}},{"type":"Feature","id":"osm-way-1351036729","geometry":{"type":"LineString","coordinates":[[77.4844764,23.348918],[77.4843362,23.3484685],[77.4842417,23.3480731]]},"properties":{"category":"line","name":"","reference_point":[77.48435192642677,23.348497509769786],"voltage":"220000","operator":null,"source":"OpenStreetMap","tier":"B","retrieved":"2026-09-05T20:06:07Z","source_url":"https://www.openstreetmap.org/way/1351036729"}},{"type":"Feature","id":"osm-way-1351036730","geometry":{"type":"LineString","coordinates":[[77.4844764,23.348918],[77.4844754,23.3484408],[77.4843833,23.3480449]]},"properties":{"category":"line","name":"","reference_point":[77.48445448793657,23.348478595783234],"voltage":"220000","operator":null,"source":"OpenStreetMap","tier":"B","retrieved":"2026-09-05T20:06:07Z","source_url":"https://www.openstreetmap.org/way/1351036730"}},{"type":"Feature","id":"osm-way-1351036731","geometry":{"type":"LineString","coordinates":[[77.485558,23.3470576],[77.4856711,23.3477884]]},"properties":{"category":"line","name":"","reference_point":[77.48561455000001,23.347423],"voltage":"220000","operator":null,"source":"OpenStreetMap","tier":"B","retrieved":"2026-09-05T20:06:07Z","source_url":"https://www.openstreetmap.org/way/1351036731"}},{"type":"Feature","id":"osm-way-1351036732","geometry":{"type":"LineString","coordinates":[[77.4850645,23.3471758],[77.4852435,23.3478736]]},"properties":{"category":"line","name":"","reference_point":[77.485154,23.347524699999997],"voltage":"220000","operator":null,"source":"OpenStreetMap","tier":"B","retrieved":"2026-09-05T20:06:07Z","source_url":"https://www.openstreetmap.org/way/1351036732"}},{"type":"Feature","id":"osm-way-1351036733","geometry":{"type":"LineString","coordinates":[[77.484571,23.3472645],[77.4846726,23.3479873]]},"properties":{"category":"line","name":"","reference_point":[77.4846218,23.3476259],"voltage":"220000","operator":null,"source":"OpenStreetMap","tier":"B","retrieved":"2026-09-05T20:06:07Z","source_url":"https://www.openstreetmap.org/way/1351036733"}},{"type":"Feature","id":"osm-way-1351037419","geometry":{"type":"LineString","coordinates":[[77.4475995,23.4047068],[77.4477196,23.404227],[77.4478409,23.4037419],[77.4493805,23.4040668],[77.4492474,23.404563],[77.449123,23.4050268],[77.4475995,23.4047068]]},"properties":{"category":"line","name":"","reference_point":[77.4484862835058,23.40438397814828],"voltage":"765000","operator":null,"source":"OpenStreetMap","tier":"B","retrieved":"2026-09-05T20:06:07Z","source_url":"https://www.openstreetmap.org/way/1351037419"}},{"type":"Feature","id":"osm-way-1351037420","geometry":{"type":"LineString","coordinates":[[77.4467144,23.4039929],[77.4477196,23.404227],[77.4492474,23.404563],[77.4504864,23.4048371],[77.4512684,23.405046]]},"properties":{"category":"line","name":"","reference_point":[77.44899389626877,23.404509504549818],"voltage":"765000","operator":null,"source":"OpenStreetMap","tier":"B","retrieved":"2026-09-05T20:06:07Z","source_url":"https://www.openstreetmap.org/way/1351037420"}},{"type":"Feature","id":"osm-way-1351037421","geometry":{"type":"LineString","coordinates":[[77.449123,23.4050268],[77.4503501,23.4052898],[77.4510193,23.4053066]]},"properties":{"category":"line","name":"","reference_point":[77.45006637178204,23.405206965366563],"voltage":"765000","operator":null,"source":"OpenStreetMap","tier":"B","retrieved":"2026-09-05T20:06:07Z","source_url":"https://www.openstreetmap.org/way/1351037421"}},{"type":"Feature","id":"osm-way-1351037422","geometry":{"type":"LineString","coordinates":[[77.4475995,23.4047068],[77.4465964,23.4044754]]},"properties":{"category":"line","name":"","reference_point":[77.44709795,23.404591099999998],"voltage":"765000","operator":null,"source":"OpenStreetMap","tier":"B","retrieved":"2026-09-05T20:06:07Z","source_url":"https://www.openstreetmap.org/way/1351037422"}},{"type":"Feature","id":"osm-way-1351037423","geometry":{"type":"LineString","coordinates":[[77.4462307,23.4025824],[77.4459606,23.4036423],[77.4457344,23.4035938],[77.4455418,23.4035525],[77.4452693,23.403494],[77.4450504,23.4034471],[77.4453203,23.4023871],[77.4455478,23.4024359],[77.4458167,23.4024936],[77.4460156,23.4025363],[77.4462307,23.4025824]]},"properties":{"category":"line","name":"","reference_point":[77.44564050158795,23.403014696856612],"voltage":"400000","operator":null,"source":"OpenStreetMap","tier":"B","retrieved":"2026-09-05T20:06:07Z","source_url":"https://www.openstreetmap.org/way/1351037423"}},{"type":"Feature","id":"osm-way-1351037424","geometry":{"type":"LineString","coordinates":[[77.4461767,23.4017119],[77.4458167,23.4024936],[77.4455418,23.4035525],[77.445384,23.4041406],[77.4465964,23.4044754]]},"properties":{"category":"line","name":"","reference_point":[77.4458186193827,23.403369945651534],"voltage":"400000","operator":null,"source":"OpenStreetMap","tier":"B","retrieved":"2026-09-05T20:06:07Z","source_url":"https://www.openstreetmap.org/way/1351037424"}},{"type":"Feature","id":"osm-way-1351037425","geometry":{"type":"LineString","coordinates":[[77.4461767,23.4017119],[77.4460156,23.4025363],[77.4457344,23.4035938],[77.4456362,23.4039437],[77.4467144,23.4039929]]},"properties":{"category":"line","name":"","reference_point":[77.44600557347269,23.403195416028957],"voltage":"400000","operator":null,"source":"OpenStreetMap","tier":"B","retrieved":"2026-09-05T20:06:07Z","source_url":"https://www.openstreetmap.org/way/1351037425"}},{"type":"Feature","id":"osm-way-1351037426","geometry":{"type":"LineString","coordinates":[[77.4453203,23.4023871],[77.445851,23.4013717],[77.4455478,23.4024359],[77.4452693,23.403494]]},"properties":{"category":"line","name":"","reference_point":[77.44556535905383,23.40224239835636],"voltage":"400000","operator":null,"source":"OpenStreetMap","tier":"B","retrieved":"2026-09-05T20:06:07Z","source_url":"https://www.openstreetmap.org/way/1351037426"}},{"type":"Feature","id":"osm-way-1354540828","geometry":{"type":"LineString","coordinates":[[77.4373457,23.2558544],[77.4376273,23.2558499],[77.4377183,23.2558485],[77.4380268,23.2558437],[77.4381259,23.2558421],[77.4381933,23.255841],[77.438416,23.2558375],[77.4387565,23.2558322]]},"properties":{"category":"line","name":"","reference_point":[77.43805109950802,23.25584326889773],"voltage":"220000","operator":null,"source":"OpenStreetMap","tier":"B","retrieved":"2026-09-05T20:06:07Z","source_url":"https://www.openstreetmap.org/way/1354540828"}},{"type":"Feature","id":"osm-way-1354540829","geometry":{"type":"LineString","coordinates":[[77.438416,23.2558375],[77.4384322,23.256896],[77.4381541,23.25687],[77.4381259,23.2558421]]},"properties":{"category":"line","name":"","reference_point":[77.43828518147583,23.256423039077916],"voltage":"220000","operator":null,"source":"OpenStreetMap","tier":"B","retrieved":"2026-09-05T20:06:07Z","source_url":"https://www.openstreetmap.org/way/1354540829"}},{"type":"Feature","id":"osm-way-1354540830","geometry":{"type":"LineString","coordinates":[[77.4397355,23.2548292],[77.4396256,23.2548313],[77.4395126,23.2548335],[77.4393223,23.2548371],[77.4390274,23.2548428],[77.4388665,23.2548459],[77.4384024,23.2548548],[77.4381744,23.2548592],[77.4380268,23.254862],[77.4376139,23.2548699],[77.4375522,23.2548711]]},"properties":{"category":"line","name":"","reference_point":[77.43864385014827,23.254850157572847],"voltage":"132000","operator":null,"source":"OpenStreetMap","tier":"B","retrieved":"2026-09-05T20:06:07Z","source_url":"https://www.openstreetmap.org/way/1354540830"}},{"type":"Feature","id":"osm-way-1354540831","geometry":{"type":"LineString","coordinates":[[77.4376273,23.2558499],[77.4376194,23.2552752]]},"properties":{"category":"line","name":"","reference_point":[77.43762335,23.25556255],"voltage":"220000","operator":null,"source":"OpenStreetMap","tier":"B","retrieved":"2026-09-05T20:06:07Z","source_url":"https://www.openstreetmap.org/way/1354540831"}},{"type":"Feature","id":"osm-way-1354540832","geometry":{"type":"LineString","coordinates":[[77.438416,23.2558375],[77.4384079,23.255253]]},"properties":{"category":"line","name":"","reference_point":[77.43841195,23.255545249999997],"voltage":"220000","operator":null,"source":"OpenStreetMap","tier":"B","retrieved":"2026-09-05T20:06:07Z","source_url":"https://www.openstreetmap.org/way/1354540832"}},{"type":"Feature","id":"osm-way-1354540833","geometry":{"type":"LineString","coordinates":[[77.4381933,23.255841],[77.4381814,23.2552235]]},"properties":{"category":"line","name":"","reference_point":[77.43818734999999,23.25553225],"voltage":"220000","operator":null,"source":"OpenStreetMap","tier":"B","retrieved":"2026-09-05T20:06:07Z","source_url":"https://www.openstreetmap.org/way/1354540833"}},{"type":"Feature","id":"osm-way-1354540834","geometry":{"type":"LineString","coordinates":[[77.4380268,23.2552358],[77.4380268,23.2558437]]},"properties":{"category":"line","name":"","reference_point":[77.4380268,23.25553975],"voltage":"220000","operator":null,"source":"OpenStreetMap","tier":"B","retrieved":"2026-09-05T20:06:07Z","source_url":"https://www.openstreetmap.org/way/1354540834"}},{"type":"Feature","id":"osm-way-1354540835","geometry":{"type":"LineString","coordinates":[[77.4384079,23.255253],[77.4384024,23.2548548]]},"properties":{"category":"line","name":"","reference_point":[77.43840515,23.255053899999997],"voltage":"132000","operator":null,"source":"OpenStreetMap","tier":"B","retrieved":"2026-09-05T20:06:07Z","source_url":"https://www.openstreetmap.org/way/1354540835"}},{"type":"Feature","id":"osm-way-1354540836","geometry":{"type":"LineString","coordinates":[[77.4380268,23.254862],[77.4380268,23.2552358]]},"properties":{"category":"line","name":"","reference_point":[77.4380268,23.2550489],"voltage":"132000","operator":null,"source":"OpenStreetMap","tier":"B","retrieved":"2026-09-05T20:06:07Z","source_url":"https://www.openstreetmap.org/way/1354540836"}},{"type":"Feature","id":"osm-way-1354540837","geometry":{"type":"LineString","coordinates":[[77.4376194,23.2552752],[77.4376139,23.2548699]]},"properties":{"category":"line","name":"","reference_point":[77.43761665,23.25507255],"voltage":"132000","operator":null,"source":"OpenStreetMap","tier":"B","retrieved":"2026-09-05T20:06:07Z","source_url":"https://www.openstreetmap.org/way/1354540837"}},{"type":"Feature","id":"osm-way-1354540838","geometry":{"type":"LineString","coordinates":[[77.4381814,23.2552235],[77.4381744,23.2548592]]},"properties":{"category":"line","name":"","reference_point":[77.4381779,23.25504135],"voltage":"132000","operator":null,"source":"OpenStreetMap","tier":"B","retrieved":"2026-09-05T20:06:07Z","source_url":"https://www.openstreetmap.org/way/1354540838"}},{"type":"Feature","id":"osm-way-1367660950","geometry":{"type":"LineString","coordinates":[[77.4856796,23.3452168],[77.4858592,23.3459462],[77.4860063,23.3465435]]},"properties":{"category":"line","name":"","reference_point":[77.48584294301425,23.34588015172026],"voltage":"400000","operator":null,"source":"OpenStreetMap","tier":"B","retrieved":"2026-09-05T20:06:07Z","source_url":"https://www.openstreetmap.org/way/1367660950"}},{"type":"Feature","id":"osm-way-1367661128","geometry":{"type":"LineString","coordinates":[[77.4853448,23.3460474],[77.4856014,23.3459965],[77.4858592,23.3459462],[77.486127,23.345896]]},"properties":{"category":"line","name":"","reference_point":[77.4857357224867,23.345970779668807],"voltage":"400000","operator":null,"source":"OpenStreetMap","tier":"B","retrieved":"2026-09-05T20:06:07Z","source_url":"https://www.openstreetmap.org/way/1367661128"}},{"type":"Feature","id":"osm-way-1443477892","geometry":{"type":"LineString","coordinates":[[77.4829797,23.347421],[77.4830148,23.3479488],[77.4830872,23.3483031]]},"properties":{"category":"line","name":"","reference_point":[77.48301907510482,23.34786398767401],"voltage":"220000","operator":null,"source":"OpenStreetMap","tier":"B","retrieved":"2026-09-05T20:06:07Z","source_url":"https://www.openstreetmap.org/way/1443477892"}},{"type":"Feature","id":"osm-way-1443477893","geometry":{"type":"LineString","coordinates":[[77.4828979,23.3471601],[77.4829797,23.347421]]},"properties":{"category":"line","name":"","reference_point":[77.4829388,23.34729055],"voltage":"400000","operator":null,"source":"OpenStreetMap","tier":"B","retrieved":"2026-09-05T20:06:07Z","source_url":"https://www.openstreetmap.org/way/1443477893"}},{"type":"Feature","id":"osm-way-1451972082","geometry":{"type":"Polygon","coordinates":[[[77.5630358,23.1420697],[77.5630698,23.1416239],[77.5634747,23.14165],[77.5634408,23.1420958],[77.5630358,23.1420697]]]},"properties":{"category":"substation","name":"","reference_point":[77.56325527381927,23.141859859097867],"voltage":null,"operator":null,"source":"OpenStreetMap","tier":"B","retrieved":"2026-09-05T20:06:07Z","source_url":"https://www.openstreetmap.org/way/1451972082"}},{"type":"Feature","id":"osm-way-1451972083","geometry":{"type":"Polygon","coordinates":[[[77.5612609,23.1415828],[77.5622275,23.1415542],[77.5622068,23.1409637],[77.5610909,23.1409967],[77.5611067,23.1414487],[77.5612561,23.1414443],[77.5612609,23.1415828]]]},"properties":{"category":"substation","name":"","reference_point":[77.56167459249366,23.14126766813983],"voltage":"132000","operator":null,"source":"OpenStreetMap","tier":"B","retrieved":"2026-09-05T20:06:07Z","source_url":"https://www.openstreetmap.org/way/1451972083"}},{"type":"Feature","id":"osm-way-1460260458","geometry":{"type":"Polygon","coordinates":[[[77.4266128,23.2458993],[77.4265994,23.2459597],[77.4265659,23.2459708],[77.4264224,23.2465659],[77.4268086,23.2466435],[77.4268877,23.2466017],[77.4270192,23.2460262],[77.4269924,23.2459658],[77.4266128,23.2458993]]]},"properties":{"category":"substation","name":"","reference_point":[77.42672783088423,23.246274620584522],"voltage":null,"operator":null,"source":"OpenStreetMap","tier":"B","retrieved":"2026-09-05T20:06:07Z","source_url":"https://www.openstreetmap.org/way/1460260458"}},{"type":"Feature","id":"osm-way-1466824518","geometry":{"type":"Polygon","coordinates":[[[77.2498968,23.2995756],[77.2498633,23.2992726],[77.2502455,23.2992197],[77.2503072,23.2995301],[77.2498968,23.2995756]]]},"properties":{"category":"substation","name":"","reference_point":[77.25007961725959,23.2994010686664],"voltage":null,"operator":null,"source":"OpenStreetMap","tier":"B","retrieved":"2026-09-05T20:06:07Z","source_url":"https://www.openstreetmap.org/way/1466824518"}},{"type":"Feature","id":"osm-way-1466824522","geometry":{"type":"Polygon","coordinates":[[[77.3375849,23.3087986],[77.337424,23.3082874],[77.3374763,23.3081495],[77.3382729,23.3087086],[77.3380396,23.3089981],[77.3375849,23.3087986]]]},"properties":{"category":"substation","name":"","reference_point":[77.33780672896927,23.308615927092813],"voltage":null,"operator":null,"source":"OpenStreetMap","tier":"B","retrieved":"2026-09-05T20:06:07Z","source_url":"https://www.openstreetmap.org/way/1466824522"}},{"type":"Feature","id":"osm-way-1466824523","geometry":{"type":"Polygon","coordinates":[[[77.2415578,23.2411539],[77.2418059,23.2407374],[77.2421278,23.2408852],[77.2419092,23.2413079],[77.2415578,23.2411539]]]},"properties":{"category":"substation","name":"","reference_point":[77.2418482757227,23.24102367085961],"voltage":null,"operator":null,"source":"OpenStreetMap","tier":"B","retrieved":"2026-09-05T20:06:07Z","source_url":"https://www.openstreetmap.org/way/1466824523"}},{"type":"Feature","id":"osm-way-28672430","geometry":{"type":"Polygon","coordinates":[[[77.3974937,23.2502497],[77.3976604,23.2504652],[77.3977911,23.2506218],[77.397983,23.250786],[77.398086,23.2509043],[77.3981804,23.2509279],[77.3982834,23.2508727],[77.3983422,23.2508063],[77.3984146,23.2507612],[77.3984636,23.2507229],[77.3989099,23.2505257],[77.3991159,23.250368],[77.3992962,23.2502655],[77.3996309,23.2502655],[77.3999142,23.2501157],[77.4002403,23.2500053],[77.4006265,23.2499737],[77.4008583,23.2498949],[77.4010557,23.2499658],[77.4015449,23.2499501],[77.4021801,23.2497687],[77.4022883,23.2497164],[77.4024565,23.2497551],[77.4025577,23.2495558],[77.4026246,23.2496027],[77.4026779,23.2497135],[77.4027437,23.2497658],[77.4028301,23.2497593],[77.4028674,23.2497315],[77.4031103,23.2497079],[77.4034652,23.2497379],[77.403562,23.2496583],[77.4037477,23.2496049],[77.4039952,23.2498151],[77.405618,23.2503987],[77.4055994,23.2506926],[77.4055994,23.2510316],[77.4056648,23.2512197],[77.4058279,23.2513222],[77.406051,23.2513932],[77.4061154,23.2513619],[77.4061504,23.2513684],[77.4062313,23.2514484],[77.4068235,23.2517165],[77.4068493,23.251819],[77.4069351,23.2518979],[77.4070209,23.25189],[77.4071568,23.2520463],[77.4071988,23.2521407],[77.4073128,23.2522133],[77.4076402,23.2525419],[77.4079136,23.2526944],[77.4080091,23.2528336],[77.4081453,23.2531675],[77.4081889,23.2532949],[77.408336,23.2533807],[77.4084886,23.2534041],[77.4086861,23.2534435],[77.408789,23.2536328],[77.4089178,23.25424],[77.4091495,23.2542558],[77.4092697,23.2544529],[77.4093727,23.2544923],[77.4113296,23.2539955],[77.411527,23.253893],[77.41157,23.2536801],[77.411673,23.2533883],[77.4121279,23.2530966],[77.4122137,23.2529625],[77.4125999,23.2528994],[77.4134239,23.2523316],[77.41369,23.2521424],[77.4137758,23.252032],[77.4137415,23.2516298],[77.4137462,23.2515121],[77.4136808,23.2514735],[77.4135384,23.2514821],[77.413452,23.2513105],[77.4133259,23.251274],[77.4127973,23.2514011],[77.4125553,23.2515207],[77.412351,23.2515903],[77.4121965,23.2516455],[77.4119047,23.2516534],[77.4116129,23.2516298],[77.4111923,23.2516298],[77.4109005,23.2516534],[77.4106945,23.2516298],[77.4105142,23.2514484],[77.4103855,23.2508096],[77.4105572,23.2506283],[77.4106001,23.2505179],[77.410629,23.2504094],[77.4106009,23.2503343],[77.41054,23.2502497],[77.410231,23.2502182],[77.4100593,23.2500999],[77.4099392,23.2500762],[77.4096645,23.249398],[77.4094929,23.2493428],[77.4093984,23.2492088],[77.4091532,23.249075],[77.4090995,23.24906],[77.4090208,23.2490432],[77.408935,23.248846],[77.4089197,23.2487703],[77.4087547,23.2476315],[77.4085916,23.2472609],[77.4087032,23.246488],[77.4086689,23.246283],[77.4085316,23.2461726],[77.4083256,23.2461647],[77.4081367,23.2461253],[77.4079822,23.2461962],[77.4078449,23.2462751],[77.4077076,23.2462672],[77.4075102,23.2461568],[77.4073385,23.2459518],[77.4070209,23.2455732],[77.4066175,23.2452105],[77.4062485,23.2449581],[77.4057077,23.2445874],[77.4051241,23.2442325],[77.4048382,23.244119],[77.4045662,23.2439408],[77.4043758,23.2438551],[77.4040684,23.2436963],[77.4039509,23.243632],[77.4037422,23.2434833],[77.4035705,23.2433177],[77.4033731,23.243231],[77.4028839,23.2431127],[77.4026951,23.2429155],[77.402429,23.2427341],[77.4020428,23.2425922],[77.4017595,23.2425291],[77.4014763,23.2425133],[77.4012531,23.2425685],[77.4009597,23.2426429],[77.4011722,23.2428704],[77.4016479,23.2433019],[77.4017853,23.243507],[77.4018539,23.243712],[77.4020428,23.2439329],[77.4023088,23.2441931],[77.4027037,23.2445086],[77.4030384,23.2448004],[77.4033045,23.2449265],[77.4039739,23.2452183],[77.4043344,23.2454628],[77.4046606,23.2457625],[77.4048923,23.2461095],[77.4049009,23.2462988],[77.4048494,23.2464486],[77.4045748,23.2466615],[77.4041559,23.2467634],[77.4036993,23.2468745],[77.4033975,23.2469405],[77.4028152,23.247111],[77.4020925,23.2474298],[77.4017069,23.2475174],[77.4015225,23.2476204],[77.4010975,23.2477384],[77.4008873,23.24791],[77.4006248,23.2481097],[77.4003565,23.2483562],[77.3996824,23.2486804],[77.3989443,23.2490826],[77.3981804,23.2495163],[77.397983,23.2495558],[77.3976826,23.2498397],[77.3975195,23.2500999],[77.3974937,23.2502497]]]},"properties":{"category":"water","name":"Lower Lake","reference_point":[77.4060874567356,23.249083708387257],"voltage":null,"operator":null,"source":"OpenStreetMap","tier":"B","retrieved":"2026-09-05T20:06:07Z","source_url":"https://www.openstreetmap.org/way/28672430"}},{"type":"Feature","id":"osm-way-28672561","geometry":{"type":"Polygon","coordinates":[[[77.4213032,23.2108532],[77.4213522,23.210792],[77.4214181,23.2106653],[77.421488,23.2105643],[77.42155,23.2104669],[77.4216139,23.2104632],[77.4216279,23.2105367],[77.421592,23.2106689],[77.4216319,23.2107424],[77.4216679,23.2108011],[77.4217158,23.2108085],[77.4217658,23.2108232],[77.4218757,23.2108452],[77.4219696,23.2108636],[77.4220895,23.2108397],[77.4223133,23.210882],[77.4223672,23.2109297],[77.4223632,23.2109903],[77.4223672,23.2110931],[77.4223992,23.2111648],[77.4224711,23.211218],[77.4225071,23.2112915],[77.4225551,23.2113906],[77.422603,23.2114531],[77.4227029,23.2113961],[77.4227529,23.2113135],[77.4227649,23.2112529],[77.4228148,23.2112639],[77.4228628,23.2112364],[77.4228408,23.2111666],[77.4227349,23.2111409],[77.4227469,23.2110803],[77.4227169,23.2109683],[77.422649,23.2107993],[77.4225551,23.2107314],[77.4224851,23.2106469],[77.4223692,23.2105716],[77.4222873,23.2104798],[77.4223792,23.2103365],[77.4223772,23.2102006],[77.4223333,23.2101015],[77.4222733,23.2100262],[77.4221854,23.2099031],[77.4220795,23.2098168],[77.4219636,23.2097856],[77.4218139,23.2097452],[77.4215679,23.2095176],[77.421513,23.2093778],[77.4214381,23.2092806],[77.4212518,23.2092682],[77.4212259,23.2090388],[77.4213461,23.2088653],[77.4214748,23.2084393],[77.4216036,23.2083801],[77.4217495,23.2083131],[77.4218954,23.2083762],[77.4221615,23.2084866],[77.4224361,23.2086996],[77.4226078,23.2087706],[77.422685,23.2088337],[77.4228567,23.2087706],[77.4229683,23.2083604],[77.4232,23.2083289],[77.4232086,23.2084551],[77.4233803,23.2084551],[77.4234403,23.2082973],[77.4236034,23.2081317],[77.4236292,23.2079344],[77.4235004,23.2077372],[77.4233202,23.2076347],[77.4230713,23.2078713],[77.423097,23.2076662],[77.4230884,23.2075795],[77.4229854,23.2075164],[77.422891,23.2072876],[77.4230026,23.2071614],[77.4232601,23.2073191],[77.4234318,23.2073034],[77.4236549,23.2071614],[77.4236978,23.2068695],[77.4236463,23.2067196],[77.4236721,23.2065618],[77.4241785,23.2061359],[77.4243845,23.2056546],[77.4250454,23.2040532],[77.4250797,23.2037929],[77.4251123,23.2034312],[77.4250546,23.20343],[77.4250546,23.2033486],[77.4249795,23.20334],[77.4249809,23.2030503],[77.4249138,23.2030466],[77.4249339,23.2028186],[77.4247945,23.2028124],[77.4247931,23.2029246],[77.4246322,23.2029184],[77.4246375,23.2028679],[77.4245531,23.2028642],[77.4245557,23.2028026],[77.4244122,23.2027976],[77.424414,23.2026636],[77.4245624,23.202662],[77.4245638,23.2025868],[77.424651,23.2025868],[77.4246577,23.2025092],[77.4247167,23.2024611],[77.42473,23.2023926],[77.4248508,23.2022491],[77.4248729,23.2021977],[77.4249247,23.2020771],[77.4249373,23.2018712],[77.4248381,23.2017167],[77.4247335,23.2016797],[77.4245168,23.201618],[77.4242835,23.2015576],[77.4241718,23.2015938],[77.4241045,23.2016156],[77.423729,23.2014923],[77.4235691,23.2015367],[77.4233549,23.2014628],[77.4233219,23.2013505],[77.423146,23.2012831],[77.4230172,23.2013066],[77.4230098,23.2013325],[77.4229005,23.20129],[77.4229158,23.201253],[77.4224529,23.2010941],[77.422007,23.2009278],[77.4219567,23.2007366],[77.4218467,23.2005912],[77.4217877,23.2004963],[77.4218441,23.2004793],[77.4216955,23.2003573],[77.421597,23.2004384],[77.4214279,23.2005653],[77.4214812,23.2006334],[77.4195823,23.2023626],[77.4179558,23.2038008],[77.4184879,23.204424],[77.4187197,23.204992],[77.4187626,23.2052997],[77.4185737,23.205418],[77.4186081,23.2055284],[77.4187454,23.2055284],[77.4188312,23.2057335],[77.4189771,23.2057414],[77.4189771,23.2058755],[77.4190544,23.206057],[77.4191488,23.206057],[77.4190544,23.2063331],[77.418995,23.2063989],[77.4188179,23.2065952],[77.4188403,23.2071431],[77.4189118,23.2072374],[77.4191525,23.2072278],[77.4201406,23.206942],[77.4202432,23.2073211],[77.4204655,23.2079557],[77.420417,23.2080777],[77.4204019,23.2082815],[77.4195265,23.2088416],[77.4193977,23.2090073],[77.4198019,23.2089383],[77.4198716,23.2092145],[77.4199836,23.209384],[77.420161,23.2094385],[77.4202984,23.2096079],[77.4203863,23.2097206],[77.4205239,23.2098027],[77.4206209,23.2098609],[77.4206714,23.2100609],[77.4208654,23.2105455],[77.4208891,23.2105819],[77.4209218,23.2106372],[77.4209532,23.2106934],[77.420944,23.2107656],[77.4209613,23.2108533],[77.4209203,23.2109618],[77.4208809,23.2112564],[77.4207367,23.2113423],[77.4206337,23.2114685],[77.4205564,23.2116814],[77.4205736,23.2118865],[77.4206068,23.2121072],[77.4205869,23.2124249],[77.4205114,23.2127927],[77.420417,23.2130122],[77.4205237,23.2130087],[77.4206995,23.2130509],[77.4207882,23.212841],[77.420874,23.2117998],[77.4209513,23.2114448],[77.4211315,23.2110504],[77.4213032,23.2108532]]]},"properties":{"category":"water","name":"Shahpura Lake","reference_point":[77.42168666335135,23.205144535407626],"voltage":null,"operator":null,"source":"OpenStreetMap","tier":"B","retrieved":"2026-09-05T20:06:07Z","source_url":"https://www.openstreetmap.org/way/28672561"}},{"type":"Feature","id":"osm-way-28690459","geometry":{"type":"Polygon","coordinates":[[[77.3902884,23.2737604],[77.3903399,23.2740758],[77.3903313,23.2742729],[77.3902884,23.274541],[77.3902454,23.2747302],[77.3900738,23.2749825],[77.3902454,23.2751717],[77.3902712,23.2753373],[77.3903742,23.2754556],[77.3905373,23.2755502],[77.3906403,23.2756133],[77.3908548,23.2757079],[77.3910265,23.2757788],[77.3911467,23.2758183],[77.3913612,23.2740837],[77.3912497,23.2738471],[77.3911295,23.273784],[77.3910093,23.2736894],[77.3908978,23.273516],[77.3907948,23.2734529],[77.3905544,23.2735002],[77.3904171,23.2735948],[77.3902884,23.2737604]]]},"properties":{"category":"water","name":"","reference_point":[77.3907727345556,23.274615260428313],"voltage":null,"operator":null,"source":"OpenStreetMap","tier":"B","retrieved":"2026-09-05T20:06:07Z","source_url":"https://www.openstreetmap.org/way/28690459"}},{"type":"Feature","id":"osm-way-28826931","geometry":{"type":"Polygon","coordinates":[[[77.4927706,23.257668],[77.492599,23.2575182],[77.4924359,23.2574709],[77.4922814,23.2575024],[77.4920239,23.2576522],[77.4916548,23.2580071],[77.4914059,23.2581806],[77.4910883,23.2582594],[77.4907965,23.258291],[77.4905133,23.2582752],[77.4904017,23.2582121],[77.4904274,23.258086],[77.4902215,23.2579677],[77.490067,23.2580702],[77.4898181,23.2579125],[77.4894747,23.2580229],[77.4893288,23.2578652],[77.4892258,23.2576049],[77.4893631,23.2574945],[77.4895863,23.257392],[77.4889683,23.256982],[77.4888825,23.2567533],[77.4887967,23.2567139],[77.4885392,23.256706],[77.488316,23.2568952],[77.4879555,23.2569662],[77.4879384,23.2571318],[77.4886422,23.2574393],[77.4886765,23.2580544],[77.488934,23.2581333],[77.4890542,23.2583304],[77.4890542,23.258567],[77.489758,23.2590716],[77.4895863,23.2594738],[77.4889855,23.2596709],[77.4887881,23.2596236],[77.4884705,23.2596788],[77.4879984,23.2594423],[77.4868483,23.2598129],[77.4863419,23.2603885],[77.4873375,23.2609326],[77.4885306,23.2609878],[77.4888653,23.2612401],[77.4888825,23.2617921],[77.4894232,23.2623756],[77.4897666,23.2631326],[77.4897236,23.2635032],[77.4896378,23.263929],[77.4893031,23.2641656],[77.4889683,23.264205],[77.4885821,23.2641183],[77.488316,23.2641025],[77.4879641,23.2642681],[77.4878869,23.2644021],[77.4883074,23.2645756],[77.4889683,23.2647018],[77.4894146,23.2648674],[77.4897322,23.2652616],[77.4899382,23.2656086],[77.4898095,23.2659476],[77.489655,23.2663103],[77.4893546,23.2666573],[77.4892945,23.2669096],[77.4891915,23.2671856],[77.4894232,23.2672802],[77.4893031,23.2675641],[77.4892087,23.2677454],[77.4893889,23.2680608],[77.4897065,23.2683683],[77.4898781,23.2685733],[77.4902215,23.2687784],[77.4903931,23.2690859],[77.490333,23.2695353],[77.4899897,23.2700399],[77.4874835,23.2708915],[77.4874749,23.271065],[77.4869256,23.2711359],[77.4864449,23.2711359],[77.4860673,23.2709704],[77.4858784,23.2705446],[77.4857239,23.2703475],[77.4856553,23.2704421],[77.4855866,23.2708284],[77.4853549,23.2713725],[77.4852519,23.2715302],[77.4849343,23.2715696],[77.4847798,23.2714986],[77.484282,23.2709704],[77.4841532,23.2709388],[77.4840159,23.2707496],[77.4838442,23.2707811],[77.4839386,23.2710729],[77.4838442,23.2714829],[77.4837327,23.2717983],[77.4837327,23.2719717],[77.4836812,23.2721294],[77.4834666,23.2722477],[77.4826769,23.2722792],[77.4825825,23.2723817],[77.4818701,23.2723344],[77.4814066,23.2725237],[77.4810891,23.2725158],[77.4807887,23.2725867],[77.4804968,23.2725079],[77.4801707,23.2720427],[77.4798874,23.2718377],[77.4798509,23.2718963],[77.4797759,23.2719286],[77.4795956,23.2718613],[77.4796042,23.2720348],[77.4793725,23.2722792],[77.4793467,23.2724133],[77.4795613,23.2726419],[77.4796986,23.2726735],[77.479896,23.2728863],[77.4798016,23.273044],[77.4798617,23.2732017],[77.4798617,23.2732806],[77.4797329,23.273391],[77.47969,23.2735014],[77.4794068,23.2733515],[77.4783253,23.2735881],[77.4781794,23.2736906],[77.4779133,23.2737064],[77.4776558,23.2736985],[77.4775185,23.2735408],[77.4772954,23.2734383],[77.4771752,23.2732333],[77.4768834,23.2732648],[77.4768834,23.2734383],[77.4767718,23.273801],[77.4769434,23.2738798],[77.4771237,23.2740927],[77.4771065,23.2742583],[77.4766602,23.2742504],[77.4757504,23.274684],[77.4755616,23.2749837],[77.4758362,23.275299],[77.4758191,23.275504],[77.4760508,23.2754804],[77.4762911,23.2752754],[77.476437,23.2752675],[77.4769349,23.2753779],[77.4779133,23.2753148],[77.477982,23.275165],[77.4782223,23.2751887],[77.4784369,23.2748733],[77.4783425,23.2745973],[77.4783768,23.2744633],[77.4786257,23.274274],[77.4789433,23.2743371],[77.4786257,23.2749364],[77.4787716,23.275165],[77.4785313,23.2757721],[77.4784369,23.2758825],[77.4783082,23.2761821],[77.4786257,23.2763556],[77.4785828,23.2765921],[77.478703,23.2766158],[77.4787888,23.2765054],[77.4786601,23.2760402],[77.4788746,23.27578],[77.4789261,23.275504],[77.479115,23.2754094],[77.4792008,23.2758273],[77.4794755,23.2760086],[77.4793124,23.2755908],[77.4794068,23.2753148],[77.4794583,23.2750704],[77.4793982,23.2748575],[77.4796042,23.2748023],[77.4800849,23.2751019],[77.4803681,23.2750073],[77.48072,23.2747629],[77.4809174,23.2747314],[77.4811062,23.274479],[77.4813981,23.27455],[77.4813981,23.2746604],[77.4812865,23.2748733],[77.4814066,23.275031],[77.4816727,23.2751177],[77.4819817,23.2751887],[77.4822735,23.275165],[77.4824452,23.2752833],[77.4826941,23.2756617],[77.4829001,23.2757169],[77.4830374,23.2756775],[77.4831662,23.2757169],[77.4830803,23.2759298],[77.4829602,23.2760244],[77.4832949,23.2761427],[77.4832949,23.2762767],[77.4830718,23.2763398],[77.483355,23.2766158],[77.4834408,23.2769232],[77.4832177,23.2773017],[77.4832863,23.2775067],[77.4834237,23.277483],[77.4834151,23.277349],[77.4835782,23.2771204],[77.4837155,23.2773569],[77.4838013,23.2773254],[77.4837756,23.2771204],[77.4839386,23.2767971],[77.4838185,23.2764659],[77.4838528,23.2762136],[77.4838357,23.2759456],[77.4839816,23.275914],[77.4840674,23.2760402],[77.4842906,23.2760323],[77.4844365,23.2759298],[77.4848914,23.2758588],[77.4850716,23.2757721],[77.4855694,23.2757406],[77.4862732,23.2754883],[77.4881014,23.2755119],[77.4884963,23.2756854],[77.4882988,23.276261],[77.4884104,23.2764581],[77.4886164,23.2765211],[77.4887538,23.2768996],[77.4886937,23.2770967],[77.4887538,23.2776486],[77.488625,23.2778457],[77.4879212,23.2779246],[77.4878869,23.2781138],[77.4880414,23.2781848],[77.4880414,23.2784371],[77.4877238,23.2786105],[77.487389,23.279738],[77.4874148,23.2804397],[77.4876637,23.2806762],[77.4885907,23.281031],[77.488831,23.2813385],[77.4890713,23.2806131],[77.4897065,23.2802899],[77.4900755,23.2798878],[77.4906506,23.2799035],[77.4913115,23.2800691],[77.4916892,23.2802583],[77.4918179,23.2806447],[77.4919552,23.2810152],[77.4921612,23.2811808],[77.4924187,23.281236],[77.4928135,23.2810152],[77.4932255,23.2809995],[77.4935774,23.2809443],[77.4942383,23.280755],[77.4943585,23.2811571],[77.494513,23.2819456],[77.4944958,23.2821505],[77.4945473,23.2825132],[77.4946932,23.2827734],[77.4949078,23.2827655],[77.4951396,23.2825369],[77.4953455,23.2821427],[77.4958176,23.2823398],[77.496324,23.2827576],[77.4963154,23.2830493],[77.4965472,23.2833962],[77.4972424,23.2837589],[77.498238,23.284295],[77.4987874,23.2847996],[77.4998517,23.2850913],[77.5004353,23.285454],[77.5006585,23.2859901],[77.5010619,23.2860453],[77.5012335,23.285856],[77.5012078,23.285454],[77.5010018,23.2851465],[77.5012764,23.2851938],[77.5014653,23.2855564],[77.5016884,23.2856432],[77.502212,23.2858876],[77.5024008,23.2859979],[77.5025467,23.2863843],[77.5027356,23.2864],[77.5030102,23.2862975],[77.5028042,23.285588],[77.5029759,23.2852096],[77.5034995,23.2849021],[77.5033707,23.2846261],[77.5027184,23.2841373],[77.5023493,23.2842004],[77.5020318,23.2839323],[77.5013794,23.2839008],[77.5013451,23.2840112],[77.5014309,23.2842004],[77.5012679,23.2842319],[77.5010104,23.2840979],[77.5009417,23.2836406],[77.5004096,23.2833016],[77.4998602,23.2826551],[77.4991736,23.2816223],[77.4979977,23.2797616],[77.4980835,23.2786499],[77.4983067,23.2785711],[77.4981865,23.2782715],[77.4984784,23.2781532],[77.4985213,23.2779482],[77.4983668,23.2776171],[77.4988646,23.2774594],[77.4990878,23.277554],[77.4991736,23.2774594],[77.4990878,23.2772465],[77.4995942,23.2770021],[77.4995427,23.2768917],[77.4993109,23.2768444],[77.4992337,23.2762531],[77.4991478,23.2762531],[77.499062,23.2764502],[77.4988904,23.2764186],[77.498856,23.276119],[77.4988389,23.2758194],[77.4986844,23.2756775],[77.4987702,23.2755356],[77.4989419,23.2755908],[77.4992508,23.2755356],[77.499371,23.2757012],[77.4995684,23.2757406],[77.4998173,23.2755513],[77.4999032,23.275094],[77.4997143,23.2749048],[77.4995513,23.2747314],[77.4994998,23.2745185],[77.4995598,23.2742819],[77.5012936,23.2702371],[77.5013623,23.2699217],[77.5013451,23.2696536],[77.5012421,23.2694013],[77.5010619,23.2691253],[77.4958005,23.2626595],[77.4955687,23.2625728],[77.4952769,23.2622495],[77.4951825,23.2620681],[77.495234,23.2619419],[77.4950966,23.261729],[77.4948906,23.2615871],[77.4947619,23.2615871],[77.4941096,23.2616186],[77.4937663,23.2614846],[77.4937405,23.2609957],[77.4935174,23.2608538],[77.4935603,23.2603727],[77.4935088,23.2601835],[77.4933457,23.2599864],[77.4926247,23.2596631],[77.4924187,23.2594028],[77.4923758,23.2590795],[77.4924616,23.2589218],[77.4926333,23.2588666],[77.4927363,23.2586458],[77.4928221,23.2586064],[77.492865,23.2585197],[77.4929938,23.2584566],[77.4932341,23.2579756],[77.4932599,23.2578178],[77.4931998,23.2576917],[77.4931054,23.2576207],[77.4929509,23.2576207],[77.4927706,23.257668]]]},"properties":{"category":"water","name":"Hataikheda Dam","reference_point":[77.49258808252368,23.272096827844873],"voltage":null,"operator":null,"source":"OpenStreetMap","tier":"B","retrieved":"2026-09-05T20:06:07Z","source_url":"https://www.openstreetmap.org/way/28826931"}},{"type":"Feature","id":"osm-way-29145996","geometry":{"type":"Polygon","coordinates":[[[77.4199436,23.2251884],[77.4198921,23.2252909],[77.4199436,23.225496],[77.4200122,23.2255117],[77.4200723,23.2256301],[77.4201581,23.2257168],[77.4202525,23.2257563],[77.4203985,23.2257089],[77.4205358,23.2256301],[77.4208276,23.2255591],[77.4211967,23.2256301],[77.4212139,23.2257326],[77.4213426,23.2258115],[77.4214885,23.2257641],[77.4217031,23.2257563],[77.421849,23.2258588],[77.422261,23.2257957],[77.4222438,23.2256301],[77.4221065,23.2255512],[77.4221237,23.2254329],[77.4220722,23.2252672],[77.4220207,23.225212],[77.4220378,23.2250858],[77.4216859,23.2250069],[77.4216258,23.2250779],[77.4214885,23.2251647],[77.4214284,23.2251016],[77.4211709,23.2251016],[77.4209306,23.2250858],[77.4207075,23.2250464],[77.4205272,23.2250306],[77.420407,23.2251331],[77.4202869,23.2252041],[77.4201496,23.2251647],[77.4199436,23.2251884]]]},"properties":{"category":"water","name":"","reference_point":[77.42113366096154,23.22541335656656],"voltage":null,"operator":null,"source":"OpenStreetMap","tier":"B","retrieved":"2026-09-05T20:06:07Z","source_url":"https://www.openstreetmap.org/way/29145996"}},{"type":"Feature","id":"osm-way-31289629","geometry":{"type":"Polygon","coordinates":[[[77.3800245,23.2066438],[77.3803678,23.2070461],[77.3805566,23.2067384],[77.3818784,23.2058628],[77.3818612,23.2057602],[77.3815265,23.2054052],[77.3801875,23.2062651],[77.3800245,23.2066438]]]},"properties":{"category":"water","name":"","reference_point":[77.38091146692477,23.20616957592403],"voltage":null,"operator":null,"source":"OpenStreetMap","tier":"B","retrieved":"2026-09-05T20:06:07Z","source_url":"https://www.openstreetmap.org/way/31289629"}},{"type":"Feature","id":"osm-way-31289637","geometry":{"type":"Polygon","coordinates":[[[77.3817228,23.2052739],[77.3821519,23.2057472],[77.3836368,23.2044929],[77.3832076,23.2040433],[77.3817228,23.2052739]]]},"properties":{"category":"water","name":"","reference_point":[77.38267651355808,23.204892627417866],"voltage":null,"operator":null,"source":"OpenStreetMap","tier":"B","retrieved":"2026-09-05T20:06:07Z","source_url":"https://www.openstreetmap.org/way/31289637"}},{"type":"Feature","id":"osm-way-31289640","geometry":{"type":"Polygon","coordinates":[[[77.3833371,23.2039373],[77.3837319,23.2043791],[77.3853369,23.203322],[77.385397,23.2031879],[77.3850623,23.2027934],[77.3833371,23.2039373]]]},"properties":{"category":"water","name":"","reference_point":[77.38439189264938,23.203589743771552],"voltage":null,"operator":null,"source":"OpenStreetMap","tier":"B","retrieved":"2026-09-05T20:06:07Z","source_url":"https://www.openstreetmap.org/way/31289640"}},{"type":"Feature","id":"osm-way-52158449","geometry":{"type":"Polygon","coordinates":[[[77.42773,23.2789474],[77.4266222,23.2796003],[77.4254474,23.2802729],[77.4235699,23.2814161],[77.4234679,23.2814506],[77.4231273,23.2816453],[77.4225105,23.2820862],[77.4279875,23.2903274],[77.42832,23.2909384],[77.4287761,23.2919608],[77.4302566,23.2913227],[77.4307448,23.2910419],[77.4308306,23.290899],[77.4316729,23.287743],[77.4317158,23.2856538],[77.4317211,23.2854198],[77.4309004,23.2835448],[77.4297403,23.2816995],[77.4292709,23.2810687],[77.4289611,23.2806634],[77.42773,23.2789474]]]},"properties":{"category":"industrial","name":"Coach Rehabilitation Workshop","reference_point":[77.42788636988611,23.285071905599615],"voltage":null,"operator":null,"source":"OpenStreetMap","tier":"B","retrieved":"2026-09-05T20:06:07Z","source_url":"https://www.openstreetmap.org/way/52158449"}},{"type":"Feature","id":"osm-way-114602164","geometry":{"type":"Polygon","coordinates":[[[77.2062492,23.4093814],[77.2062492,23.4100115],[77.2065926,23.4103266],[77.2062492,23.412532],[77.2072792,23.4131621],[77.2069359,23.4141073],[77.2074509,23.4142648],[77.2079659,23.4128471],[77.2072792,23.412217],[77.2076225,23.4115868],[77.2076225,23.4100115],[77.2072792,23.4093814],[77.2084808,23.4095389],[77.2096825,23.4084362],[77.2100258,23.4068609],[77.2105408,23.4063883],[77.2122574,23.4054431],[77.2131157,23.4056006],[77.2127724,23.4043403],[77.2115707,23.4032375],[77.2112274,23.4035526],[77.2110558,23.4033951],[77.2112274,23.4029224],[77.2122574,23.4022923],[77.2132874,23.4029224],[77.2143173,23.4026074],[77.2146606,23.4029224],[77.2153473,23.4029224],[77.215519,23.4021347],[77.2162056,23.4018197],[77.2163773,23.401347],[77.2168922,23.4024498],[77.2165489,23.4027649],[77.2172356,23.40308],[77.2174072,23.4044978],[77.2211838,23.405128],[77.2215271,23.4057581],[77.2216988,23.4056006],[77.2208405,23.4041828],[77.2191238,23.4038677],[77.2189522,23.40308],[77.2182655,23.4024498],[77.2182655,23.4018197],[77.2194672,23.401347],[77.2203255,23.4002442],[77.2184372,23.3997716],[77.2177505,23.4004018],[77.2170639,23.4004018],[77.2165489,23.3999292],[77.2182655,23.3989839],[77.2180939,23.3956754],[77.2172356,23.3967783],[77.2172356,23.3974084],[77.2175789,23.3980386],[77.2163773,23.3988264],[77.2153473,23.3991414],[77.2143173,23.4004018],[77.2136307,23.4004018],[77.2120857,23.3986688],[77.2120857,23.3974084],[77.2117424,23.3970934],[77.212429,23.395833],[77.2120857,23.3945726],[77.2101974,23.394415],[77.2091675,23.3950452],[77.2077942,23.3950452],[77.2071075,23.3947301],[77.2062492,23.3936273],[77.2065926,23.392682],[77.2050476,23.3900036],[77.2035027,23.389846],[77.203331,23.3893734],[77.2026443,23.3893734],[77.2024727,23.3901611],[77.2019577,23.3906338],[77.2012711,23.3909489],[77.1995544,23.3906338],[77.1992111,23.3909489],[77.1981812,23.3909489],[77.1964645,23.3928395],[77.1954346,23.3928395],[77.1945763,23.3917367],[77.1949196,23.3914216],[77.1952629,23.3892158],[77.1933746,23.3881129],[77.1923447,23.3881129],[77.191658,23.3874827],[77.1907997,23.3882705],[77.1914864,23.3889007],[77.1907997,23.3895309],[77.1907997,23.3911065],[77.1899414,23.3918942],[77.1875381,23.3922093],[77.1868515,23.3918942],[77.1858215,23.3931546],[77.1849632,23.3933122],[77.1859932,23.3942575],[77.1859932,23.3948877],[77.1870232,23.395833],[77.1870232,23.3967783],[77.1877098,23.3974084],[77.1883965,23.3989839],[77.1890831,23.3996141],[77.1890831,23.4002442],[77.1895981,23.4007169],[77.193718,23.401032],[77.1950912,23.4016621],[77.1956062,23.4024498],[77.1952629,23.4027649],[77.1962929,23.4037101],[77.1959496,23.4040252],[77.1961212,23.4048129],[77.1988678,23.4048129],[77.2002411,23.405128],[77.2005844,23.4054431],[77.2019577,23.4054431],[77.2026443,23.4048129],[77.2031593,23.4056006],[77.2021294,23.4065458],[77.2021294,23.4071759],[77.2014427,23.4081211],[77.2029877,23.4082787],[77.2036743,23.4076485],[77.2041893,23.4081211],[77.2041893,23.4090663],[77.2048759,23.4090663],[77.2062492,23.4093814]]]},"properties":{"category":"water","name":"","reference_point":[77.2018822189425,23.39877183950684],"voltage":null,"operator":null,"source":"OpenStreetMap","tier":"B","retrieved":"2026-09-05T20:06:07Z","source_url":"https://www.openstreetmap.org/way/114602164"}},{"type":"Feature","id":"osm-way-114602245","geometry":{"type":"Polygon","coordinates":[[[77.1844482,23.4363166],[77.1851349,23.4360016],[77.1865082,23.4360016],[77.1875381,23.4366316],[77.1880531,23.4361591],[77.1868515,23.4350566],[77.1858215,23.4344266],[77.1851349,23.4347416],[77.1841049,23.4347416],[77.1834183,23.4344266],[77.1835899,23.4330091],[77.183075,23.4325366],[77.1822166,23.4326941],[77.1817017,23.4319065],[77.179985,23.4319065],[77.1786118,23.4309615],[77.1775818,23.4309615],[77.1762085,23.4297015],[77.1729469,23.4339541],[77.171917,23.4361591],[77.1712303,23.4367891],[77.171402,23.4372616],[77.1724319,23.4363166],[77.1738052,23.4363166],[77.1743202,23.4374191],[77.1739769,23.4377341],[77.1744919,23.4382066],[77.1762085,23.4375766],[77.1772385,23.4375766],[77.1792984,23.4391516],[77.179985,23.4378916],[77.181015,23.4378916],[77.18153,23.4374191],[77.1822166,23.4361591],[77.18153,23.4352141],[77.182045,23.4347416],[77.183075,23.4360016],[77.1834183,23.4360016],[77.1844482,23.4363166]]]},"properties":{"category":"water","name":"","reference_point":[77.17847288077492,23.434657717354344],"voltage":null,"operator":null,"source":"OpenStreetMap","tier":"B","retrieved":"2026-09-05T20:06:07Z","source_url":"https://www.openstreetmap.org/way/114602245"}},{"type":"Feature","id":"osm-way-118839929","geometry":{"type":"Polygon","coordinates":[[[77.1895981,23.4561601],[77.1904564,23.4556877],[77.1901131,23.4547428],[77.1889114,23.4552152],[77.1885681,23.4539554],[77.1878815,23.4542704],[77.1873665,23.4537979],[77.1873665,23.4528531],[77.1877098,23.4525381],[77.1865082,23.4526956],[77.1858215,23.4517507],[77.1854782,23.4517507],[77.1856499,23.453483],[77.1849632,23.4537979],[77.1849632,23.4541129],[77.1853065,23.4544278],[77.1853065,23.4563176],[77.1858215,23.45679],[77.1875381,23.45679],[77.1878815,23.456475],[77.1885681,23.456475],[77.1895981,23.4561601]]]},"properties":{"category":"water","name":"","reference_point":[77.18714861787583,23.454875127262326],"voltage":null,"operator":null,"source":"OpenStreetMap","tier":"B","retrieved":"2026-09-05T20:06:07Z","source_url":"https://www.openstreetmap.org/way/118839929"}},{"type":"Feature","id":"osm-way-118840000","geometry":{"type":"Polygon","coordinates":[[[77.3207474,23.4473411],[77.3198891,23.4481286],[77.3198891,23.4493884],[77.3195457,23.4497034],[77.3198891,23.4503334],[77.3192024,23.4512782],[77.3192024,23.4525381],[77.3200607,23.4533255],[77.321434,23.4530105],[77.3221207,23.4533255],[77.3233223,23.4525381],[77.3231506,23.4517507],[77.3221207,23.4517507],[77.3212624,23.4509633],[77.320919,23.4497034],[77.3202324,23.4490735],[77.3202324,23.4484435],[77.3207474,23.4482861],[77.3207474,23.4473411]]]},"properties":{"category":"water","name":"","reference_point":[77.32081138006586,23.451411889534683],"voltage":null,"operator":null,"source":"OpenStreetMap","tier":"B","retrieved":"2026-09-05T20:06:07Z","source_url":"https://www.openstreetmap.org/way/118840000"}},{"type":"Feature","id":"osm-way-118840108","geometry":{"type":"Polygon","coordinates":[[[77.3351669,23.4366316],[77.333107,23.4366316],[77.3312187,23.4383641],[77.332077,23.4394666],[77.3329353,23.4389941],[77.333107,23.4385216],[77.3332787,23.4386791],[77.3339653,23.4402541],[77.334137,23.4416715],[77.3351669,23.4423015],[77.3358536,23.4419865],[77.3361969,23.4423015],[77.3366314,23.4421114],[77.3363686,23.441199],[77.3373985,23.4402541],[77.3373985,23.4393091],[77.3369171,23.4384244],[77.3358536,23.4372616],[77.3351669,23.4366316]]]},"properties":{"category":"water","name":"","reference_point":[77.33476517170455,23.439139385183818],"voltage":null,"operator":null,"source":"OpenStreetMap","tier":"B","retrieved":"2026-09-05T20:06:07Z","source_url":"https://www.openstreetmap.org/way/118840108"}},{"type":"Feature","id":"osm-way-131173735","geometry":{"type":"Polygon","coordinates":[[[77.4250316,23.2047277],[77.4249781,23.2048263],[77.4249029,23.2048855],[77.4248385,23.2049841],[77.4247956,23.2051024],[77.4248385,23.2052208],[77.4247956,23.2052997],[77.4248171,23.205413],[77.425096,23.2053983],[77.4251175,23.2053588],[77.425375,23.2053983],[77.4254179,23.2053588],[77.4255895,23.2053687],[77.4256754,23.2053687],[77.4257076,23.2053194],[77.4257827,23.2052602],[77.4257719,23.2051715],[77.4258042,23.2050729],[77.4258149,23.2050039],[77.4258256,23.2049348],[77.4258363,23.2048461],[77.4257935,23.2047869],[77.4256968,23.2046686],[77.4256968,23.2044319],[77.4257398,23.2043925],[77.4257398,23.2038402],[77.4256325,23.2037416],[77.4255037,23.2037022],[77.4253106,23.2038008],[77.4254179,23.2038994],[77.4253642,23.2039093],[77.4253857,23.2039585],[77.4253321,23.2040078],[77.4253106,23.2040769],[77.425257,23.2041854],[77.4252355,23.2042446],[77.4251819,23.2043728],[77.4251712,23.2044418],[77.4251175,23.2045108],[77.4251068,23.2046193],[77.4250316,23.2047277]]]},"properties":{"category":"water","name":"","reference_point":[77.42538437971606,23.204719131481422],"voltage":null,"operator":null,"source":"OpenStreetMap","tier":"B","retrieved":"2026-09-05T20:06:07Z","source_url":"https://www.openstreetmap.org/way/131173735"}},{"type":"Feature","id":"osm-way-131173837","geometry":{"type":"Polygon","coordinates":[[[77.3861504,23.3642605],[77.3862362,23.3642605],[77.3863649,23.3640636],[77.3866224,23.3640242],[77.3869658,23.3637878],[77.3872232,23.363906],[77.3876524,23.3638666],[77.3876953,23.3639454],[77.3879099,23.3638272],[77.3880601,23.3640045],[77.3880172,23.3640833],[77.3880172,23.3642802],[77.3880816,23.3643393],[77.3884249,23.3639848],[77.3885536,23.3640636],[77.388854,23.364103],[77.3889828,23.3640242],[77.3891544,23.3640636],[77.3894978,23.3640636],[77.3897338,23.3639257],[77.3898625,23.3636499],[77.3898196,23.3635711],[77.3899484,23.3633741],[77.3899484,23.3628226],[77.3898625,23.3627438],[77.3898196,23.3626256],[77.3894978,23.3623695],[77.389369,23.3623695],[77.3890257,23.3622119],[77.3882532,23.3622119],[77.3878241,23.3622907],[77.3877811,23.3623301],[77.3876095,23.3623301],[77.3875666,23.3623695],[77.3874378,23.3623301],[77.3873091,23.3623695],[77.3872232,23.3624483],[77.3870516,23.3624483],[77.3869872,23.3627044],[77.3869228,23.3628029],[77.3868585,23.3628226],[77.3867726,23.3630195],[77.386601,23.3631377],[77.3864079,23.3633544],[77.3862362,23.3633938],[77.386086,23.3634923],[77.386086,23.3636893],[77.3860002,23.3637681],[77.3860431,23.3638863],[77.3857427,23.3640833],[77.3857641,23.3641423],[77.38585,23.3641423],[77.3859787,23.3642211],[77.3861504,23.3642605]]]},"properties":{"category":"water","name":"","reference_point":[77.38816283286901,23.363230749472088],"voltage":null,"operator":null,"source":"OpenStreetMap","tier":"B","retrieved":"2026-09-05T20:06:07Z","source_url":"https://www.openstreetmap.org/way/131173837"}},{"type":"Feature","id":"osm-way-138758260","geometry":{"type":"Polygon","coordinates":[[[77.3418617,23.1945903],[77.3418188,23.1945903],[77.3417759,23.1946298],[77.3416901,23.1946298],[77.3415399,23.1945312],[77.3414312,23.1942674],[77.341218,23.1941959],[77.3411751,23.1942353],[77.3410557,23.1943795],[77.3409712,23.1943956],[77.3411228,23.1944868],[77.3411053,23.1945607],[77.3407768,23.1944215],[77.3405246,23.1940467],[77.3403597,23.1939197],[77.340188,23.1939592],[77.3400318,23.1939223],[77.3398782,23.193868],[77.339716,23.1939197],[77.339545,23.1939413],[77.3393472,23.19426],[77.3392754,23.19426],[77.3391581,23.1942353],[77.3390722,23.1943142],[77.3389864,23.1942353],[77.3388791,23.1944128],[77.3388791,23.1944917],[77.3387718,23.1945114],[77.3387074,23.1945706],[77.3387504,23.1946495],[77.3385787,23.1947678],[77.3385358,23.1948467],[77.3385358,23.1950045],[77.3387289,23.1951426],[77.3387504,23.1950045],[77.3388577,23.1949059],[77.3390079,23.1950045],[77.3390508,23.1951229],[77.3390508,23.1956357],[77.3391366,23.195754],[77.3389864,23.1957737],[77.3389006,23.1958132],[77.3388362,23.195754],[77.3388362,23.1955962],[77.3385572,23.1952609],[77.3384929,23.1952806],[77.3382783,23.1956751],[77.338407,23.195754],[77.3382783,23.1959118],[77.3383427,23.195971],[77.3383856,23.1958526],[77.3385572,23.1957737],[77.3385787,23.1957934],[77.3386216,23.1959512],[77.3385358,23.1959907],[77.3386645,23.1960301],[77.3385787,23.1960696],[77.3386002,23.1961682],[77.3388577,23.1960893],[77.3389864,23.1961682],[77.339201,23.1960104],[77.3393512,23.1960301],[77.3393726,23.1961287],[77.3394585,23.1961287],[77.3395658,23.1960696],[77.3394156,23.1958526],[77.3393726,23.1958921],[77.3392224,23.1958723],[77.3392439,23.1958132],[77.3393297,23.1958132],[77.3393726,23.1957737],[77.3397589,23.1958921],[77.340188,23.1958526],[77.3405313,23.1960498],[77.3406601,23.1960498],[77.3408747,23.1959315],[77.3416257,23.1951229],[77.3418617,23.1945903]]]},"properties":{"category":"water","name":"","reference_point":[77.3400491940226,23.19503602685129],"voltage":null,"operator":null,"source":"OpenStreetMap","tier":"B","retrieved":"2026-09-05T20:06:07Z","source_url":"https://www.openstreetmap.org/way/138758260"}},{"type":"Feature","id":"osm-way-155469522","geometry":{"type":"Polygon","coordinates":[[[77.5207775,23.0910288],[77.5202849,23.0907587],[77.5198799,23.0910424],[77.519542,23.0911214],[77.5188392,23.0910079],[77.5178683,23.0907661],[77.5174942,23.0905825],[77.5170814,23.0903799],[77.5167528,23.090351],[77.5160592,23.09029],[77.5160058,23.0902576],[77.5154636,23.0899289],[77.5149232,23.0896012],[77.5213512,23.0802133],[77.5221639,23.079055],[77.5247596,23.075256],[77.5260285,23.075256],[77.5267218,23.075256],[77.5286322,23.0727145],[77.5296357,23.073281],[77.5297682,23.0733558],[77.5298014,23.0733303],[77.5303829,23.0727071],[77.5317836,23.0726547],[77.532292,23.0725116],[77.5335954,23.0733111],[77.5334621,23.0735063],[77.5331706,23.0739563],[77.5333688,23.0741032],[77.5336666,23.0743059],[77.532953,23.0754086],[77.5324327,23.0750779],[77.5250463,23.0854905],[77.5210172,23.0911461],[77.5207775,23.0910288]]]},"properties":{"category":"industrial","name":"","reference_point":[77.5240733628919,23.08190038279346],"voltage":null,"operator":null,"source":"OpenStreetMap","tier":"B","retrieved":"2026-09-05T20:06:07Z","source_url":"https://www.openstreetmap.org/way/155469522"}},{"type":"Feature","id":"osm-way-155469523","geometry":{"type":"Polygon","coordinates":[[[77.5100722,23.1077692],[77.5098893,23.1076629],[77.5107622,23.1065396],[77.5115042,23.1055279],[77.5115575,23.1054552],[77.5167748,23.0983411],[77.518367,23.09617],[77.5199963,23.0940069],[77.5211294,23.0925008],[77.526163,23.0951193],[77.5274044,23.0935072],[77.5313929,23.0926981],[77.5336477,23.0923004],[77.5357655,23.0918111],[77.5366783,23.0924325],[77.5308009,23.1008579],[77.5324532,23.101879],[77.5312144,23.104558],[77.5299597,23.1036942],[77.5291765,23.1050363],[77.529273,23.1051251],[77.5287795,23.1059245],[77.5294608,23.1064277],[77.5291389,23.1068471],[77.5270414,23.1054311],[77.5258237,23.1072271],[77.5256572,23.1074677],[77.5234965,23.1108333],[77.5232987,23.1111413],[77.5232434,23.1112581],[77.5221089,23.1104934],[77.5216453,23.1110947],[77.5205373,23.1127488],[77.5196601,23.114217],[77.5195259,23.1144404],[77.5195366,23.1148598],[77.5198531,23.1152594],[77.520234,23.1152989],[77.5204968,23.1152052],[77.520647,23.1153877],[77.5205773,23.1155407],[77.5209153,23.1157232],[77.520116,23.1160735],[77.5200677,23.1163942],[77.5200838,23.117524],[77.517702,23.1163819],[77.5167471,23.1160044],[77.5162858,23.1159156],[77.5159371,23.116182],[77.5153497,23.1159896],[77.5150037,23.1157676],[77.5150777,23.1153362],[77.5154275,23.1148943],[77.5141373,23.1132769],[77.5145213,23.1126596],[77.5144538,23.1126088],[77.5141615,23.1120229],[77.5138664,23.1116307],[77.5138396,23.1115985],[77.5138235,23.1109621],[77.5134426,23.1103404],[77.5124395,23.1098618],[77.5113183,23.1095904],[77.5105351,23.109176],[77.5099719,23.1085346],[77.5100722,23.1077692]]]},"properties":{"category":"industrial","name":"","reference_point":[77.52221304363516,23.103029081486827],"voltage":null,"operator":null,"source":"OpenStreetMap","tier":"B","retrieved":"2026-09-05T20:06:07Z","source_url":"https://www.openstreetmap.org/way/155469523"}},{"type":"Feature","id":"osm-way-155469524","geometry":{"type":"Polygon","coordinates":[[[77.5589954,23.0736212],[77.5721044,23.0729929],[77.5720497,23.0756789],[77.5720082,23.0777125],[77.5447315,23.0793182],[77.5416442,23.0808613],[77.5385124,23.0853138],[77.5373843,23.0869176],[77.5346993,23.0907649],[77.5257226,23.0926046],[77.5245015,23.0928548],[77.5218939,23.0914537],[77.5325555,23.0772194],[77.5341835,23.075056],[77.5348366,23.0741737],[77.5355548,23.074086],[77.5362414,23.0739478],[77.5363165,23.0747325],[77.5381243,23.0745992],[77.5380546,23.0732963],[77.5387359,23.0729015],[77.5392723,23.0740218],[77.5430569,23.0735061],[77.5437301,23.0722105],[77.544449,23.0720033],[77.5446904,23.0733506],[77.5458974,23.0731137],[77.5458705,23.0741402],[77.5464472,23.0743228],[77.551825,23.0739897],[77.5526726,23.0739552],[77.5526431,23.073659],[77.5536203,23.0735712],[77.5536168,23.0731828],[77.5539118,23.0729212],[77.5542176,23.0722994],[77.5548667,23.0720477],[77.5550115,23.0715887],[77.5581121,23.0714702],[77.5583106,23.0719095],[77.5583428,23.0723635],[77.5581068,23.0726991],[77.5573558,23.0730101],[77.5572377,23.0731433],[77.5574094,23.0732914],[77.5579727,23.0734444],[77.5589704,23.0735431],[77.5589954,23.0736212]]]},"properties":{"category":"industrial","name":"","reference_point":[77.54366265560517,23.080138122066572],"voltage":null,"operator":null,"source":"OpenStreetMap","tier":"B","retrieved":"2026-09-05T20:06:07Z","source_url":"https://www.openstreetmap.org/way/155469524"}},{"type":"Feature","id":"osm-way-178708223","geometry":{"type":"Polygon","coordinates":[[[77.4554159,23.2513356],[77.4659033,23.2498227],[77.4659144,23.2487351],[77.4660345,23.2336609],[77.4658265,23.2335496],[77.4625529,23.2335057],[77.4625815,23.232769],[77.4601478,23.2327427],[77.4601059,23.2334653],[77.4599676,23.2334652],[77.4597526,23.2334651],[77.4551181,23.2334619],[77.4549885,23.2424275],[77.4549558,23.2446895],[77.4549237,23.2469126],[77.454867,23.2508351],[77.4554159,23.2513356]]]},"properties":{"category":"industrial","name":"Bharat Heavy Electrical Limited","reference_point":[77.46040269209682,23.241983358866644],"voltage":null,"operator":null,"source":"OpenStreetMap","tier":"B","retrieved":"2026-09-05T20:06:07Z","source_url":"https://www.openstreetmap.org/way/178708223"}},{"type":"Feature","id":"osm-way-238506833","geometry":{"type":"Polygon","coordinates":[[[77.3669057,23.2246229],[77.3665792,23.2248684],[77.3666014,23.2249776],[77.3667387,23.2250697],[77.3668241,23.2250168],[77.3668723,23.2250901],[77.3667963,23.2251498],[77.366915,23.2256682],[77.3668427,23.2258097],[77.3671878,23.2258694],[77.3674327,23.2257518],[77.3676202,23.2258183],[77.3677296,23.2257586],[77.3675478,23.2256034],[77.3676183,23.2254704],[77.3677259,23.2255233],[77.3676795,23.2256358],[77.3677426,23.2256767],[77.3678707,23.2255284],[77.367956,23.225525],[77.3679931,23.2252487],[77.3679245,23.225143],[77.3681156,23.2249554],[77.3682696,23.224952],[77.3684236,23.2247303],[77.3682511,23.2246877],[77.3679245,23.2248974],[77.3679746,23.2249793],[77.3679263,23.2250509],[77.3675663,23.2250663],[77.3675292,23.2252487],[77.367416,23.2250492],[77.3671024,23.225039],[77.3672082,23.224923],[77.3671748,23.2247678],[77.3669057,23.2246229]]]},"properties":{"category":"water","name":"","reference_point":[77.36734658928609,23.225263694682116],"voltage":null,"operator":null,"source":"OpenStreetMap","tier":"B","retrieved":"2026-09-05T20:06:07Z","source_url":"https://www.openstreetmap.org/way/238506833"}},{"type":"Feature","id":"osm-way-238798599","geometry":{"type":"Polygon","coordinates":[[[77.3663378,23.2228972],[77.366217,23.2226937],[77.3663796,23.2223151],[77.3663533,23.2221457],[77.3664183,23.2220717],[77.3665624,23.2221585],[77.3667436,23.2220788],[77.3666414,23.2222126],[77.366708,23.2222838],[77.3665995,23.2222994],[77.3664493,23.2228787],[77.3663378,23.2228972]]]},"properties":{"category":"water","name":"","reference_point":[77.3664397429355,23.222470757253163],"voltage":null,"operator":null,"source":"OpenStreetMap","tier":"B","retrieved":"2026-09-05T20:06:07Z","source_url":"https://www.openstreetmap.org/way/238798599"}},{"type":"Feature","id":"osm-way-238798600","geometry":{"type":"Polygon","coordinates":[[[77.3818063,23.219711],[77.3817639,23.2196034],[77.3818402,23.2192306],[77.3819115,23.2191651],[77.3824768,23.2192041],[77.3834681,23.2193585],[77.3835937,23.2198343],[77.3832169,23.2199794],[77.383003,23.2199435],[77.3829606,23.2197968],[77.3827603,23.2197547],[77.3820066,23.2198093],[77.3818063,23.219711]]]},"properties":{"category":"water","name":"","reference_point":[77.38266493929524,23.219543531306083],"voltage":null,"operator":null,"source":"OpenStreetMap","tier":"B","retrieved":"2026-09-05T20:06:07Z","source_url":"https://www.openstreetmap.org/way/238798600"}},{"type":"Feature","id":"osm-way-238798602","geometry":{"type":"Polygon","coordinates":[[[77.3666377,23.2201173],[77.3664011,23.2201696],[77.3660923,23.2199543],[77.3656761,23.2199945],[77.3654045,23.2198939],[77.3650212,23.2199281],[77.3646182,23.219759],[77.3648394,23.2193121],[77.3653103,23.2195939],[77.3656608,23.2195295],[77.365893,23.2197369],[77.3662369,23.2197248],[77.3663595,23.2199341],[77.3666377,23.2201173]]]},"properties":{"category":"water","name":"","reference_point":[77.36548383206461,23.219762223299625],"voltage":null,"operator":null,"source":"OpenStreetMap","tier":"B","retrieved":"2026-09-05T20:06:07Z","source_url":"https://www.openstreetmap.org/way/238798602"}},{"type":"Feature","id":"osm-way-238798604","geometry":{"type":"Polygon","coordinates":[[[77.3667595,23.2203732],[77.3668471,23.2204617],[77.3672217,23.2204839],[77.3675612,23.220349],[77.3677211,23.2204678],[77.3684023,23.2204154],[77.3684877,23.2205704],[77.3684746,23.2207556],[77.3686213,23.2205483],[77.3684987,23.2203611],[77.368595,23.2202242],[77.3680365,23.2202705],[77.3676882,23.2200813],[77.3674144,23.2200591],[77.3673137,23.2199504],[77.3671625,23.2199907],[77.3667595,23.2203732]]]},"properties":{"category":"water","name":"","reference_point":[77.3676127478258,23.220292755117985],"voltage":null,"operator":null,"source":"OpenStreetMap","tier":"B","retrieved":"2026-09-05T20:06:07Z","source_url":"https://www.openstreetmap.org/way/238798604"}},{"type":"Feature","id":"osm-way-238798605","geometry":{"type":"Polygon","coordinates":[[[77.3839648,23.2146789],[77.38432,23.2149668],[77.3843405,23.2150804],[77.3844125,23.2151389],[77.3845169,23.2151157],[77.3847125,23.2152668],[77.3848894,23.215267],[77.3852831,23.2151038],[77.3853503,23.2149251],[77.3852783,23.2146956],[77.3855352,23.2145059],[77.3855832,23.2147464],[77.3858665,23.2148501],[77.3854344,23.2153178],[77.3856072,23.2155759],[77.3858689,23.2155538],[77.3861617,23.2153685],[77.3866202,23.2155759],[77.3868291,23.2159752],[77.3869323,23.2160282],[77.3868963,23.2161716],[77.386577,23.2161782],[77.3863394,23.2159973],[77.3860681,23.2159576],[77.3855712,23.216112],[77.3850263,23.2164584],[77.3843445,23.2160348],[77.3845293,23.21577],[77.3842917,23.2155759],[77.384006,23.215598],[77.3834971,23.2152913],[77.3839648,23.2146789]]]},"properties":{"category":"water","name":"","reference_point":[77.38514837213587,23.215580627659836],"voltage":null,"operator":null,"source":"OpenStreetMap","tier":"B","retrieved":"2026-09-05T20:06:07Z","source_url":"https://www.openstreetmap.org/way/238798605"}},{"type":"Feature","id":"osm-way-238798606","geometry":{"type":"Polygon","coordinates":[[[77.3819424,23.2190692],[77.3823294,23.2190926],[77.3823039,23.2190193],[77.3823633,23.2189054],[77.3824567,23.2188898],[77.3825195,23.2189662],[77.3824974,23.2190442],[77.382438,23.2191144],[77.3825789,23.2191566],[77.3834191,23.2192767],[77.3836687,23.21918],[77.3836907,23.2189553],[77.3839216,23.2187572],[77.3841524,23.2187572],[77.3842034,23.2185996],[77.3840828,23.2182611],[77.3839844,23.2181691],[77.3839987,23.2180878],[77.3840014,23.2180724],[77.3838961,23.2179991],[77.3838282,23.2180911],[77.3836992,23.2181098],[77.383723,23.2178509],[77.3834005,23.2176668],[77.383246,23.2176715],[77.3831,23.2177635],[77.3831136,23.2179959],[77.3830457,23.2180739],[77.3828284,23.2182892],[77.3826943,23.2185965],[77.3825568,23.2186901],[77.3824092,23.2185653],[77.3821444,23.2186636],[77.381832,23.2189101],[77.3818286,23.2190146],[77.3819424,23.2190692]]]},"properties":{"category":"water","name":"","reference_point":[77.38319949475701,23.21858893271186],"voltage":null,"operator":null,"source":"OpenStreetMap","tier":"B","retrieved":"2026-09-05T20:06:07Z","source_url":"https://www.openstreetmap.org/way/238798606"}},{"type":"Feature","id":"osm-way-238798607","geometry":{"type":"Polygon","coordinates":[[[77.3650814,23.2217316],[77.3650924,23.2218564],[77.3651438,23.2218896],[77.3651909,23.2218595],[77.3653377,23.2218766],[77.3654724,23.2218454],[77.3655469,23.2218715],[77.3657144,23.2217347],[77.3658251,23.2217266],[77.3659116,23.2216702],[77.366032,23.2217789],[77.3661481,23.2217799],[77.3662905,23.2219229],[77.3663036,23.2219762],[77.3664055,23.2220004],[77.366526,23.2219531],[77.3664241,23.2217306],[77.3663277,23.2217186],[77.3663157,23.2216209],[77.3663672,23.2215746],[77.3662127,23.2215766],[77.3661054,23.221639],[77.3660528,23.2215776],[77.3660956,23.2214851],[77.3661525,23.2214357],[77.3659729,23.2214931],[77.365893,23.221474],[77.3657791,23.2213854],[77.365675,23.2213703],[77.3655994,23.2214216],[77.3655918,23.2215082],[77.3653815,23.2216169],[77.3652829,23.2215897],[77.3652369,23.2215464],[77.3652096,23.2215666],[77.3652216,23.221637],[77.3650814,23.2217316]]]},"properties":{"category":"water","name":"","reference_point":[77.36578646013713,23.221686525472172],"voltage":null,"operator":null,"source":"OpenStreetMap","tier":"B","retrieved":"2026-09-05T20:06:07Z","source_url":"https://www.openstreetmap.org/way/238798607"}},{"type":"Feature","id":"osm-way-238798609","geometry":{"type":"Polygon","coordinates":[[[77.3805255,23.2166672],[77.3810076,23.2165159],[77.3809635,23.216232],[77.3803677,23.2164005],[77.3805255,23.2166672]]]},"properties":{"category":"water","name":"","reference_point":[77.38071195298207,23.216450014571237],"voltage":null,"operator":null,"source":"OpenStreetMap","tier":"B","retrieved":"2026-09-05T20:06:07Z","source_url":"https://www.openstreetmap.org/way/238798609"}},{"type":"Feature","id":"osm-way-238798611","geometry":{"type":"Polygon","coordinates":[[[77.380534,23.2170229],[77.3809957,23.2168934],[77.3809957,23.2171368],[77.3806494,23.2172694],[77.380534,23.2170229]]]},"properties":{"category":"water","name":"","reference_point":[77.38078725651398,23.217076921342017],"voltage":null,"operator":null,"source":"OpenStreetMap","tier":"B","retrieved":"2026-09-05T20:06:07Z","source_url":"https://www.openstreetmap.org/way/238798611"}},{"type":"Feature","id":"osm-way-238798612","geometry":{"type":"Polygon","coordinates":[[[77.3673993,23.2199398],[77.3680421,23.2193776],[77.3680034,23.2193221],[77.3673436,23.2198886],[77.3673993,23.2199398]]]},"properties":{"category":"water","name":"","reference_point":[77.36769102228925,23.219637149310703],"voltage":null,"operator":null,"source":"OpenStreetMap","tier":"B","retrieved":"2026-09-05T20:06:07Z","source_url":"https://www.openstreetmap.org/way/238798612"}},{"type":"Feature","id":"osm-way-238798613","geometry":{"type":"Polygon","coordinates":[[[77.3804933,23.2167203],[77.3810093,23.2165611],[77.3810959,23.2168248],[77.3805544,23.2169589],[77.3804933,23.2167203]]]},"properties":{"category":"water","name":"","reference_point":[77.38079363880752,23.216765490677155],"voltage":null,"operator":null,"source":"OpenStreetMap","tier":"B","retrieved":"2026-09-05T20:06:07Z","source_url":"https://www.openstreetmap.org/way/238798613"}},{"type":"Feature","id":"osm-way-238798615","geometry":{"type":"Polygon","coordinates":[[[77.3643706,23.2223154],[77.3645305,23.2224814],[77.3645733,23.2224704],[77.3647792,23.2222842],[77.3646412,23.222102],[77.3643706,23.2223154]]]},"properties":{"category":"water","name":"","reference_point":[77.36458102787515,23.222298880890804],"voltage":null,"operator":null,"source":"OpenStreetMap","tier":"B","retrieved":"2026-09-05T20:06:07Z","source_url":"https://www.openstreetmap.org/way/238798615"}},{"type":"Feature","id":"osm-way-238798616","geometry":{"type":"Polygon","coordinates":[[[77.38371,23.2166636],[77.3843726,23.217149],[77.3839549,23.2177204],[77.3838012,23.2177469],[77.3833403,23.2172902],[77.3833259,23.2169879],[77.38371,23.2166636]]]},"properties":{"category":"water","name":"","reference_point":[77.38380178338808,23.2172043403853],"voltage":null,"operator":null,"source":"OpenStreetMap","tier":"B","retrieved":"2026-09-05T20:06:07Z","source_url":"https://www.openstreetmap.org/way/238798616"}},{"type":"Feature","id":"osm-way-238798617","geometry":{"type":"Polygon","coordinates":[[[77.3643247,23.2223395],[77.3645119,23.2225287],[77.3642469,23.222724],[77.363949,23.2227612],[77.3638833,23.2227904],[77.3639074,23.2226968],[77.3643247,23.2223395]]]},"properties":{"category":"water","name":"","reference_point":[77.36421477712891,23.22258245889531],"voltage":null,"operator":null,"source":"OpenStreetMap","tier":"B","retrieved":"2026-09-05T20:06:07Z","source_url":"https://www.openstreetmap.org/way/238798617"}},{"type":"Feature","id":"osm-way-238798618","geometry":{"type":"Polygon","coordinates":[[[77.3664507,23.2213373],[77.366006,23.2210173],[77.3660038,23.2209307],[77.3666785,23.2204074],[77.3668318,23.2205443],[77.3668362,23.220657],[77.3664003,23.2210173],[77.3664507,23.2213373]]]},"properties":{"category":"water","name":"","reference_point":[77.3664197558452,23.220835145691915],"voltage":null,"operator":null,"source":"OpenStreetMap","tier":"B","retrieved":"2026-09-05T20:06:07Z","source_url":"https://www.openstreetmap.org/way/238798618"}},{"type":"Feature","id":"osm-way-238798619","geometry":{"type":"Polygon","coordinates":[[[77.3842453,23.2161033],[77.3848719,23.2164982],[77.3848593,23.2165169],[77.3845526,23.2169703],[77.3844038,23.2170497],[77.3838228,23.2166107],[77.3838516,23.2164518],[77.3839597,23.2164496],[77.3842453,23.2161033]]]},"properties":{"category":"water","name":"","reference_point":[77.3843451304573,23.21657879602576],"voltage":null,"operator":null,"source":"OpenStreetMap","tier":"B","retrieved":"2026-09-05T20:06:07Z","source_url":"https://www.openstreetmap.org/way/238798619"}},{"type":"Feature","id":"osm-way-238798620","geometry":{"type":"Polygon","coordinates":[[[77.3648514,23.2222057],[77.3647813,23.2220014],[77.3649401,23.2218383],[77.3649993,23.2218504],[77.3650124,23.2218816],[77.3649522,23.2219289],[77.3650234,23.2220175],[77.3648514,23.2222057]]]},"properties":{"category":"water","name":"","reference_point":[77.36490093605674,23.22201138892955],"voltage":null,"operator":null,"source":"OpenStreetMap","tier":"B","retrieved":"2026-09-05T20:06:07Z","source_url":"https://www.openstreetmap.org/way/238798620"}},{"type":"Feature","id":"osm-way-238798621","geometry":{"type":"Polygon","coordinates":[[[77.3649822,23.2215489],[77.3650775,23.2214673],[77.3650731,23.221257],[77.3648891,23.2211875],[77.3647051,23.221261],[77.3646032,23.2213838],[77.3647752,23.221573],[77.3649822,23.2215489]]]},"properties":{"category":"water","name":"","reference_point":[77.36486645192952,23.221383455719387],"voltage":null,"operator":null,"source":"OpenStreetMap","tier":"B","retrieved":"2026-09-05T20:06:07Z","source_url":"https://www.openstreetmap.org/way/238798621"}},{"type":"Feature","id":"osm-way-257035896","geometry":{"type":"Polygon","coordinates":[[[77.392866,23.2630409],[77.3930154,23.2630478],[77.393023,23.2629088],[77.3928736,23.2629018],[77.392866,23.2630409]]]},"properties":{"category":"water","name":"","reference_point":[77.3929444910922,23.262974824161695],"voltage":null,"operator":null,"source":"OpenStreetMap","tier":"B","retrieved":"2026-09-05T20:06:07Z","source_url":"https://www.openstreetmap.org/way/257035896"}},{"type":"Feature","id":"osm-way-293560338","geometry":{"type":"Polygon","coordinates":[[[77.4131491,23.2853252],[77.4132584,23.2853776],[77.413451,23.2854189],[77.4135316,23.2854688],[77.4136047,23.2854858],[77.41367,23.2855366],[77.4137058,23.2856192],[77.4137489,23.2856773],[77.4137661,23.2857309],[77.413781,23.2857603],[77.413785,23.2857851],[77.4137746,23.2858134],[77.413753,23.2858294],[77.4136987,23.2858459],[77.4132672,23.285902],[77.4123972,23.2859186],[77.4122177,23.2859959],[77.4120137,23.2862163],[77.4118696,23.2861922],[77.4111749,23.2863423],[77.4109278,23.2858996],[77.4107092,23.2851154],[77.4107166,23.2850551],[77.4107483,23.2850254],[77.4108166,23.2850177],[77.4109391,23.2850158],[77.4111094,23.2849862],[77.4112517,23.2850098],[77.4114706,23.2851035],[77.4116132,23.2851441],[77.4117311,23.2851511],[77.4118727,23.2851195],[77.4119278,23.2850743],[77.4119558,23.2850399],[77.4121639,23.2845526],[77.412277,23.2844067],[77.4123763,23.2843361],[77.4126158,23.2843034],[77.4126956,23.2843316],[77.4128386,23.2844403],[77.4129149,23.2846402],[77.4130737,23.2852168],[77.4131491,23.2853252]]]},"properties":{"category":"water","name":"Solar evaporation pond","reference_point":[77.41213208186984,23.28543235839724],"voltage":null,"operator":null,"source":"OpenStreetMap","tier":"B","retrieved":"2026-09-05T20:06:07Z","source_url":"https://www.openstreetmap.org/way/293560338"}},{"type":"Feature","id":"osm-way-301133484","geometry":{"type":"Polygon","coordinates":[[[77.4049162,23.2890368],[77.4059551,23.2892579],[77.4094003,23.28882],[77.4093466,23.2877305],[77.410491,23.2875169],[77.410944,23.2875279],[77.4131732,23.2899313],[77.4121123,23.2907197],[77.4120706,23.2919351],[77.4085539,23.2919406],[77.408536,23.2906704],[77.407458,23.2906618],[77.4063902,23.2907361],[77.4050074,23.2908566],[77.4049162,23.2890368]]]},"properties":{"category":"industrial","name":"","reference_point":[77.40945347860547,23.28994265231787],"voltage":null,"operator":null,"source":"OpenStreetMap","tier":"B","retrieved":"2026-09-05T20:06:07Z","source_url":"https://www.openstreetmap.org/way/301133484"}},{"type":"Feature","id":"osm-way-355982829","geometry":{"type":"Polygon","coordinates":[[[77.4704082,23.245081],[77.4703006,23.2450018],[77.4702661,23.2448594],[77.4703609,23.2446219],[77.4705676,23.244527],[77.4706796,23.2444003],[77.4706581,23.2442895],[77.4707873,23.2442262],[77.4709337,23.2442895],[77.4708863,23.2441708],[77.4708993,23.2440402],[77.4707916,23.2439294],[77.4707571,23.2436207],[77.470882,23.2434941],[77.4709466,23.2433476],[77.4710931,23.2432685],[77.4714032,23.2432566],[77.4715755,23.2431577],[77.4717305,23.2430508],[77.471933,23.2430587],[77.4720665,23.2429598],[77.4722344,23.2424651],[77.4724197,23.2423899],[77.4725446,23.2422672],[77.472635,23.2421287],[77.4727125,23.2420773],[77.4727987,23.2421445],[77.4728331,23.2423701],[77.4728461,23.2428608],[77.4728159,23.2433278],[77.4725876,23.2435772],[77.4721052,23.2439531],[77.472032,23.2441154],[77.4719588,23.2442578],[77.4718985,23.2444122],[77.4717391,23.2445349],[77.4716142,23.2446061],[77.4714764,23.2446536],[77.4712998,23.2447525],[77.4710801,23.2447684],[77.4708433,23.2448673],[77.4705633,23.2449385],[77.4704082,23.245081]]]},"properties":{"category":"water","name":"Sarangpani Lake","reference_point":[77.47169648133789,23.24368437547704],"voltage":null,"operator":null,"source":"OpenStreetMap","tier":"B","retrieved":"2026-09-05T20:06:07Z","source_url":"https://www.openstreetmap.org/way/355982829"}},{"type":"Feature","id":"osm-way-360267596","geometry":{"type":"Polygon","coordinates":[[[77.4002712,23.2116978],[77.4002078,23.2115748],[77.3999754,23.2112431],[77.3997888,23.211002],[77.3995388,23.2105877],[77.3994631,23.2104567],[77.3993909,23.2101622],[77.3993434,23.2099971],[77.3993522,23.2098806],[77.3994191,23.209858],[77.3995317,23.2098709],[77.3996497,23.2098288],[77.3997483,23.2097593],[77.3998627,23.2098062],[77.4000166,23.2099007],[77.4001328,23.2099023],[77.400205,23.2098489],[77.4003899,23.2097373],[77.4005325,23.2097179],[77.4007174,23.2097227],[77.4008882,23.2096936],[77.4009973,23.2095868],[77.4011153,23.2095043],[77.4011716,23.2094654],[77.4012561,23.2095107],[77.4013406,23.2095415],[77.4015459,23.209585],[77.4015982,23.2097475],[77.4016431,23.2098573],[77.4017352,23.2099512],[77.40179,23.2100427],[77.4018398,23.2101342],[77.4018896,23.2102052],[77.4018373,23.2102372],[77.4017576,23.2102395],[77.4016953,23.2102441],[77.401663,23.2102029],[77.4016007,23.2102052],[77.4015559,23.2101731],[77.4015011,23.2101548],[77.4013766,23.2100839],[77.4013194,23.2100656],[77.4012696,23.2101297],[77.4012198,23.2101068],[77.4011799,23.210061],[77.4010828,23.2101114],[77.4010206,23.2102029],[77.4010056,23.2103036],[77.4010081,23.2104249],[77.4010554,23.2104867],[77.4011301,23.2105736],[77.4011401,23.2106446],[77.4011102,23.2106857],[77.4011003,23.2107864],[77.401028,23.2108688],[77.4009384,23.2110198],[77.400906,23.2111571],[77.4009011,23.2112601],[77.4009683,23.2113654],[77.4010679,23.2114729],[77.4011326,23.2115507],[77.4012198,23.2116057],[77.4013816,23.2116766],[77.4014239,23.2116972],[77.401399,23.2117613],[77.4012671,23.2117155],[77.401155,23.2116697],[77.4010629,23.2116491],[77.40055,23.2116675],[77.4004479,23.2116995],[77.4003458,23.2117064],[77.4002712,23.2116978]]]},"properties":{"category":"water","name":"","reference_point":[77.40049249469064,23.210517169020513],"voltage":null,"operator":null,"source":"OpenStreetMap","tier":"B","retrieved":"2026-09-05T20:06:07Z","source_url":"https://www.openstreetmap.org/way/360267596"}},{"type":"Feature","id":"osm-way-360334141","geometry":{"type":"Polygon","coordinates":[[[77.4601445,23.2314717],[77.4601199,23.2314129],[77.4601232,23.2313361],[77.4601429,23.2312563],[77.4601822,23.2312066],[77.4602395,23.2311871],[77.4602985,23.2312036],[77.4603379,23.2312488],[77.460387,23.2312609],[77.4604476,23.2312473],[77.4605034,23.2311901],[77.4605574,23.2311765],[77.4606,23.2312097],[77.4606148,23.2312654],[77.460564,23.2313452],[77.4605034,23.2313798],[77.46041,23.2313738],[77.4603794,23.2313853],[77.460346,23.2313979],[77.4602969,23.2314596],[77.4602313,23.2315018],[77.460174,23.2314927],[77.4601445,23.2314717]]]},"properties":{"category":"water","name":"","reference_point":[77.46033203837996,23.231323363733626],"voltage":null,"operator":null,"source":"OpenStreetMap","tier":"B","retrieved":"2026-09-05T20:06:07Z","source_url":"https://www.openstreetmap.org/way/360334141"}},{"type":"Feature","id":"osm-way-360348419","geometry":{"type":"Polygon","coordinates":[[[77.4572297,23.226158],[77.4572144,23.2260763],[77.457242,23.2259974],[77.4572389,23.2258988],[77.457245,23.2258368],[77.4573309,23.2257748],[77.4575087,23.2257523],[77.4576344,23.2258058],[77.4575976,23.2259045],[77.4575424,23.2259552],[77.4574627,23.2260763],[77.4574167,23.2261411],[77.4573615,23.226189],[77.4572818,23.2261862],[77.4572297,23.226158]]]},"properties":{"category":"water","name":"","reference_point":[77.45739461945014,23.22595048836895],"voltage":null,"operator":null,"source":"OpenStreetMap","tier":"B","retrieved":"2026-09-05T20:06:07Z","source_url":"https://www.openstreetmap.org/way/360348419"}},{"type":"Feature","id":"osm-way-360685153","geometry":{"type":"Polygon","coordinates":[[[77.450933,23.2446386],[77.450946,23.2435976],[77.4509475,23.2434814],[77.4509593,23.2425336],[77.4546637,23.2426423],[77.4546439,23.2446688],[77.450933,23.2446386]]]},"properties":{"category":"industrial","name":"Central Power Research Institute","reference_point":[77.452788219679,23.243620867194387],"voltage":null,"operator":null,"source":"OpenStreetMap","tier":"B","retrieved":"2026-09-05T20:06:07Z","source_url":"https://www.openstreetmap.org/way/360685153"}},{"type":"Feature","id":"osm-way-363114874","geometry":{"type":"Polygon","coordinates":[[[77.4208605,23.2129796],[77.4210216,23.2116057],[77.4210498,23.2113954],[77.4211713,23.2111487],[77.4213352,23.2109331],[77.4213748,23.2109149],[77.4215393,23.2109304],[77.4222423,23.2109967],[77.4222564,23.2110292],[77.4221434,23.2120122],[77.4220148,23.2130679],[77.4219993,23.2130964],[77.4219329,23.2130874],[77.4208958,23.2129939],[77.4208605,23.2129796]]]},"properties":{"category":"water","name":"","reference_point":[77.42156908681606,23.212014923306683],"voltage":null,"operator":null,"source":"OpenStreetMap","tier":"B","retrieved":"2026-09-05T20:06:07Z","source_url":"https://www.openstreetmap.org/way/363114874"}},{"type":"Feature","id":"osm-way-374427199","geometry":{"type":"Polygon","coordinates":[[[77.4121035,23.2165562],[77.412326,23.216488],[77.4120133,23.2162066],[77.4118908,23.2161888],[77.411836,23.2162658],[77.4118005,23.2163695],[77.4117618,23.2163814],[77.4116909,23.2163547],[77.4116877,23.2162688],[77.4116651,23.2162036],[77.4116103,23.2161592],[77.4115813,23.2160584],[77.4116103,23.2159844],[77.411591,23.2158925],[77.4114846,23.2158185],[77.4112686,23.2157059],[77.4111622,23.2156733],[77.4113041,23.2157977],[77.411462,23.2159222],[77.4115104,23.2160347],[77.4115394,23.2161384],[77.411562,23.2162866],[77.4115781,23.2163932],[77.4117006,23.216491],[77.4117522,23.2165354],[77.4118328,23.2165325],[77.4119198,23.2164969],[77.4119617,23.2164673],[77.4120165,23.2164821],[77.4120778,23.2165117],[77.4121035,23.2165562]]]},"properties":{"category":"water","name":"","reference_point":[77.41180006189684,23.216261073576966],"voltage":null,"operator":null,"source":"OpenStreetMap","tier":"B","retrieved":"2026-09-05T20:06:07Z","source_url":"https://www.openstreetmap.org/way/374427199"}},{"type":"Feature","id":"osm-way-375034316","geometry":{"type":"Polygon","coordinates":[[[77.4198093,23.2370673],[77.4199173,23.2373296],[77.4200325,23.2372895],[77.4199245,23.2370272],[77.4198093,23.2370673]]]},"properties":{"category":"water","name":"","reference_point":[77.4199209,23.237178400000005],"voltage":null,"operator":null,"source":"OpenStreetMap","tier":"B","retrieved":"2026-09-05T20:06:07Z","source_url":"https://www.openstreetmap.org/way/375034316"}},{"type":"Feature","id":"osm-way-377611264","geometry":{"type":"Polygon","coordinates":[[[77.3563518,23.2355125],[77.3564565,23.2353016],[77.3565226,23.2352948],[77.3566145,23.2353471],[77.3566622,23.2354551],[77.3566549,23.2357285],[77.3566843,23.2357353],[77.3567614,23.2357437],[77.3569983,23.2358382],[77.3569524,23.2359834],[77.356923,23.2360205],[77.3568569,23.2360104],[77.3567779,23.2359884],[77.356699,23.2359699],[77.356631,23.235926],[77.3565943,23.2358804],[77.3565704,23.2358112],[77.3565373,23.2357505],[77.3564988,23.235688],[77.3564216,23.2356712],[77.3563959,23.235602],[77.3563739,23.2355632],[77.3563518,23.2355125]]]},"properties":{"category":"water","name":"Turtle Pond","reference_point":[77.35664004035387,23.23567969126819],"voltage":null,"operator":null,"source":"OpenStreetMap","tier":"B","retrieved":"2026-09-05T20:06:07Z","source_url":"https://www.openstreetmap.org/way/377611264"}},{"type":"Feature","id":"osm-way-379316994","geometry":{"type":"Polygon","coordinates":[[[77.4503686,23.2248741],[77.4504083,23.2244989],[77.4503202,23.2245016],[77.4502688,23.2245151],[77.4501909,23.2245124],[77.4501557,23.2245246],[77.4501234,23.2245515],[77.4500558,23.2245502],[77.4500044,23.2245434],[77.4499706,23.2245637],[77.4499662,23.2245934],[77.4500088,23.2246325],[77.4500338,23.2246892],[77.4500382,23.224731],[77.4500499,23.224781],[77.4501131,23.2248134],[77.4502071,23.224839],[77.4502878,23.2248647],[77.4503686,23.2248741]]]},"properties":{"category":"water","name":"","reference_point":[77.45021755609685,23.224672341566638],"voltage":null,"operator":null,"source":"OpenStreetMap","tier":"B","retrieved":"2026-09-05T20:06:07Z","source_url":"https://www.openstreetmap.org/way/379316994"}},{"type":"Feature","id":"osm-way-380551822","geometry":{"type":"Polygon","coordinates":[[[77.3807949,23.1829188],[77.3807709,23.1828303],[77.3807949,23.1827583],[77.3808521,23.1827002],[77.3809274,23.1826781],[77.3810387,23.1826504],[77.381114,23.1826394],[77.3811892,23.1826449],[77.3812705,23.1826643],[77.3813487,23.1827002],[77.3813999,23.1827307],[77.3814631,23.1827749],[77.3814932,23.1828109],[77.3815413,23.1828939],[77.3815805,23.1829769],[77.3815714,23.1830516],[77.3815504,23.1831208],[77.3814812,23.1830987],[77.381442,23.1830959],[77.3813999,23.1831097],[77.3813397,23.1831678],[77.3813036,23.1831955],[77.3812614,23.1831927],[77.3812133,23.1831595],[77.381117,23.1831097],[77.3810297,23.1830627],[77.3809454,23.1830157],[77.3808611,23.1829797],[77.380822,23.1829576],[77.3807949,23.1829188]]]},"properties":{"category":"water","name":"","reference_point":[77.38118474812049,23.18289697468954],"voltage":null,"operator":null,"source":"OpenStreetMap","tier":"B","retrieved":"2026-09-05T20:06:07Z","source_url":"https://www.openstreetmap.org/way/380551822"}},{"type":"Feature","id":"osm-way-380556231","geometry":{"type":"Polygon","coordinates":[[[77.3853329,23.2029426],[77.3863123,23.202317],[77.3864108,23.2024642],[77.3854591,23.2030898],[77.3853329,23.2029426]]]},"properties":{"category":"water","name":"","reference_point":[77.3858720310387,23.20270741764334],"voltage":null,"operator":null,"source":"OpenStreetMap","tier":"B","retrieved":"2026-09-05T20:06:07Z","source_url":"https://www.openstreetmap.org/way/380556231"}},{"type":"Feature","id":"osm-way-388594268","geometry":{"type":"Polygon","coordinates":[[[77.4206304,23.2680223],[77.4206081,23.2678641],[77.4206351,23.2677997],[77.4206999,23.2678195],[77.4208295,23.2678245],[77.4209915,23.2678046],[77.4211562,23.2677575],[77.4213128,23.2677004],[77.4214181,23.2679014],[77.4216422,23.2677972],[77.4217205,23.2679336],[77.4218312,23.2680923],[77.4218933,23.2683404],[77.4219338,23.2684148],[77.422293,23.2687745],[77.4223578,23.2689109],[77.4224901,23.2696922],[77.4225816,23.2702954],[77.4214552,23.2704901],[77.421501,23.271567],[77.421291,23.2715898],[77.4212566,23.2705094],[77.4197292,23.2707567],[77.419313,23.269236],[77.4193302,23.2683678],[77.4193569,23.2682696],[77.4194008,23.268224],[77.4194772,23.2681749],[77.419544,23.2681486],[77.4204127,23.2680328],[77.4204394,23.2680451],[77.4204965,23.268045],[77.4206304,23.2680223]]]},"properties":{"category":"industrial","name":"","reference_point":[77.4208750555396,23.26933603139356],"voltage":null,"operator":null,"source":"OpenStreetMap","tier":"B","retrieved":"2026-09-05T20:06:07Z","source_url":"https://www.openstreetmap.org/way/388594268"}},{"type":"Feature","id":"osm-way-413516455","geometry":{"type":"Polygon","coordinates":[[[77.4540543,23.2871353],[77.4573073,23.2868753],[77.4572064,23.2858103],[77.4539534,23.2860704],[77.4540543,23.2871353]]]},"properties":{"category":"water","name":"","reference_point":[77.45563037523937,23.28647282272384],"voltage":null,"operator":null,"source":"OpenStreetMap","tier":"B","retrieved":"2026-09-05T20:06:07Z","source_url":"https://www.openstreetmap.org/way/413516455"}},{"type":"Feature","id":"osm-way-413516458","geometry":{"type":"Polygon","coordinates":[[[77.4539351,23.2859988],[77.457173,23.2857033],[77.457063,23.2846865],[77.4538251,23.284982],[77.4539351,23.2859988]]]},"properties":{"category":"water","name":"","reference_point":[77.45549904999999,23.28534265],"voltage":null,"operator":null,"source":"OpenStreetMap","tier":"B","retrieved":"2026-09-05T20:06:07Z","source_url":"https://www.openstreetmap.org/way/413516458"}},{"type":"Feature","id":"osm-way-413516460","geometry":{"type":"Polygon","coordinates":[[[77.4541668,23.2882583],[77.4573488,23.2880124],[77.4572524,23.2869597],[77.4540703,23.2872056],[77.4541668,23.2882583]]]},"properties":{"category":"water","name":"","reference_point":[77.45570957281629,23.28760899741188],"voltage":null,"operator":null,"source":"OpenStreetMap","tier":"B","retrieved":"2026-09-05T20:06:07Z","source_url":"https://www.openstreetmap.org/way/413516460"}},{"type":"Feature","id":"osm-way-413516468","geometry":{"type":"Polygon","coordinates":[[[77.4575438,23.2874613],[77.458055,23.28743],[77.4579699,23.2862583],[77.4574588,23.2862896],[77.4575438,23.2874613]]]},"properties":{"category":"water","name":"","reference_point":[77.45775687660208,23.286859819004253],"voltage":null,"operator":null,"source":"OpenStreetMap","tier":"B","retrieved":"2026-09-05T20:06:07Z","source_url":"https://www.openstreetmap.org/way/413516468"}},{"type":"Feature","id":"osm-way-413516469","geometry":{"type":"Polygon","coordinates":[[[77.4574266,23.2862691],[77.4579929,23.2862304],[77.4578983,23.2850634],[77.457332,23.2851021],[77.4574266,23.2862691]]]},"properties":{"category":"water","name":"","reference_point":[77.45766245000002,23.28566625],"voltage":null,"operator":null,"source":"OpenStreetMap","tier":"B","retrieved":"2026-09-05T20:06:07Z","source_url":"https://www.openstreetmap.org/way/413516469"}},{"type":"Feature","id":"osm-way-414366821","geometry":{"type":"Polygon","coordinates":[[[77.3717881,23.3057169],[77.3714882,23.3054569],[77.3712187,23.305296],[77.3708919,23.3049958],[77.3708211,23.304934],[77.3706897,23.3046709],[77.3707032,23.3045162],[77.3707369,23.3044512],[77.3707773,23.3044265],[77.3710974,23.3046431],[77.3712423,23.3046864],[77.3713737,23.3046214],[77.3716567,23.3042501],[77.3717847,23.3040056],[77.3719532,23.3037673],[77.3721924,23.3038942],[77.3721891,23.304544],[77.3722362,23.3054662],[77.372216,23.3056209],[77.3718892,23.3057169],[77.3717881,23.3057169]]]},"properties":{"category":"water","name":"","reference_point":[77.37167224675781,23.304848244547518],"voltage":null,"operator":null,"source":"OpenStreetMap","tier":"B","retrieved":"2026-09-05T20:06:07Z","source_url":"https://www.openstreetmap.org/way/414366821"}},{"type":"Feature","id":"osm-way-414366822","geometry":{"type":"Polygon","coordinates":[[[77.3698302,23.3068223],[77.3686137,23.3037122],[77.3679147,23.3039428],[77.3680072,23.3041792],[77.3678889,23.3046896],[77.368841,23.3071486],[77.3698302,23.3068223]]]},"properties":{"category":"water","name":"","reference_point":[77.36876877721505,23.30548320775282],"voltage":null,"operator":null,"source":"OpenStreetMap","tier":"B","retrieved":"2026-09-05T20:06:07Z","source_url":"https://www.openstreetmap.org/way/414366822"}},{"type":"Feature","id":"osm-way-414366823","geometry":{"type":"Polygon","coordinates":[[[77.3711355,23.3063605],[77.3700438,23.3067296],[77.3703431,23.3074761],[77.3707406,23.3073417],[77.3711132,23.3082713],[77.3718074,23.3080366],[77.3711355,23.3063605]]]},"properties":{"category":"water","name":"","reference_point":[77.3709755777217,23.307258948945726],"voltage":null,"operator":null,"source":"OpenStreetMap","tier":"B","retrieved":"2026-09-05T20:06:07Z","source_url":"https://www.openstreetmap.org/way/414366823"}},{"type":"Feature","id":"osm-way-424206983","geometry":{"type":"Polygon","coordinates":[[[77.4133925,23.2785401],[77.4128817,23.2786344],[77.4127709,23.2781279],[77.4132817,23.2780336],[77.4133925,23.2785401]]]},"properties":{"category":"water","name":"Disposal pit","reference_point":[77.41308169999998,23.278333999999997],"voltage":null,"operator":null,"source":"OpenStreetMap","tier":"B","retrieved":"2026-09-05T20:06:07Z","source_url":"https://www.openstreetmap.org/way/424206983"}},{"type":"Feature","id":"osm-way-430081876","geometry":{"type":"Polygon","coordinates":[[[77.4489368,23.2034423],[77.4490065,23.2034965],[77.4490601,23.2035902],[77.4490897,23.203605],[77.4490736,23.2036469],[77.449095,23.2036814],[77.449087,23.2037061],[77.4490441,23.2037233],[77.4489985,23.2036913],[77.4489475,23.2037036],[77.4489341,23.2037258],[77.4489663,23.2037924],[77.4490119,23.2038466],[77.4490655,23.2038638],[77.4491299,23.2038589],[77.4491835,23.2038836],[77.4492264,23.2039378],[77.4492667,23.2039551],[77.4493552,23.2039699],[77.4493901,23.203997],[77.4494732,23.2039871],[77.4494866,23.2039403],[77.4495778,23.2039181],[77.449669,23.203886],[77.4497387,23.2038712],[77.4497763,23.2037578],[77.4498165,23.2037085],[77.4498434,23.2036321],[77.4498407,23.2035508],[77.4498648,23.2034891],[77.4498594,23.2034102],[77.4498004,23.2033215],[77.4497495,23.20325],[77.4497119,23.2032106],[77.4497039,23.203176],[77.4496878,23.2031144],[77.4496288,23.2030405],[77.4495322,23.2029911],[77.4494571,23.2029468],[77.4493713,23.2029295],[77.449213,23.202932],[77.4491406,23.2029838],[77.4491031,23.2030405],[77.449087,23.2031193],[77.4490467,23.203176],[77.449028,23.2032327],[77.4490092,23.2032894],[77.4489448,23.2033314],[77.4489368,23.2034423]]]},"properties":{"category":"water","name":"","reference_point":[77.44939839756012,23.203466389330064],"voltage":null,"operator":null,"source":"OpenStreetMap","tier":"B","retrieved":"2026-09-05T20:06:07Z","source_url":"https://www.openstreetmap.org/way/430081876"}},{"type":"Feature","id":"osm-way-454836439","geometry":{"type":"Polygon","coordinates":[[[77.5095427,23.2187979],[77.509481,23.2187215],[77.5094917,23.2185267],[77.5096339,23.2175555],[77.5096895,23.217537],[77.5097405,23.2175518],[77.5097767,23.2175753],[77.5097807,23.2176344],[77.5097646,23.2177749],[77.5097231,23.2178858],[77.5097056,23.2180399],[77.5097137,23.2181681],[77.5096708,23.2182618],[77.5096869,23.2183234],[77.5096815,23.2184047],[77.5096654,23.2184491],[77.5096815,23.2187794],[77.50966,23.2188262],[77.5096117,23.2188312],[77.5095427,23.2187979]]]},"properties":{"category":"water","name":"","reference_point":[77.5096259160919,23.21820595653037],"voltage":null,"operator":null,"source":"OpenStreetMap","tier":"B","retrieved":"2026-09-05T20:06:07Z","source_url":"https://www.openstreetmap.org/way/454836439"}},{"type":"Feature","id":"osm-way-454836440","geometry":{"type":"Polygon","coordinates":[[[77.5086643,23.2200821],[77.5086307,23.2200156],[77.5086374,23.2199416],[77.5086602,23.2198997],[77.5086964,23.2198825],[77.5087447,23.2199083],[77.5087689,23.2199281],[77.5088185,23.2199527],[77.5088855,23.2199626],[77.5089432,23.2199983],[77.5089942,23.2200032],[77.5089727,23.2199441],[77.5090036,23.2198886],[77.5090197,23.2198529],[77.5089271,23.2197605],[77.5089244,23.2196914],[77.5090036,23.2197025],[77.509072,23.2197629],[77.5091859,23.2198134],[77.5092436,23.2198517],[77.5092248,23.2198911],[77.5091484,23.2199305],[77.5091229,23.2199934],[77.5091055,23.2200673],[77.5089204,23.2201043],[77.5087648,23.2200957],[77.5086643,23.2200821]]]},"properties":{"category":"water","name":"","reference_point":[77.50893976934864,23.219945189628117],"voltage":null,"operator":null,"source":"OpenStreetMap","tier":"B","retrieved":"2026-09-05T20:06:07Z","source_url":"https://www.openstreetmap.org/way/454836440"}},{"type":"Feature","id":"osm-way-454839674","geometry":{"type":"Polygon","coordinates":[[[77.4418169,23.2276538],[77.4398214,23.2258175],[77.4402586,23.2241611],[77.4403846,23.2237988],[77.4407675,23.2238094],[77.4410478,23.2238172],[77.4419021,23.2238752],[77.441903,23.2240977],[77.4419034,23.2241993],[77.4418169,23.2276538]]]},"properties":{"category":"industrial","name":"Sanchi Milk Factory","reference_point":[77.44104137420732,23.225405075346252],"voltage":null,"operator":null,"source":"OpenStreetMap","tier":"B","retrieved":"2026-09-05T20:06:07Z","source_url":"https://www.openstreetmap.org/way/454839674"}},{"type":"Feature","id":"osm-way-468731589","geometry":{"type":"Polygon","coordinates":[[[77.4089479,23.2382511],[77.4089438,23.2382147],[77.4095706,23.2381876],[77.409574,23.2382271],[77.4089479,23.2382511]]]},"properties":{"category":"water","name":"","reference_point":[77.40926328263929,23.23821994830963],"voltage":null,"operator":null,"source":"OpenStreetMap","tier":"B","retrieved":"2026-09-05T20:06:07Z","source_url":"https://www.openstreetmap.org/way/468731589"}},{"type":"Feature","id":"osm-way-492755087","geometry":{"type":"Polygon","coordinates":[[[77.2713099,23.2987787],[77.2712918,23.298735],[77.2713166,23.2987227],[77.2713743,23.2987719],[77.2714132,23.298767],[77.2714239,23.2987485],[77.271438,23.298698],[77.2714313,23.2986568],[77.2714152,23.2985595],[77.2714333,23.2984837],[77.271499,23.2984535],[77.2715205,23.2984363],[77.2715513,23.2984209],[77.2716653,23.2984936],[77.2717283,23.2985305],[77.2720381,23.2988458],[77.2721454,23.2989739],[77.2721883,23.2990478],[77.2720837,23.2992991],[77.272014,23.2993853],[77.2719335,23.2995233],[77.2719442,23.2995676],[77.272014,23.2995923],[77.2720649,23.2996982],[77.2720515,23.2997524],[77.2720435,23.299777],[77.2719577,23.299984],[77.2718933,23.3000505],[77.2718477,23.3000825],[77.2717833,23.3001022],[77.271727,23.3001096],[77.2715473,23.3001121],[77.2713998,23.3000997],[77.2712817,23.3001244],[77.2712093,23.3001564],[77.271161,23.3001687],[77.2710645,23.3000061],[77.2712495,23.299883],[77.2712683,23.2998115],[77.2713622,23.2997524],[77.2714105,23.2997031],[77.2714856,23.2994962],[77.2715661,23.2994174],[77.2716036,23.2993656],[77.2716277,23.2992646],[77.2715365,23.299203],[77.2714749,23.299171],[77.2714132,23.2990996],[77.2713971,23.2990405],[77.2714078,23.2989493],[77.2713957,23.2988508],[77.2713649,23.2988114],[77.2713099,23.2987787]]]},"properties":{"category":"water","name":"","reference_point":[77.2716896504649,23.29936102175356],"voltage":null,"operator":null,"source":"OpenStreetMap","tier":"B","retrieved":"2026-09-05T20:06:07Z","source_url":"https://www.openstreetmap.org/way/492755087"}},{"type":"Feature","id":"osm-way-493017762","geometry":{"type":"Polygon","coordinates":[[[77.4375172,23.270512],[77.4374916,23.2697772],[77.4351201,23.2699339],[77.4351252,23.270374],[77.4351285,23.2706605],[77.4370208,23.2705172],[77.4375172,23.270512]]]},"properties":{"category":"industrial","name":"Sector I","reference_point":[77.43631261069135,23.270215045965127],"voltage":null,"operator":null,"source":"OpenStreetMap","tier":"B","retrieved":"2026-09-05T20:06:07Z","source_url":"https://www.openstreetmap.org/way/493017762"}},{"type":"Feature","id":"osm-way-493182555","geometry":{"type":"Polygon","coordinates":[[[77.4561194,23.2516306],[77.4565383,23.2555952],[77.4538999,23.2557321],[77.4518741,23.2558522],[77.4518491,23.2554586],[77.4513844,23.2550658],[77.4511273,23.2547009],[77.4509066,23.2523612],[77.4561194,23.2516306]]]},"properties":{"category":"industrial","name":"CPRI Colony","reference_point":[77.45380877401443,23.253824647190644],"voltage":null,"operator":null,"source":"OpenStreetMap","tier":"B","retrieved":"2026-09-05T20:06:07Z","source_url":"https://www.openstreetmap.org/way/493182555"}},{"type":"Feature","id":"osm-way-493182777","geometry":{"type":"Polygon","coordinates":[[[77.4443876,23.2666516],[77.4444195,23.2660104],[77.451492,23.266415],[77.4515707,23.2670681],[77.4449322,23.2666855],[77.4443876,23.2666516]]]},"properties":{"category":"industrial","name":"Industrial Area Slums","reference_point":[77.44797074107129,23.26653788131034],"voltage":null,"operator":null,"source":"OpenStreetMap","tier":"B","retrieved":"2026-09-05T20:06:07Z","source_url":"https://www.openstreetmap.org/way/493182777"}},{"type":"Feature","id":"osm-way-493183151","geometry":{"type":"Polygon","coordinates":[[[77.4452418,23.2739691],[77.4453008,23.2738718],[77.4453203,23.2738194],[77.4453203,23.273796],[77.4453008,23.2737492],[77.4453216,23.2737289],[77.4453793,23.2737129],[77.4454215,23.2737153],[77.4454477,23.2737147],[77.4454637,23.2736964],[77.4475063,23.2736221],[77.4478041,23.2733143],[77.4488929,23.2717241],[77.4493342,23.2714395],[77.4491329,23.2708686],[77.4488725,23.2702859],[77.4503524,23.2701731],[77.4503925,23.2695489],[77.4470066,23.2691836],[77.4465408,23.2696968],[77.4457254,23.2718947],[77.4449208,23.272969],[77.4447244,23.273916],[77.4449851,23.2739397],[77.4452418,23.2739691]]]},"properties":{"category":"industrial","name":"New Industrial Area","reference_point":[77.4473659356507,23.271457583263484],"voltage":null,"operator":null,"source":"OpenStreetMap","tier":"B","retrieved":"2026-09-05T20:06:07Z","source_url":"https://www.openstreetmap.org/way/493183151"}},{"type":"Feature","id":"osm-way-497612737","geometry":{"type":"Polygon","coordinates":[[[77.345915,23.1725511],[77.3459071,23.1725894],[77.345915,23.1726531],[77.3459467,23.1726859],[77.3459983,23.1726987],[77.3460379,23.1726987],[77.3460657,23.1726987],[77.3461053,23.1726896],[77.3461212,23.1726568],[77.3461291,23.1726203],[77.3461549,23.1725766],[77.3461846,23.1725547],[77.3462262,23.1725529],[77.3462837,23.1725602],[77.3463194,23.1725875],[77.3463451,23.1726531],[77.3463669,23.172726],[77.3463967,23.1727497],[77.3464284,23.1727406],[77.3464561,23.1727187],[77.3464561,23.1726914],[77.3464323,23.1726714],[77.3463986,23.172675],[77.3463986,23.1726459],[77.3464086,23.1726185],[77.3464304,23.1725821],[77.3464601,23.1725766],[77.3464858,23.1725511],[77.3464858,23.1725074],[77.346468,23.1724709],[77.3464165,23.172429],[77.3463669,23.1723926],[77.3462956,23.1723725],[77.346254,23.1723798],[77.3462222,23.1724017],[77.3461905,23.1724345],[77.3461469,23.172429],[77.3461033,23.1723999],[77.3461033,23.1723707],[77.3461212,23.1723488],[77.3461271,23.1723069],[77.3461271,23.1722741],[77.3460974,23.1722486],[77.3460498,23.1722049],[77.3459884,23.1721593],[77.3459646,23.1721247],[77.3459487,23.1721083],[77.345923,23.1720719],[77.3459467,23.17203],[77.3459943,23.1719972],[77.3460359,23.171968],[77.3460518,23.1719334],[77.3460498,23.1718897],[77.3460339,23.171866],[77.3459943,23.1718623],[77.3459467,23.1718696],[77.345917,23.1718915],[77.3459012,23.1719243],[77.3458972,23.1719626],[77.3458873,23.1720263],[77.3458774,23.1720701],[77.3458397,23.1720865],[77.345808,23.1720773],[77.3457703,23.1720719],[77.3457505,23.1720956],[77.3457545,23.1721375],[77.3457684,23.1721685],[77.3457862,23.1722268],[77.3457842,23.1722705],[77.3458159,23.1723124],[77.3458714,23.172347],[77.3459091,23.1723561],[77.3459586,23.1723689],[77.3460042,23.1723999],[77.3460102,23.1724363],[77.3459943,23.1724728],[77.3459626,23.1724837],[77.3459249,23.1725074],[77.345915,23.1725511]]]},"properties":{"category":"water","name":"","reference_point":[77.34607860522883,23.17237467790535],"voltage":null,"operator":null,"source":"OpenStreetMap","tier":"B","retrieved":"2026-09-05T20:06:07Z","source_url":"https://www.openstreetmap.org/way/497612737"}},{"type":"Feature","id":"osm-way-499560150","geometry":{"type":"Polygon","coordinates":[[[77.4521366,23.2735336],[77.451936,23.2699997],[77.4554913,23.2690703],[77.4558279,23.2739647],[77.4558353,23.274134],[77.4521366,23.2735336]]]},"properties":{"category":"industrial","name":"Bagsevania","reference_point":[77.45395896689477,23.271684562530208],"voltage":null,"operator":null,"source":"OpenStreetMap","tier":"B","retrieved":"2026-09-05T20:06:07Z","source_url":"https://www.openstreetmap.org/way/499560150"}},{"type":"Feature","id":"osm-way-566296075","geometry":{"type":"Polygon","coordinates":[[[77.3926413,23.3165627],[77.3926413,23.3167006],[77.392534,23.3167991],[77.3924267,23.3169765],[77.3924482,23.3170356],[77.3924053,23.3170553],[77.3927164,23.3172228],[77.3927164,23.3172622],[77.3926306,23.3172228],[77.3925984,23.3172523],[77.3927379,23.3173016],[77.3927486,23.3173509],[77.3923194,23.3180011],[77.392298,23.3181194],[77.3923302,23.3181489],[77.3925662,23.3181489],[77.3926306,23.3180701],[77.392695,23.3181292],[77.3928237,23.3180898],[77.3935854,23.3172129],[77.3935854,23.3171144],[77.3931885,23.3161784],[77.3928881,23.3162966],[77.3926413,23.3165627]]]},"properties":{"category":"water","name":"","reference_point":[77.39295699111875,23.317171385243398],"voltage":null,"operator":null,"source":"OpenStreetMap","tier":"B","retrieved":"2026-09-05T20:06:07Z","source_url":"https://www.openstreetmap.org/way/566296075"}},{"type":"Feature","id":"osm-way-566296076","geometry":{"type":"Polygon","coordinates":[[[77.3994917,23.3151537],[77.3993951,23.3150256],[77.3993307,23.3147793],[77.3994005,23.3146857],[77.3998833,23.3144788],[77.3999423,23.3143951],[77.3997545,23.314331],[77.3992395,23.3143212],[77.3991537,23.3142719],[77.3985958,23.3142226],[77.3982954,23.3141241],[77.3982149,23.3141487],[77.3986226,23.3150453],[77.3986763,23.3153311],[77.3988909,23.315735],[77.3988909,23.3160503],[77.3989445,23.3162375],[77.3993093,23.3165528],[77.3996204,23.3171243],[77.4000013,23.3174642],[77.400291,23.317612],[77.4005109,23.3178829],[77.4006665,23.3179666],[77.4009722,23.3178336],[77.4010259,23.3175479],[77.4011332,23.317341],[77.4011546,23.3171144],[77.4010205,23.316942],[77.4006987,23.3169518],[77.400291,23.3168435],[77.4001461,23.3167597],[77.4000174,23.3165528],[77.3999208,23.3162769],[77.3998564,23.3162277],[77.3998457,23.3160799],[77.3994917,23.3151537]]]},"properties":{"category":"water","name":"","reference_point":[77.39960921851147,23.316023642987712],"voltage":null,"operator":null,"source":"OpenStreetMap","tier":"B","retrieved":"2026-09-05T20:06:07Z","source_url":"https://www.openstreetmap.org/way/566296076"}},{"type":"Feature","id":"osm-way-566296101","geometry":{"type":"Polygon","coordinates":[[[77.3693061,23.481039],[77.369113,23.4808619],[77.3690271,23.4808619],[77.3689628,23.4809209],[77.3690486,23.4809996],[77.3690915,23.4811177],[77.3692203,23.4811964],[77.3691773,23.4812358],[77.3691344,23.4814326],[77.3693061,23.4815507],[77.3693061,23.4817081],[77.369349,23.4817475],[77.3692846,23.4818065],[77.3691559,23.4818065],[77.3691344,23.4818656],[77.3692417,23.481964],[77.3694992,23.4819246],[77.369585,23.481964],[77.3699713,23.4823576],[77.3700142,23.4823576],[77.3702502,23.4825741],[77.3702073,23.4826922],[77.3701215,23.4827709],[77.3702073,23.4829283],[77.3701,23.4830267],[77.3700142,23.4830267],[77.3699713,23.4830661],[77.3697996,23.4830661],[77.3697138,23.4829874],[77.3694992,23.482948],[77.3694563,23.4830661],[77.3691559,23.4831054],[77.3689842,23.4832235],[77.368598,23.4832235],[77.3683405,23.4831054],[77.3682761,23.4831645],[77.368319,23.4832038],[77.368319,23.4833613],[77.3681688,23.4834991],[77.368083,23.4834991],[77.3679757,23.4835975],[77.3679972,23.4836565],[77.3681474,23.4837549],[77.3681474,23.483873],[77.3682547,23.4838927],[77.3684263,23.4837352],[77.3689413,23.4837746],[77.3689842,23.4837352],[77.369113,23.4837352],[77.3692417,23.4836565],[77.3693275,23.4836565],[77.3693919,23.4837155],[77.3693705,23.4840107],[77.3694563,23.4840107],[77.3696709,23.4837746],[77.3697567,23.4837746],[77.3698425,23.4836959],[77.3700142,23.4837352],[77.3701429,23.4838139],[77.3704004,23.4838533],[77.3706579,23.4839714],[77.3709583,23.4839714],[77.3710442,23.4838927],[77.3711085,23.4839517],[77.3711085,23.4840304],[77.3712158,23.4841288],[77.3714733,23.4842469],[77.3717737,23.4845224],[77.3722029,23.4846799],[77.3724175,23.4848767],[77.3724604,23.4848767],[77.3726106,23.4850144],[77.3726535,23.4851719],[77.3731685,23.4858016],[77.3735118,23.4860378],[77.3734689,23.4860772],[77.3735332,23.4861362],[77.3737049,23.4861756],[77.3739195,23.4860181],[77.3741341,23.4861756],[77.3742199,23.4860968],[77.3743057,23.4861362],[77.3743272,23.4859984],[77.3744559,23.4859197],[77.3744559,23.485841],[77.3748422,23.485408],[77.3748851,23.4852506],[77.3748422,23.4851719],[77.374928,23.4850144],[77.3750782,23.4848373],[77.375164,23.4848373],[77.3753572,23.4846602],[77.3754859,23.484424],[77.3754859,23.4843453],[77.3756146,23.4841485],[77.3756146,23.4840304],[77.3757434,23.4837943],[77.3757434,23.4836368],[77.3758292,23.4835187],[77.3758292,23.4833613],[77.3755288,23.4830464],[77.375443,23.482889],[77.375443,23.4827315],[77.3754001,23.4826922],[77.3754001,23.4823773],[77.3754859,23.4822592],[77.3754859,23.4821805],[77.375443,23.4821411],[77.375443,23.4819443],[77.3752499,23.4818065],[77.3750782,23.4818065],[77.3749065,23.4816491],[77.3745203,23.4814523],[77.3744345,23.4814916],[77.3742628,23.4813736],[77.3737907,23.4813342],[77.3737478,23.4812948],[77.373662,23.4812948],[77.3735976,23.4813539],[77.3735976,23.48159],[77.3734045,23.4819246],[77.3731899,23.4818459],[77.373147,23.4818853],[77.3729753,23.4818853],[77.3728037,23.4820033],[77.3725462,23.4820033],[77.3724175,23.4819246],[77.3723316,23.4819246],[77.37216,23.4818459],[77.3720741,23.4817672],[77.3719454,23.4817278],[77.3716664,23.481472],[77.3716235,23.4813145],[77.3715377,23.4812358],[77.3715377,23.4806847],[77.3714519,23.4805666],[77.3715591,23.4804289],[77.3717952,23.4802911],[77.3717952,23.4802517],[77.3714733,23.4799172],[77.3713875,23.4799172],[77.3713446,23.4798778],[77.3712802,23.4798975],[77.3712802,23.4799368],[77.3714519,23.4800943],[77.3714519,23.4802124],[77.3711085,23.480606],[77.3711085,23.4807241],[77.3711514,23.4807634],[77.3711514,23.4811964],[77.3712373,23.4813539],[77.3711085,23.4815113],[77.3710227,23.4817081],[77.3711944,23.4819837],[77.37113,23.4822789],[77.3709583,23.4822395],[77.3708081,23.4821411],[77.370851,23.4818262],[77.3707008,23.4816097],[77.3704433,23.4816097],[77.3704004,23.4816491],[77.3703146,23.4816491],[77.3702502,23.4817081],[77.3702502,23.4817868],[77.3703361,23.4819049],[77.3702717,23.481964],[77.3700142,23.4819246],[77.3695636,23.48159],[77.3695207,23.4815113],[77.3695636,23.481472],[77.3695636,23.4813932],[77.3693061,23.4811177],[77.3693061,23.481039]]]},"properties":{"category":"water","name":"","reference_point":[77.37274054053285,23.48332132300388],"voltage":null,"operator":null,"source":"OpenStreetMap","tier":"B","retrieved":"2026-09-05T20:06:07Z","source_url":"https://www.openstreetmap.org/way/566296101"}},{"type":"Feature","id":"osm-way-566296112","geometry":{"type":"Polygon","coordinates":[[[77.2639275,23.4013667],[77.2637987,23.4013667],[77.2636271,23.4014849],[77.2632408,23.4014849],[77.2631764,23.4014258],[77.2631764,23.4013077],[77.2633266,23.4012092],[77.2640133,23.4012092],[77.2640991,23.4011698],[77.2642064,23.4010713],[77.2641635,23.401032],[77.2641635,23.4009532],[77.2642708,23.4008547],[77.2643995,23.4008547],[77.2644639,23.4007563],[77.2643137,23.400579],[77.2642064,23.4006381],[77.2640133,23.4009729],[77.2639275,23.4009335],[77.2638845,23.4009729],[77.2637558,23.4009729],[77.2635412,23.4008941],[77.2634125,23.400776],[77.2632408,23.400776],[77.2628117,23.4009335],[77.2626185,23.4011107],[77.2626185,23.4011895],[77.2625542,23.401288],[77.2623396,23.4012486],[77.2622967,23.401288],[77.2622108,23.401288],[77.2621465,23.4012289],[77.2621894,23.401032],[77.262125,23.4010123],[77.2618246,23.4012486],[77.2616959,23.4012486],[77.2615242,23.4011304],[77.2611809,23.4011698],[77.2611594,23.4013077],[77.2610307,23.4014652],[77.2610736,23.4016621],[77.2611594,23.4017803],[77.2612023,23.4022135],[77.2613096,23.402312],[77.2613955,23.402312],[77.2615242,23.4022332],[77.2617388,23.4022332],[77.2619534,23.402312],[77.2620392,23.4023907],[77.2621679,23.4023907],[77.2622108,23.4024301],[77.2625542,23.4023907],[77.2626185,23.4023317],[77.2626615,23.4021741],[77.2628117,23.4020757],[77.2631979,23.4020363],[77.2632408,23.4020757],[77.2633696,23.4020757],[77.2638416,23.4019181],[77.2640562,23.4019181],[77.2642279,23.4018394],[77.2642922,23.401859],[77.2642922,23.4020954],[77.2643566,23.4021544],[77.2643995,23.4021151],[77.2645926,23.4022529],[77.2646141,23.402312],[77.2646785,23.4022529],[77.2646785,23.4020166],[77.2647214,23.4019772],[77.2647214,23.4018984],[77.264657,23.4018],[77.2646141,23.4018],[77.2643995,23.401603],[77.2639275,23.4013667]]]},"properties":{"category":"water","name":"","reference_point":[77.26273068041012,23.401623154784744],"voltage":null,"operator":null,"source":"OpenStreetMap","tier":"B","retrieved":"2026-09-05T20:06:07Z","source_url":"https://www.openstreetmap.org/way/566296112"}},{"type":"Feature","id":"osm-way-572410474","geometry":{"type":"Polygon","coordinates":[[[77.6296569,23.1368036],[77.6299744,23.1368465],[77.6300772,23.1369152],[77.6301706,23.1369753],[77.6302827,23.1370612],[77.6303574,23.1371643],[77.6304134,23.1372674],[77.6304508,23.1373704],[77.6304788,23.1374735],[77.6305348,23.137568],[77.6306096,23.1376624],[77.6306749,23.1377655],[77.6306469,23.1378772],[77.6305722,23.137963],[77.6304788,23.1380317],[77.630348,23.1380833],[77.6302173,23.1381262],[77.6300959,23.1381348],[77.6299558,23.1381348],[77.629797,23.138109],[77.6296849,23.1380661],[77.6295728,23.1380317],[77.6294701,23.1379716],[77.6294234,23.1378772],[77.6294047,23.1377741],[77.6294047,23.1376538],[77.629414,23.1375508],[77.629414,23.1374391],[77.6294327,23.1373361],[77.6294514,23.137233],[77.6294701,23.1371299],[77.6294888,23.1370269],[77.6295261,23.1369238],[77.6296569,23.1368036]]]},"properties":{"category":"water","name":"","reference_point":[77.62996474239668,23.13752911017243],"voltage":null,"operator":null,"source":"OpenStreetMap","tier":"B","retrieved":"2026-09-05T20:06:07Z","source_url":"https://www.openstreetmap.org/way/572410474"}},{"type":"Feature","id":"osm-way-595589532","geometry":{"type":"Polygon","coordinates":[[[77.4072537,23.2822884],[77.4073761,23.2823587],[77.4073975,23.2824486],[77.4073975,23.2825582],[77.4073119,23.2826088],[77.4072843,23.2826734],[77.407269,23.2827521],[77.4071772,23.2826987],[77.4070977,23.2826116],[77.4070151,23.2825357],[77.4069783,23.2824458],[77.4069783,23.282384],[77.4070671,23.2823165],[77.4072537,23.2822884]]]},"properties":{"category":"water","name":"","reference_point":[77.40719860839553,23.282482842715815],"voltage":null,"operator":null,"source":"OpenStreetMap","tier":"B","retrieved":"2026-09-05T20:06:07Z","source_url":"https://www.openstreetmap.org/way/595589532"}},{"type":"Feature","id":"osm-way-595589539","geometry":{"type":"Polygon","coordinates":[[[77.4073723,23.2813],[77.4073907,23.2810393],[77.4074318,23.2810419],[77.4074134,23.2813025],[77.4073723,23.2813]]]},"properties":{"category":"water","name":"","reference_point":[77.40740204895393,23.281170921204353],"voltage":null,"operator":null,"source":"OpenStreetMap","tier":"B","retrieved":"2026-09-05T20:06:07Z","source_url":"https://www.openstreetmap.org/way/595589539"}},{"type":"Feature","id":"osm-way-595598852","geometry":{"type":"Polygon","coordinates":[[[77.4080269,23.2814439],[77.4080253,23.2813727],[77.4081039,23.2813712],[77.4081055,23.2814424],[77.4080269,23.2814439]]]},"properties":{"category":"water","name":"","reference_point":[77.4080654,23.28140755],"voltage":null,"operator":null,"source":"OpenStreetMap","tier":"B","retrieved":"2026-09-05T20:06:07Z","source_url":"https://www.openstreetmap.org/way/595598852"}},{"type":"Feature","id":"osm-way-664324293","geometry":{"type":"Polygon","coordinates":[[[77.426877,23.2930226],[77.4263996,23.292121],[77.4265055,23.2919941],[77.4274068,23.2915026],[77.4278922,23.2924831],[77.426877,23.2930226]]]},"properties":{"category":"industrial","name":"","reference_point":[77.42713934950199,23.29226708071602],"voltage":null,"operator":null,"source":"OpenStreetMap","tier":"B","retrieved":"2026-09-05T20:06:07Z","source_url":"https://www.openstreetmap.org/way/664324293"}},{"type":"Feature","id":"osm-way-739629136","geometry":{"type":"Polygon","coordinates":[[[77.4190315,23.1959017],[77.41915,23.1958058],[77.4191897,23.1957499],[77.4191152,23.195623],[77.419052,23.1955623],[77.4189629,23.1954913],[77.4188803,23.1955132],[77.4187977,23.1955879],[77.4187559,23.1956677],[77.4188941,23.195813],[77.4190315,23.1959017]]]},"properties":{"category":"water","name":"","reference_point":[77.41897567911167,23.195691176077077],"voltage":null,"operator":null,"source":"OpenStreetMap","tier":"B","retrieved":"2026-09-05T20:06:07Z","source_url":"https://www.openstreetmap.org/way/739629136"}},{"type":"Feature","id":"osm-way-759419261","geometry":{"type":"Polygon","coordinates":[[[77.4404597,23.4689938],[77.4402666,23.4688166],[77.4401808,23.468856],[77.4400091,23.4687773],[77.4399662,23.468856],[77.4398804,23.468856],[77.4397945,23.4687773],[77.4396658,23.4687773],[77.4396443,23.4689544],[77.43958,23.4689741],[77.4393225,23.4688954],[77.439301,23.4687576],[77.4391079,23.4685804],[77.4390006,23.4686395],[77.4389577,23.4687182],[77.4391294,23.4687576],[77.4390435,23.4688757],[77.4391723,23.4689544],[77.4390435,23.4690331],[77.4391079,23.4691316],[77.4392366,23.4691316],[77.4392796,23.4691709],[77.4397087,23.4691709],[77.4399447,23.4693481],[77.4399447,23.4694268],[77.4401808,23.4696039],[77.4405241,23.4696433],[77.4406958,23.4697614],[77.4408245,23.4697614],[77.4408674,23.4698008],[77.4411464,23.4697811],[77.4411035,23.4699779],[77.4409103,23.4701944],[77.440567,23.4702338],[77.4405456,23.4702928],[77.4405885,23.4703322],[77.4405241,23.4703912],[77.4404812,23.4702731],[77.4403095,23.4702731],[77.4402237,23.4703519],[77.4401379,23.4703519],[77.4400735,23.4706077],[77.4399233,23.4706668],[77.4399018,23.4707258],[77.4400949,23.4708242],[77.4403095,23.4705881],[77.4405241,23.4706274],[77.4406528,23.4705487],[77.4409962,23.4705487],[77.4410391,23.4705093],[77.4413395,23.4708242],[77.4415755,23.470962],[77.4415326,23.4710408],[77.4415541,23.4715722],[77.4418116,23.4716115],[77.4419403,23.4716903],[77.4423695,23.4717296],[77.4424124,23.471769],[77.442584,23.4717296],[77.442627,23.4718084],[77.4427128,23.4716903],[77.4428415,23.471769],[77.4431419,23.471769],[77.4433565,23.4718871],[77.4434423,23.4718871],[77.4435067,23.4719461],[77.4435496,23.472143],[77.4436355,23.4721823],[77.4436355,23.4723398],[77.4436998,23.4723988],[77.4437857,23.4723988],[77.443893,23.4724972],[77.4436998,23.472635],[77.4435711,23.472635],[77.4434423,23.4727925],[77.4431849,23.4728318],[77.4431205,23.4728909],[77.4431205,23.473009],[77.4430346,23.4731271],[77.4430346,23.4732058],[77.4431205,23.4733239],[77.4430776,23.473442],[77.4429917,23.4735207],[77.4429488,23.4736782],[77.442863,23.4737569],[77.442863,23.4740324],[77.4426055,23.4741112],[77.442627,23.4742096],[77.4428844,23.4743277],[77.4429917,23.4741899],[77.4429274,23.4741702],[77.4428415,23.4742489],[77.4428201,23.4741112],[77.4429274,23.4740915],[77.4430132,23.4739734],[77.4431205,23.4739931],[77.4431634,23.4741899],[77.4430776,23.4743473],[77.4431634,23.4744654],[77.4431205,23.4745835],[77.4432492,23.4746622],[77.4431634,23.4747803],[77.4433565,23.4748787],[77.4435067,23.4750165],[77.4435067,23.4752133],[77.443378,23.4753314],[77.4433565,23.4754692],[77.4432278,23.4754298],[77.4430132,23.475666],[77.4428201,23.4757251],[77.4430346,23.4758431],[77.4428415,23.4760203],[77.4427772,23.4760006],[77.4427128,23.4759022],[77.442584,23.4760203],[77.4424982,23.4759022],[77.4420691,23.4759022],[77.4420476,23.4761187],[77.4419618,23.4761974],[77.4420047,23.4762761],[77.4420047,23.4765123],[77.4418759,23.4766698],[77.4418974,23.4767682],[77.4419403,23.4767288],[77.4420905,23.4767485],[77.4420905,23.4768272],[77.4421763,23.4769059],[77.4421763,23.477024],[77.4422193,23.4770634],[77.4421334,23.4771815],[77.4422407,23.4773193],[77.4424338,23.4774177],[77.4424338,23.4776145],[77.4423909,23.4776932],[77.4424767,23.4777719],[77.4424338,23.4778507],[77.4426055,23.4779294],[77.4425626,23.4781262],[77.442584,23.4781459],[77.4427342,23.4780868],[77.4427986,23.4781065],[77.4429274,23.4779097],[77.4430132,23.4779097],[77.4434638,23.4782443],[77.4434209,23.4785198],[77.4433351,23.4785985],[77.4433351,23.4788347],[77.4430776,23.4790315],[77.443099,23.4791299],[77.4432278,23.4791299],[77.4432707,23.4790906],[77.4432921,23.479189],[77.4429274,23.4793661],[77.4427342,23.4795826],[77.4427986,23.4796023],[77.4429274,23.4794842],[77.4430132,23.4794842],[77.4433136,23.479248],[77.4434853,23.479248],[77.4435711,23.4791299],[77.4436569,23.4790906],[77.4435925,23.4792677],[77.4436998,23.4793267],[77.4438715,23.4792874],[77.4439573,23.4793661],[77.4440432,23.4793661],[77.4440432,23.4794055],[77.4439788,23.4794251],[77.4440861,23.4795629],[77.4442363,23.479622],[77.4442363,23.4797794],[77.4443436,23.4798778],[77.4445581,23.479681],[77.4446654,23.4797794],[77.4446654,23.4799368],[77.4446011,23.4799959],[77.4444723,23.4799959],[77.4443865,23.480114],[77.4443007,23.4799959],[77.4440432,23.4799959],[77.4439144,23.4800746],[77.4438286,23.4798384],[77.4437213,23.4798975],[77.4437642,23.4801337],[77.443893,23.4802124],[77.4438071,23.4803698],[77.4438071,23.4806454],[77.4437642,23.4806847],[77.4437642,23.4808815],[77.443893,23.4809209],[77.4438071,23.4809603],[77.4437642,23.481039],[77.4438286,23.4812948],[77.4439573,23.4811767],[77.4440432,23.4812161],[77.4441075,23.4811964],[77.4440646,23.4811571],[77.4441934,23.4810783],[77.4450946,23.4800549],[77.4451804,23.4800156],[77.4455237,23.4796613],[77.4461246,23.4789134],[77.4470258,23.4779687],[77.4489999,23.4758038],[77.4492145,23.4754889],[77.4490428,23.4753314],[77.4490857,23.4752133],[77.448957,23.4751346],[77.4488711,23.4750165],[77.4488711,23.4748591],[77.4490428,23.4747016],[77.4489999,23.4741899],[77.4490428,23.4741505],[77.4490428,23.4740324],[77.448957,23.4739143],[77.448957,23.4737175],[77.4488711,23.4735207],[77.4489141,23.473442],[77.4489141,23.4732451],[77.4488282,23.4730483],[77.4488282,23.4729302],[77.4488711,23.4728515],[77.4488282,23.4728121],[77.4487853,23.472576],[77.4486995,23.4724579],[77.4486995,23.4723004],[77.4485278,23.471828],[77.4483991,23.4716312],[77.4483991,23.4715525],[77.4480557,23.4710014],[77.4480557,23.4708046],[77.4479055,23.4707849],[77.4478412,23.4707258],[77.4478412,23.4706471],[77.4477124,23.470529],[77.4477124,23.4703716],[77.4473691,23.4699779],[77.4473262,23.4695055],[77.4474549,23.4693481],[77.4474978,23.4689544],[77.4476695,23.4687576],[77.4476695,23.4686789],[77.4478412,23.4685608],[77.4478412,23.4685214],[77.447691,23.4685017],[77.4475622,23.468423],[77.4474335,23.468423],[77.4473047,23.4683442],[77.4472404,23.4682458],[77.4473262,23.4680884],[77.4472404,23.4680096],[77.4471974,23.4678915],[77.4470472,23.4677538],[77.4469614,23.4677538],[77.4468327,23.467675],[77.446661,23.4677538],[77.4465537,23.4675766],[77.4465966,23.4674192],[77.4468327,23.4672814],[77.4469185,23.4672814],[77.4469829,23.4672223],[77.4469829,23.4671436],[77.4472189,23.4668877],[77.4473906,23.4669271],[77.4474764,23.4668877],[77.4477553,23.4666318],[77.4477983,23.4664744],[77.4479914,23.4662972],[77.4483347,23.4662579],[77.4483776,23.4662185],[77.4485922,23.4662185],[77.4487853,23.466002],[77.448957,23.4656871],[77.448957,23.4656083],[77.4488068,23.4654705],[77.4484205,23.4659036],[77.4481201,23.4658642],[77.4478626,23.4660217],[77.447691,23.4659823],[77.4474335,23.4662579],[77.4473047,23.4662185],[77.447176,23.4662579],[77.4470687,23.4661595],[77.4471116,23.4656871],[77.4471974,23.4656083],[77.4470472,23.4654312],[77.4469185,23.4653524],[77.4467897,23.4653524],[77.446661,23.465195],[77.4465537,23.4651359],[77.4465537,23.4650178],[77.4467254,23.4648604],[77.4466825,23.4647423],[77.4471331,23.464447],[77.4472189,23.4644864],[77.4472404,23.4644273],[77.4471974,23.4643486],[77.4472618,23.4643683],[77.4473262,23.4643092],[77.4470901,23.4641321],[77.4469185,23.4642896],[77.4467897,23.4642896],[77.4467254,23.4641911],[77.4467683,23.4640337],[77.4467254,23.4639156],[77.4468541,23.4637581],[77.4467683,23.4636006],[77.4469614,23.4635809],[77.4469829,23.4634432],[77.4468327,23.463266],[77.4467897,23.463266],[77.4468112,23.4633644],[77.4463391,23.4637581],[77.4462533,23.4639549],[77.4459958,23.4641124],[77.4459529,23.4641911],[77.4459529,23.4644273],[77.4457169,23.4644864],[77.4456954,23.4643486],[77.4454808,23.4641518],[77.4453521,23.4639549],[77.4453521,23.4637187],[77.4451804,23.4636006],[77.4450946,23.4634432],[77.4451375,23.4630889],[77.4450946,23.4629708],[77.4450302,23.4629511],[77.4449658,23.4630101],[77.4449658,23.4630889],[77.4447727,23.463266],[77.4446869,23.463266],[77.4445796,23.4633644],[77.4445367,23.4634825],[77.4446654,23.4636006],[77.4447083,23.4637187],[77.4445152,23.4639746],[77.4444079,23.4639943],[77.4444079,23.464073],[77.4444938,23.4641911],[77.4444509,23.4643092],[77.4446011,23.464447],[77.4446869,23.4644077],[77.4447083,23.4645061],[77.4447942,23.4645454],[77.4447298,23.4646438],[77.4446654,23.4646635],[77.4446654,23.4647423],[77.4447298,23.4648407],[77.4450088,23.4649785],[77.4450517,23.4651359],[77.4449658,23.4651753],[77.4449658,23.4652147],[77.4450946,23.4653328],[77.4450731,23.4653918],[77.4449444,23.4653524],[77.4449136,23.465382],[77.4448679,23.4653438],[77.4448693,23.4653881],[77.4448693,23.4654546],[77.4449096,23.4654988],[77.4449337,23.4655271],[77.444931,23.4656144],[77.444943,23.4657325],[77.4449444,23.4657855],[77.4450302,23.4659036],[77.4451804,23.4659626],[77.4452448,23.466061],[77.4454165,23.466061],[77.4454808,23.4661201],[77.4454379,23.4665137],[77.4454808,23.4665531],[77.4455237,23.4667893],[77.4454379,23.4670255],[77.4454808,23.4671436],[77.4454379,23.4671436],[77.4454165,23.4670846],[77.4453735,23.4671239],[77.4452019,23.4671239],[77.4451804,23.4673011],[77.4450946,23.4673798],[77.4452662,23.4675766],[77.4452233,23.4677734],[77.4451375,23.4678522],[77.4451375,23.4680884],[77.4449444,23.4681474],[77.4448586,23.46799],[77.4447727,23.46799],[77.4446869,23.4678719],[77.444644,23.4678719],[77.4445796,23.4680096],[77.4444723,23.4680687],[77.444129,23.4680687],[77.4440432,23.4681474],[77.4439573,23.4681474],[77.4439359,23.4682065],[77.4441075,23.4683639],[77.4441075,23.4686395],[77.4439573,23.4688166],[77.4437428,23.4689347],[77.4436569,23.468856],[77.4435711,23.468856],[77.4434423,23.4687379],[77.4433136,23.4686985],[77.4431419,23.4685411],[77.443099,23.4685804],[77.4428415,23.4685411],[77.4427342,23.4684427],[77.4427342,23.4683246],[77.4426055,23.4683246],[77.4426055,23.4682458],[77.442348,23.468049],[77.4422836,23.4679112],[77.4421978,23.4678719],[77.4419832,23.4678719],[77.4419188,23.4678128],[77.4418974,23.467675],[77.4417257,23.4676357],[77.441597,23.4677144],[77.4414897,23.4676554],[77.4414682,23.4675569],[77.4413395,23.4675569],[77.4412322,23.4677734],[77.4412966,23.4678325],[77.4414253,23.4678325],[77.4415541,23.4679112],[77.4417257,23.4681081],[77.4418759,23.4682065],[77.4418116,23.4681868],[77.4417472,23.4682458],[77.4419188,23.4684427],[77.4419618,23.4687182],[77.4420691,23.468856],[77.4421763,23.468915],[77.4421334,23.4690331],[77.4422622,23.4691119],[77.442348,23.46923],[77.442348,23.4694268],[77.4421763,23.4696236],[77.4422193,23.4697417],[77.4424338,23.4699779],[77.4424338,23.4700566],[77.4422836,23.4702338],[77.4422193,23.4702535],[77.442112,23.4704306],[77.4419403,23.4703912],[77.4417472,23.4701747],[77.4417472,23.4697811],[77.4416614,23.4696236],[77.4417901,23.4694662],[77.4417043,23.4693874],[77.4416614,23.46923],[77.441597,23.4691709],[77.4413824,23.4691709],[77.4411249,23.4692496],[77.4410176,23.4691512],[77.4410176,23.4690331],[77.4409103,23.4689347],[77.4406528,23.4691316],[77.4404597,23.4690725],[77.4404597,23.4689938]]]},"properties":{"category":"water","name":"","reference_point":[77.44529317127146,23.472562509971123],"voltage":null,"operator":null,"source":"OpenStreetMap","tier":"B","retrieved":"2026-09-05T20:06:07Z","source_url":"https://www.openstreetmap.org/way/759419261"}},{"type":"Feature","id":"osm-way-831662320","geometry":{"type":"Polygon","coordinates":[[[77.3954724,23.2658329],[77.3959337,23.2663306],[77.3961644,23.2662518],[77.3962945,23.2660509],[77.396442,23.2657873],[77.3964125,23.2657183],[77.3965707,23.2652107],[77.3965761,23.2651589],[77.3966163,23.2651232],[77.3965922,23.2649248],[77.3965225,23.2647905],[77.3962046,23.264023],[77.3961885,23.2639219],[77.3961724,23.263901],[77.396147,23.2637667],[77.3960692,23.263694],[77.3960115,23.2636829],[77.3959659,23.2636521],[77.3959109,23.2636681],[77.395868,23.2637026],[77.3958077,23.2638431],[77.3957996,23.2638936],[77.3958224,23.2639688],[77.3958519,23.2640106],[77.3958492,23.2640353],[77.395817,23.2641326],[77.3957808,23.264172],[77.3957299,23.2641967],[77.3957218,23.2642213],[77.3956266,23.2647819],[77.3956534,23.2648817],[77.3956427,23.2650111],[77.3956172,23.2650838],[77.3955193,23.2656924],[77.3954724,23.2658329]]]},"properties":{"category":"water","name":"","reference_point":[77.39603341284737,23.26509747105535],"voltage":null,"operator":null,"source":"OpenStreetMap","tier":"B","retrieved":"2026-09-05T20:06:07Z","source_url":"https://www.openstreetmap.org/way/831662320"}},{"type":"Feature","id":"osm-way-831662321","geometry":{"type":"Polygon","coordinates":[[[77.3939502,23.2655261],[77.3940361,23.2655901],[77.3941407,23.2656246],[77.394323,23.2657281],[77.3943767,23.2657158],[77.394433,23.2657232],[77.3946208,23.2658242],[77.3947227,23.2658292],[77.394771,23.2658489],[77.3948139,23.2658809],[77.39483,23.2659302],[77.3948783,23.2659474],[77.3949614,23.2660066],[77.3950124,23.2659992],[77.3950607,23.2659721],[77.3952752,23.2659499],[77.3953181,23.2659203],[77.3954388,23.2652797],[77.3953342,23.2652698],[77.3953557,23.2650653],[77.3954603,23.2650382],[77.3955059,23.2646094],[77.3954979,23.2645601],[77.3954496,23.264538],[77.3953932,23.2645454],[77.3953383,23.2647573],[77.3952578,23.2647905],[77.3951438,23.2647881],[77.395062,23.2647622],[77.3949762,23.2647499],[77.3949292,23.2647178],[77.3948957,23.2646772],[77.3948206,23.2646452],[77.3947938,23.2646476],[77.3947187,23.2646907],[77.3946074,23.2647142],[77.3944075,23.2646846],[77.3943633,23.2647252],[77.3943619,23.2647745],[77.3941474,23.2648484],[77.3940548,23.2649643],[77.3940682,23.2653166],[77.3940334,23.2653536],[77.3939435,23.265361],[77.3939167,23.2653708],[77.3939033,23.265393],[77.3939046,23.2654177],[77.3939341,23.265462],[77.3939502,23.2655261]]]},"properties":{"category":"water","name":"","reference_point":[77.39477470442718,23.26527879743278],"voltage":null,"operator":null,"source":"OpenStreetMap","tier":"B","retrieved":"2026-09-05T20:06:07Z","source_url":"https://www.openstreetmap.org/way/831662321"}},{"type":"Feature","id":"osm-way-831662322","geometry":{"type":"Polygon","coordinates":[[[77.3932287,23.2658858],[77.3933119,23.2655803],[77.3933923,23.2652427],[77.3934245,23.2649889],[77.3934567,23.2647992],[77.3934822,23.2645429],[77.3935077,23.2644172],[77.3935184,23.2643433],[77.3935398,23.2642842],[77.3935372,23.2641154],[77.3935398,23.2638061],[77.3934782,23.2637396],[77.3933816,23.2637149],[77.3932582,23.2637692],[77.3932126,23.2639835],[77.3931187,23.264103],[77.3929846,23.2641979],[77.3923087,23.2642977],[77.392121,23.2643211],[77.3920861,23.2645207],[77.3920298,23.2645183],[77.3920378,23.2645651],[77.3919547,23.2646464],[77.391783,23.264745],[77.3917401,23.2647745],[77.3914933,23.2646415],[77.3914102,23.2645454],[77.3913565,23.2644616],[77.3913082,23.2641067],[77.3912063,23.2639589],[77.3906028,23.2640402],[77.3905438,23.2641289],[77.3904419,23.2640698],[77.3904553,23.264156],[77.3904178,23.2641955],[77.3904982,23.2646341],[77.3906109,23.264979],[77.3906216,23.2650283],[77.3906538,23.2651811],[77.3906806,23.2652008],[77.3907396,23.2654324],[77.3908255,23.2657922],[77.390914,23.2659758],[77.3909837,23.2660263],[77.3909649,23.2660583],[77.3910695,23.2661051],[77.3911071,23.2661396],[77.3911527,23.2661421],[77.3911721,23.2661476],[77.3913458,23.266152],[77.3913753,23.2661249],[77.3914316,23.2661372],[77.3914263,23.2661914],[77.3914826,23.2662382],[77.3917401,23.2661889],[77.3918313,23.2662579],[77.3929578,23.266317],[77.3930544,23.2663614],[77.3931965,23.2660386],[77.3931751,23.2659992],[77.3931912,23.2659499],[77.3932287,23.2658858]]]},"properties":{"category":"water","name":"","reference_point":[77.39206076036032,23.265148483735285],"voltage":null,"operator":null,"source":"OpenStreetMap","tier":"B","retrieved":"2026-09-05T20:06:07Z","source_url":"https://www.openstreetmap.org/way/831662322"}},{"type":"Feature","id":"osm-way-835695340","geometry":{"type":"Polygon","coordinates":[[[77.5669197,23.4191206],[77.5668782,23.4191184],[77.5668343,23.4190625],[77.5668197,23.4189953],[77.5667978,23.4189215],[77.5667563,23.4188544],[77.5667514,23.4187805],[77.5667709,23.4187112],[77.5668831,23.4186821],[77.5669368,23.4186664],[77.5669465,23.4186105],[77.5670514,23.4185993],[77.5670757,23.4186485],[77.5671489,23.418644],[77.567166,23.418606],[77.5672269,23.4186038],[77.5672952,23.4185971],[77.5673147,23.4185724],[77.5673659,23.4185724],[77.5673805,23.4186217],[77.5674171,23.4186754],[77.5674732,23.4186709],[77.5674854,23.4187738],[77.5675366,23.4187738],[77.5675902,23.4188544],[77.5675976,23.4189618],[77.5675147,23.4190378],[77.5674513,23.4190625],[77.5674391,23.4191452],[77.5674,23.419152],[77.5673196,23.4191587],[77.5672635,23.4191587],[77.5672562,23.4191945],[77.5672196,23.4192012],[77.5671489,23.4192057],[77.5670514,23.41919],[77.5669977,23.4191475],[77.5669514,23.4191251],[77.5669197,23.4191206]]]},"properties":{"category":"water","name":"","reference_point":[77.56716920040667,23.418890400835927],"voltage":null,"operator":null,"source":"OpenStreetMap","tier":"B","retrieved":"2026-09-05T20:06:07Z","source_url":"https://www.openstreetmap.org/way/835695340"}},{"type":"Feature","id":"osm-way-837683576","geometry":{"type":"Polygon","coordinates":[[[77.5487861,23.0876424],[77.5502318,23.0878398],[77.5499958,23.0871909],[77.5485072,23.0869614],[77.5487861,23.0876424]]]},"properties":{"category":"industrial","name":"","reference_point":[77.54937471445491,23.08740667240937],"voltage":null,"operator":null,"source":"OpenStreetMap","tier":"B","retrieved":"2026-09-05T20:06:07Z","source_url":"https://www.openstreetmap.org/way/837683576"}},{"type":"Feature","id":"osm-way-837683577","geometry":{"type":"Polygon","coordinates":[[[77.5533056,23.0875635],[77.5545368,23.0872871],[77.5542685,23.0865025],[77.5540727,23.0861521],[77.5538394,23.0853502],[77.5528041,23.0859745],[77.5533056,23.0875635]]]},"properties":{"category":"industrial","name":"","reference_point":[77.55364110609877,23.086552801621874],"voltage":null,"operator":null,"source":"OpenStreetMap","tier":"B","retrieved":"2026-09-05T20:06:07Z","source_url":"https://www.openstreetmap.org/way/837683577"}},{"type":"Feature","id":"osm-way-837683578","geometry":{"type":"Polygon","coordinates":[[[77.547554,23.0885292],[77.5476408,23.0876967],[77.5457686,23.0874302],[77.5463265,23.0884172],[77.547554,23.0885292]]]},"properties":{"category":"industrial","name":"","reference_point":[77.5468034573744,23.087986423397812],"voltage":null,"operator":null,"source":"OpenStreetMap","tier":"B","retrieved":"2026-09-05T20:06:07Z","source_url":"https://www.openstreetmap.org/way/837683578"}},{"type":"Feature","id":"osm-way-837683579","geometry":{"type":"Polygon","coordinates":[[[77.5476408,23.0876967],[77.5490677,23.087899],[77.5489604,23.0902529],[77.5483704,23.0904305],[77.547614,23.0904996],[77.5474369,23.0896509],[77.547554,23.0885292],[77.5476408,23.0876967]]]},"properties":{"category":"industrial","name":"","reference_point":[77.54825178542602,23.089103024483595],"voltage":null,"operator":null,"source":"OpenStreetMap","tier":"B","retrieved":"2026-09-05T20:06:07Z","source_url":"https://www.openstreetmap.org/way/837683579"}},{"type":"Feature","id":"osm-way-837683580","geometry":{"type":"Polygon","coordinates":[[[77.5442022,23.0845631],[77.5471768,23.0848987],[77.5470856,23.0854736],[77.5445107,23.0851948],[77.5442022,23.0845631]]]},"properties":{"category":"industrial","name":"","reference_point":[77.54573762106112,23.085024806422787],"voltage":null,"operator":null,"source":"OpenStreetMap","tier":"B","retrieved":"2026-09-05T20:06:07Z","source_url":"https://www.openstreetmap.org/way/837683580"}},{"type":"Feature","id":"osm-way-837683581","geometry":{"type":"Polygon","coordinates":[[[77.542729,23.0872018],[77.5448296,23.0862046],[77.544265,23.0851982],[77.5431292,23.0857374],[77.5427055,23.0867986],[77.542729,23.0872018]]]},"properties":{"category":"industrial","name":"","reference_point":[77.5437020588672,23.086166473354016],"voltage":null,"operator":null,"source":"OpenStreetMap","tier":"B","retrieved":"2026-09-05T20:06:07Z","source_url":"https://www.openstreetmap.org/way/837683581"}},{"type":"Feature","id":"osm-way-837683587","geometry":{"type":"Polygon","coordinates":[[[77.5305023,23.1001728],[77.5278783,23.0985971],[77.5289354,23.0970882],[77.5299156,23.0976345],[77.5300679,23.0974181],[77.530913,23.0978739],[77.530971,23.0977691],[77.5317394,23.0982569],[77.5305023,23.1001728]]]},"properties":{"category":"industrial","name":"Mandideep Graphite Power Station","reference_point":[77.52983582653566,23.098552029331987],"voltage":null,"operator":null,"source":"OpenStreetMap","tier":"B","retrieved":"2026-09-05T20:06:07Z","source_url":"https://www.openstreetmap.org/way/837683587"}},{"type":"Feature","id":"osm-way-891790257","geometry":{"type":"Polygon","coordinates":[[[77.268099,23.2663243],[77.2679776,23.2653634],[77.2679347,23.2650283],[77.267586,23.2640427],[77.2677201,23.2633626],[77.2683799,23.2635597],[77.2689646,23.2638702],[77.2710729,23.2639737],[77.2713143,23.2650579],[77.2712821,23.2652008],[77.2714859,23.2657084],[77.2714966,23.266078],[77.271384,23.266216],[77.2714376,23.2667088],[77.268099,23.2663243]]]},"properties":{"category":"industrial","name":"","reference_point":[77.26957116356681,23.265139907299456],"voltage":null,"operator":null,"source":"OpenStreetMap","tier":"B","retrieved":"2026-09-05T20:06:07Z","source_url":"https://www.openstreetmap.org/way/891790257"}},{"type":"Feature","id":"osm-way-891790258","geometry":{"type":"Polygon","coordinates":[[[77.2723925,23.2764958],[77.2712445,23.2767422],[77.2713303,23.2771167],[77.2699571,23.2766338],[77.2679293,23.2731153],[77.2676718,23.2721691],[77.2654617,23.2716172],[77.2652578,23.2702472],[77.2644102,23.2691335],[77.2647428,23.2686012],[77.2643888,23.2671425],[77.2649038,23.2672608],[77.2650164,23.2669109],[77.2673821,23.2671376],[77.267248,23.2679557],[77.2673339,23.2681331],[77.2688734,23.2724993],[77.2692168,23.2723022],[77.2707242,23.2742832],[77.2723925,23.2764958]]]},"properties":{"category":"industrial","name":"","reference_point":[77.26781213210087,23.27159107349337],"voltage":null,"operator":null,"source":"OpenStreetMap","tier":"B","retrieved":"2026-09-05T20:06:07Z","source_url":"https://www.openstreetmap.org/way/891790258"}},{"type":"Feature","id":"osm-way-891790259","geometry":{"type":"Polygon","coordinates":[[[77.2547114,23.2624508],[77.2557306,23.2630028],[77.257753,23.2632739],[77.2578657,23.2634267],[77.2627044,23.2651121],[77.2630155,23.2650875],[77.2633535,23.2614159],[77.2576994,23.2594495],[77.257399,23.2601986],[77.2568089,23.2608787],[77.2547114,23.2624508]]]},"properties":{"category":"industrial","name":"","reference_point":[77.25970733175267,23.262267774071397],"voltage":null,"operator":null,"source":"OpenStreetMap","tier":"B","retrieved":"2026-09-05T20:06:07Z","source_url":"https://www.openstreetmap.org/way/891790259"}},{"type":"Feature","id":"osm-way-1002378471","geometry":{"type":"Polygon","coordinates":[[[77.530519,23.0966851],[77.530936,23.0960147],[77.5320528,23.0966018],[77.5315996,23.0972722],[77.5321979,23.0976191],[77.531799,23.0981527],[77.5309541,23.0976424],[77.5312261,23.0970887],[77.530519,23.0966851]]]},"properties":{"category":"industrial","name":"","reference_point":[77.5313896149314,23.097039405879947],"voltage":null,"operator":null,"source":"OpenStreetMap","tier":"B","retrieved":"2026-09-05T20:06:07Z","source_url":"https://www.openstreetmap.org/way/1002378471"}},{"type":"Feature","id":"osm-way-1170502557","geometry":{"type":"Polygon","coordinates":[[[77.2717152,23.2951985],[77.2713918,23.2950849],[77.2713784,23.2951082],[77.2711475,23.2950384],[77.2708733,23.2949987],[77.2708003,23.2949494],[77.2707451,23.2948646],[77.2707198,23.2947756],[77.2707407,23.2947168],[77.270769,23.2946292],[77.270915,23.2946086],[77.2710223,23.2946264],[77.2710938,23.2946784],[77.27114,23.2947811],[77.2711564,23.29487],[77.2712115,23.2949221],[77.2712771,23.2949672],[77.2713591,23.2950001],[77.2714142,23.2950083],[77.271745,23.2951205],[77.2717808,23.2951055],[77.2718329,23.2950794],[77.2719283,23.2950808],[77.2720013,23.295115],[77.272052,23.2951917],[77.2720535,23.2952601],[77.2721041,23.2952888],[77.2720862,23.2953285],[77.2721086,23.2953491],[77.272119,23.2953874],[77.2721071,23.2954202],[77.2720758,23.2953983],[77.2720505,23.2953942],[77.2720058,23.2953942],[77.2719551,23.2953559],[77.2718523,23.29536],[77.2717897,23.2953285],[77.271739,23.2952752],[77.2717152,23.2951985]]]},"properties":{"category":"water","name":"Niralaya","reference_point":[77.27133109359268,23.294992400171935],"voltage":null,"operator":null,"source":"OpenStreetMap","tier":"B","retrieved":"2026-09-05T20:06:07Z","source_url":"https://www.openstreetmap.org/way/1170502557"}},{"type":"Feature","id":"osm-way-1261364802","geometry":{"type":"Polygon","coordinates":[[[77.4584043,23.262705],[77.4588025,23.262666],[77.4587523,23.2624176],[77.4583755,23.2624492],[77.4584043,23.262705]]]},"properties":{"category":"industrial","name":"","reference_point":[77.45858315060015,23.26256071855608],"voltage":null,"operator":null,"source":"OpenStreetMap","tier":"B","retrieved":"2026-09-05T20:06:07Z","source_url":"https://www.openstreetmap.org/way/1261364802"}},{"type":"Feature","id":"osm-way-1261364803","geometry":{"type":"Polygon","coordinates":[[[77.4575834,23.262972],[77.4577289,23.2629623],[77.4577104,23.2628151],[77.4575693,23.2628181],[77.4575834,23.262972]]]},"properties":{"category":"industrial","name":"","reference_point":[77.45764753483489,23.262892344339136],"voltage":null,"operator":null,"source":"OpenStreetMap","tier":"B","retrieved":"2026-09-05T20:06:07Z","source_url":"https://www.openstreetmap.org/way/1261364803"}},{"type":"Feature","id":"osm-way-1261364804","geometry":{"type":"Polygon","coordinates":[[[77.4575784,23.2627981],[77.4579144,23.2627564],[77.4578944,23.2624751],[77.4575477,23.262488],[77.4575784,23.2627981]]]},"properties":{"category":"industrial","name":"","reference_point":[77.45773084100233,23.262629036464933],"voltage":null,"operator":null,"source":"OpenStreetMap","tier":"B","retrieved":"2026-09-05T20:06:07Z","source_url":"https://www.openstreetmap.org/way/1261364804"}},{"type":"Feature","id":"osm-way-1261364805","geometry":{"type":"Polygon","coordinates":[[[77.4579554,23.2635876],[77.4582489,23.2635743],[77.4582522,23.2633368],[77.457951,23.2633487],[77.4579554,23.2635876]]]},"properties":{"category":"industrial","name":"","reference_point":[77.45810169425181,23.263461343851],"voltage":null,"operator":null,"source":"OpenStreetMap","tier":"B","retrieved":"2026-09-05T20:06:07Z","source_url":"https://www.openstreetmap.org/way/1261364805"}},{"type":"Feature","id":"osm-way-1261364806","geometry":{"type":"Polygon","coordinates":[[[77.4576826,23.2636085],[77.4579211,23.2635909],[77.4579154,23.2634742],[77.457681,23.2634889],[77.4576826,23.2636085]]]},"properties":{"category":"industrial","name":"","reference_point":[77.45779959436061,23.263540828869004],"voltage":null,"operator":null,"source":"OpenStreetMap","tier":"B","retrieved":"2026-09-05T20:06:07Z","source_url":"https://www.openstreetmap.org/way/1261364806"}},{"type":"Feature","id":"osm-way-1261364807","geometry":{"type":"Polygon","coordinates":[[[77.457688,23.2634655],[77.4578962,23.263451],[77.4578952,23.2633434],[77.4576754,23.2633557],[77.457688,23.2634655]]]},"properties":{"category":"industrial","name":"","reference_point":[77.45778819154151,23.263403446651143],"voltage":null,"operator":null,"source":"OpenStreetMap","tier":"B","retrieved":"2026-09-05T20:06:07Z","source_url":"https://www.openstreetmap.org/way/1261364807"}},{"type":"Feature","id":"osm-way-1261364808","geometry":{"type":"Polygon","coordinates":[[[77.4576693,23.2633294],[77.457896,23.2633096],[77.4578918,23.2632254],[77.4576595,23.2632401],[77.4576693,23.2633294]]]},"properties":{"category":"industrial","name":"","reference_point":[77.45777792708225,23.263276053483654],"voltage":null,"operator":null,"source":"OpenStreetMap","tier":"B","retrieved":"2026-09-05T20:06:07Z","source_url":"https://www.openstreetmap.org/way/1261364808"}},{"type":"Feature","id":"osm-way-1261364809","geometry":{"type":"Polygon","coordinates":[[[77.4576554,23.2632251],[77.4578924,23.2632039],[77.4578907,23.2629798],[77.4576313,23.2629897],[77.4576554,23.2632251]]]},"properties":{"category":"industrial","name":"","reference_point":[77.45776621644168,23.26309802331856],"voltage":null,"operator":null,"source":"OpenStreetMap","tier":"B","retrieved":"2026-09-05T20:06:07Z","source_url":"https://www.openstreetmap.org/way/1261364809"}},{"type":"Feature","id":"osm-way-1261364810","geometry":{"type":"Polygon","coordinates":[[[77.4582751,23.2635735],[77.4584793,23.263563],[77.4584895,23.2634911],[77.4582722,23.2635009],[77.4582751,23.2635735]]]},"properties":{"category":"industrial","name":"","reference_point":[77.45837871969701,23.263531764444803],"voltage":null,"operator":null,"source":"OpenStreetMap","tier":"B","retrieved":"2026-09-05T20:06:07Z","source_url":"https://www.openstreetmap.org/way/1261364810"}},{"type":"Feature","id":"osm-way-1261364811","geometry":{"type":"Polygon","coordinates":[[[77.4553935,23.2656028],[77.455487,23.2655949],[77.4556235,23.2655834],[77.4556712,23.2649197],[77.4554206,23.2649135],[77.4553935,23.2656028]]]},"properties":{"category":"industrial","name":"","reference_point":[77.45552671050405,23.26524969532344],"voltage":null,"operator":null,"source":"OpenStreetMap","tier":"B","retrieved":"2026-09-05T20:06:07Z","source_url":"https://www.openstreetmap.org/way/1261364811"}},{"type":"Feature","id":"osm-way-1261364812","geometry":{"type":"Polygon","coordinates":[[[77.4556975,23.2655643],[77.4560016,23.2656332],[77.4560436,23.2649711],[77.4557237,23.2649302],[77.4556975,23.2655643]]]},"properties":{"category":"industrial","name":"","reference_point":[77.45586795277963,23.265272458021155],"voltage":null,"operator":null,"source":"OpenStreetMap","tier":"B","retrieved":"2026-09-05T20:06:07Z","source_url":"https://www.openstreetmap.org/way/1261364812"}},{"type":"Feature","id":"osm-way-1261364813","geometry":{"type":"Polygon","coordinates":[[[77.4560326,23.265634],[77.4563011,23.2656899],[77.4563963,23.2649739],[77.4560868,23.2649605],[77.4560326,23.265634]]]},"properties":{"category":"industrial","name":"","reference_point":[77.45620659745109,23.265307564290712],"voltage":null,"operator":null,"source":"OpenStreetMap","tier":"B","retrieved":"2026-09-05T20:06:07Z","source_url":"https://www.openstreetmap.org/way/1261364813"}},{"type":"Feature","id":"osm-way-1261364814","geometry":{"type":"Polygon","coordinates":[[[77.4563263,23.2656984],[77.4565677,23.2657537],[77.4566413,23.2649964],[77.4564225,23.2649722],[77.4563263,23.2656984]]]},"properties":{"category":"industrial","name":"","reference_point":[77.45648935065967,23.26536218519653],"voltage":null,"operator":null,"source":"OpenStreetMap","tier":"B","retrieved":"2026-09-05T20:06:07Z","source_url":"https://www.openstreetmap.org/way/1261364814"}},{"type":"Feature","id":"osm-way-1261364815","geometry":{"type":"Polygon","coordinates":[[[77.4566034,23.2657604],[77.4568074,23.2658016],[77.4568972,23.2650059],[77.4566629,23.2649866],[77.4566034,23.2657604]]]},"properties":{"category":"industrial","name":"","reference_point":[77.45674411470144,23.26538039675892],"voltage":null,"operator":null,"source":"OpenStreetMap","tier":"B","retrieved":"2026-09-05T20:06:07Z","source_url":"https://www.openstreetmap.org/way/1261364815"}},{"type":"Feature","id":"osm-way-1261364816","geometry":{"type":"Polygon","coordinates":[[[77.4568415,23.2657978],[77.4571171,23.2658418],[77.457204,23.2650272],[77.4569221,23.2650155],[77.4568415,23.2657978]]]},"properties":{"category":"industrial","name":"","reference_point":[77.4570221952282,23.265419981831172],"voltage":null,"operator":null,"source":"OpenStreetMap","tier":"B","retrieved":"2026-09-05T20:06:07Z","source_url":"https://www.openstreetmap.org/way/1261364816"}},{"type":"Feature","id":"osm-way-1261364818","geometry":{"type":"Polygon","coordinates":[[[77.4549245,23.2648489],[77.4552919,23.2648841],[77.4553288,23.2644194],[77.4549334,23.2644031],[77.4549245,23.2648489]]]},"properties":{"category":"industrial","name":"","reference_point":[77.45512123145477,23.26463629120336],"voltage":null,"operator":null,"source":"OpenStreetMap","tier":"B","retrieved":"2026-09-05T20:06:07Z","source_url":"https://www.openstreetmap.org/way/1261364818"}},{"type":"Feature","id":"osm-way-1261364819","geometry":{"type":"Polygon","coordinates":[[[77.4553219,23.264882],[77.4556705,23.264884],[77.4557187,23.2644269],[77.4553636,23.2644076],[77.4553219,23.264882]]]},"properties":{"category":"industrial","name":"","reference_point":[77.4555176881392,23.264649193937803],"voltage":null,"operator":null,"source":"OpenStreetMap","tier":"B","retrieved":"2026-09-05T20:06:07Z","source_url":"https://www.openstreetmap.org/way/1261364819"}},{"type":"Feature","id":"osm-way-1261364820","geometry":{"type":"Polygon","coordinates":[[[77.4556705,23.264884],[77.4559585,23.2649095],[77.4559993,23.2644507],[77.4557187,23.2644269],[77.4556705,23.264884]]]},"properties":{"category":"industrial","name":"","reference_point":[77.4558367064435,23.264668786723526],"voltage":null,"operator":null,"source":"OpenStreetMap","tier":"B","retrieved":"2026-09-05T20:06:07Z","source_url":"https://www.openstreetmap.org/way/1261364820"}},{"type":"Feature","id":"osm-way-1261364821","geometry":{"type":"Polygon","coordinates":[[[77.4559585,23.2649095],[77.4562475,23.264926],[77.4562947,23.2644743],[77.4559993,23.2644507],[77.4559585,23.2649095]]]},"properties":{"category":"industrial","name":"","reference_point":[77.45612473441317,23.264689186744192],"voltage":null,"operator":null,"source":"OpenStreetMap","tier":"B","retrieved":"2026-09-05T20:06:07Z","source_url":"https://www.openstreetmap.org/way/1261364821"}},{"type":"Feature","id":"osm-way-1261364822","geometry":{"type":"Polygon","coordinates":[[[77.4562475,23.264926],[77.4565423,23.2649425],[77.4565836,23.2644749],[77.4562947,23.2644743],[77.4562475,23.264926]]]},"properties":{"category":"industrial","name":"","reference_point":[77.45641776118727,23.264705421814238],"voltage":null,"operator":null,"source":"OpenStreetMap","tier":"B","retrieved":"2026-09-05T20:06:07Z","source_url":"https://www.openstreetmap.org/way/1261364822"}},{"type":"Feature","id":"osm-way-1261364823","geometry":{"type":"Polygon","coordinates":[[[77.4565423,23.2649425],[77.4568537,23.2649734],[77.4568962,23.2644953],[77.4565836,23.2644749],[77.4565423,23.2649425]]]},"properties":{"category":"industrial","name":"","reference_point":[77.45671953155501,23.264721538764057],"voltage":null,"operator":null,"source":"OpenStreetMap","tier":"B","retrieved":"2026-09-05T20:06:07Z","source_url":"https://www.openstreetmap.org/way/1261364823"}},{"type":"Feature","id":"osm-way-1261364824","geometry":{"type":"Polygon","coordinates":[[[77.4568537,23.2649734],[77.4574183,23.2650166],[77.4573731,23.2644789],[77.4568962,23.2644953],[77.4568537,23.2649734]]]},"properties":{"category":"industrial","name":"","reference_point":[77.45714024375621,23.264748291687635],"voltage":null,"operator":null,"source":"OpenStreetMap","tier":"B","retrieved":"2026-09-05T20:06:07Z","source_url":"https://www.openstreetmap.org/way/1261364824"}},{"type":"Feature","id":"osm-way-1261364825","geometry":{"type":"Polygon","coordinates":[[[77.457334,23.2641443],[77.4569557,23.2641554],[77.4568962,23.2644953],[77.4573731,23.2644789],[77.457334,23.2641443]]]},"properties":{"category":"industrial","name":"","reference_point":[77.45713932891931,23.264324958525947],"voltage":null,"operator":null,"source":"OpenStreetMap","tier":"B","retrieved":"2026-09-05T20:06:07Z","source_url":"https://www.openstreetmap.org/way/1261364825"}},{"type":"Feature","id":"osm-way-1261364826","geometry":{"type":"Polygon","coordinates":[[[77.4568962,23.2644953],[77.4565836,23.2644749],[77.4566281,23.2641415],[77.4569557,23.2641554],[77.4568962,23.2644953]]]},"properties":{"category":"industrial","name":"","reference_point":[77.45676666188152,23.264315589184427],"voltage":null,"operator":null,"source":"OpenStreetMap","tier":"B","retrieved":"2026-09-05T20:06:07Z","source_url":"https://www.openstreetmap.org/way/1261364826"}},{"type":"Feature","id":"osm-way-1261364827","geometry":{"type":"Polygon","coordinates":[[[77.4565836,23.2644749],[77.4566281,23.2641415],[77.4562946,23.2641233],[77.4562947,23.2644743],[77.4565836,23.2644749]]]},"properties":{"category":"industrial","name":"","reference_point":[77.45644929209308,23.264299279538378],"voltage":null,"operator":null,"source":"OpenStreetMap","tier":"B","retrieved":"2026-09-05T20:06:07Z","source_url":"https://www.openstreetmap.org/way/1261364827"}},{"type":"Feature","id":"osm-way-1261364828","geometry":{"type":"Polygon","coordinates":[[[77.4562947,23.2644743],[77.4559993,23.2644507],[77.4560171,23.2641277],[77.4562946,23.2641233],[77.4562947,23.2644743]]]},"properties":{"category":"industrial","name":"","reference_point":[77.45615331619746,23.264295890372356],"voltage":null,"operator":null,"source":"OpenStreetMap","tier":"B","retrieved":"2026-09-05T20:06:07Z","source_url":"https://www.openstreetmap.org/way/1261364828"}},{"type":"Feature","id":"osm-way-1261364829","geometry":{"type":"Polygon","coordinates":[[[77.4557187,23.2644269],[77.4559993,23.2644507],[77.4560171,23.2641277],[77.4557175,23.2641199],[77.4557187,23.2644269]]]},"properties":{"category":"industrial","name":"","reference_point":[77.45586449971286,23.264279692423752],"voltage":null,"operator":null,"source":"OpenStreetMap","tier":"B","retrieved":"2026-09-05T20:06:07Z","source_url":"https://www.openstreetmap.org/way/1261364829"}},{"type":"Feature","id":"osm-way-1261364830","geometry":{"type":"Polygon","coordinates":[[[77.4553636,23.2644076],[77.4557187,23.2644269],[77.4557175,23.2641199],[77.4553683,23.2641013],[77.4553636,23.2644076]]]},"properties":{"category":"industrial","name":"","reference_point":[77.45554205914978,23.264264355267798],"voltage":null,"operator":null,"source":"OpenStreetMap","tier":"B","retrieved":"2026-09-05T20:06:07Z","source_url":"https://www.openstreetmap.org/way/1261364830"}},{"type":"Feature","id":"osm-way-1261364831","geometry":{"type":"Polygon","coordinates":[[[77.4553636,23.2644076],[77.4549334,23.2644031],[77.4549411,23.2640709],[77.4553683,23.2641013],[77.4553636,23.2644076]]]},"properties":{"category":"industrial","name":"","reference_point":[77.4551486873432,23.26424576140068],"voltage":null,"operator":null,"source":"OpenStreetMap","tier":"B","retrieved":"2026-09-05T20:06:07Z","source_url":"https://www.openstreetmap.org/way/1261364831"}},{"type":"Feature","id":"osm-way-1261364832","geometry":{"type":"Polygon","coordinates":[[[77.4549411,23.2640709],[77.4553683,23.2641013],[77.4553688,23.2637926],[77.4549376,23.2637716],[77.4549411,23.2640709]]]},"properties":{"category":"industrial","name":"","reference_point":[77.45515508327918,23.26393392902363],"voltage":null,"operator":null,"source":"OpenStreetMap","tier":"B","retrieved":"2026-09-05T20:06:07Z","source_url":"https://www.openstreetmap.org/way/1261364832"}},{"type":"Feature","id":"osm-way-1261364833","geometry":{"type":"Polygon","coordinates":[[[77.4553683,23.2641013],[77.4557175,23.2641199],[77.4557105,23.263811],[77.4553688,23.2637926],[77.4553683,23.2641013]]]},"properties":{"category":"industrial","name":"","reference_point":[77.4555412620725,23.26395675784245],"voltage":null,"operator":null,"source":"OpenStreetMap","tier":"B","retrieved":"2026-09-05T20:06:07Z","source_url":"https://www.openstreetmap.org/way/1261364833"}},{"type":"Feature","id":"osm-way-1261364834","geometry":{"type":"Polygon","coordinates":[[[77.4557175,23.2641199],[77.4562946,23.2641233],[77.4562968,23.2638393],[77.4557105,23.263811],[77.4557175,23.2641199]]]},"properties":{"category":"industrial","name":"","reference_point":[77.4560008154011,23.263972882913485],"voltage":null,"operator":null,"source":"OpenStreetMap","tier":"B","retrieved":"2026-09-05T20:06:07Z","source_url":"https://www.openstreetmap.org/way/1261364834"}},{"type":"Feature","id":"osm-way-1261364835","geometry":{"type":"Polygon","coordinates":[[[77.4562946,23.2641233],[77.4569557,23.2641554],[77.4569702,23.2638481],[77.4562968,23.2638393],[77.4562946,23.2641233]]]},"properties":{"category":"industrial","name":"","reference_point":[77.45663378630903,23.26399123186465],"voltage":null,"operator":null,"source":"OpenStreetMap","tier":"B","retrieved":"2026-09-05T20:06:07Z","source_url":"https://www.openstreetmap.org/way/1261364835"}},{"type":"Feature","id":"osm-way-1261364836","geometry":{"type":"Polygon","coordinates":[[[77.4569557,23.2641554],[77.457334,23.2641443],[77.4572188,23.2631005],[77.457005,23.2631081],[77.4569557,23.2641554]]]},"properties":{"category":"industrial","name":"","reference_point":[77.45712994018866,23.263675471297308],"voltage":null,"operator":null,"source":"OpenStreetMap","tier":"B","retrieved":"2026-09-05T20:06:07Z","source_url":"https://www.openstreetmap.org/way/1261364836"}},{"type":"Feature","id":"osm-way-1261364837","geometry":{"type":"Polygon","coordinates":[[[77.4562968,23.2638393],[77.4569702,23.2638481],[77.457005,23.2631081],[77.4562704,23.2631265],[77.4562968,23.2638393]]]},"properties":{"category":"industrial","name":"","reference_point":[77.45663779350343,23.263475236294298],"voltage":null,"operator":null,"source":"OpenStreetMap","tier":"B","retrieved":"2026-09-05T20:06:07Z","source_url":"https://www.openstreetmap.org/way/1261364837"}},{"type":"Feature","id":"osm-way-1261364838","geometry":{"type":"Polygon","coordinates":[[[77.455323,23.263793],[77.4562968,23.2638393],[77.4562704,23.2631265],[77.4553586,23.2630929],[77.455323,23.263793]]]},"properties":{"category":"industrial","name":"","reference_point":[77.45581329468837,23.263466847987694],"voltage":null,"operator":null,"source":"OpenStreetMap","tier":"B","retrieved":"2026-09-05T20:06:07Z","source_url":"https://www.openstreetmap.org/way/1261364838"}},{"type":"Feature","id":"osm-way-1261364839","geometry":{"type":"Polygon","coordinates":[[[77.455323,23.263793],[77.4549376,23.2637716],[77.4549547,23.2630685],[77.4553586,23.2630929],[77.455323,23.263793]]]},"properties":{"category":"industrial","name":"","reference_point":[77.45514348822661,23.263428743334746],"voltage":null,"operator":null,"source":"OpenStreetMap","tier":"B","retrieved":"2026-09-05T20:06:07Z","source_url":"https://www.openstreetmap.org/way/1261364839"}},{"type":"Feature","id":"osm-way-1261364840","geometry":{"type":"Polygon","coordinates":[[[77.4528136,23.2666801],[77.4533518,23.2667083],[77.4534246,23.266215],[77.4528485,23.2661685],[77.4528136,23.2666801]]]},"properties":{"category":"industrial","name":"","reference_point":[77.45310849791167,23.266439903793714],"voltage":null,"operator":null,"source":"OpenStreetMap","tier":"B","retrieved":"2026-09-05T20:06:07Z","source_url":"https://www.openstreetmap.org/way/1261364840"}},{"type":"Feature","id":"osm-way-1261364841","geometry":{"type":"Polygon","coordinates":[[[77.4528485,23.2661685],[77.4534246,23.266215],[77.4534575,23.2656563],[77.4528853,23.2656138],[77.4528485,23.2661685]]]},"properties":{"category":"industrial","name":"","reference_point":[77.4531542703761,23.265913758248544],"voltage":null,"operator":null,"source":"OpenStreetMap","tier":"B","retrieved":"2026-09-05T20:06:07Z","source_url":"https://www.openstreetmap.org/way/1261364841"}},{"type":"Feature","id":"osm-way-1261364842","geometry":{"type":"Polygon","coordinates":[[[77.4528853,23.2656138],[77.4534575,23.2656563],[77.4534998,23.2652961],[77.4529086,23.2652621],[77.4528853,23.2656138]]]},"properties":{"category":"industrial","name":"","reference_point":[77.4531892048007,23.265456238451023],"voltage":null,"operator":null,"source":"OpenStreetMap","tier":"B","retrieved":"2026-09-05T20:06:07Z","source_url":"https://www.openstreetmap.org/way/1261364842"}},{"type":"Feature","id":"osm-way-1261364843","geometry":{"type":"Polygon","coordinates":[[[77.4529086,23.2652621],[77.4534998,23.2652961],[77.4535093,23.2648522],[77.4527389,23.2647974],[77.4529086,23.2652621]]]},"properties":{"category":"industrial","name":"","reference_point":[77.45316125766301,23.26504200024516],"voltage":null,"operator":null,"source":"OpenStreetMap","tier":"B","retrieved":"2026-09-05T20:06:07Z","source_url":"https://www.openstreetmap.org/way/1261364843"}},{"type":"Feature","id":"osm-way-1261364844","geometry":{"type":"Polygon","coordinates":[[[77.4527389,23.2647974],[77.4535093,23.2648522],[77.4535133,23.2648187],[77.4535473,23.2645306],[77.4526936,23.264458],[77.4527389,23.2647974]]]},"properties":{"category":"industrial","name":"","reference_point":[77.45311994524667,23.26465654983269],"voltage":null,"operator":null,"source":"OpenStreetMap","tier":"B","retrieved":"2026-09-05T20:06:07Z","source_url":"https://www.openstreetmap.org/way/1261364844"}},{"type":"Feature","id":"osm-way-1261364845","geometry":{"type":"Polygon","coordinates":[[[77.4526936,23.264458],[77.4535473,23.2645306],[77.453568,23.2641962],[77.4527197,23.2641036],[77.4526936,23.264458]]]},"properties":{"category":"industrial","name":"","reference_point":[77.45312794228907,23.26432182787671],"voltage":null,"operator":null,"source":"OpenStreetMap","tier":"B","retrieved":"2026-09-05T20:06:07Z","source_url":"https://www.openstreetmap.org/way/1261364845"}},{"type":"Feature","id":"osm-way-1261364846","geometry":{"type":"Polygon","coordinates":[[[77.4527197,23.2641036],[77.453568,23.2641962],[77.4536015,23.2629868],[77.4527577,23.2629358],[77.4527197,23.2641036]]]},"properties":{"category":"industrial","name":"","reference_point":[77.45316414350896,23.263556478561878],"voltage":null,"operator":null,"source":"OpenStreetMap","tier":"B","retrieved":"2026-09-05T20:06:07Z","source_url":"https://www.openstreetmap.org/way/1261364846"}},{"type":"Feature","id":"osm-way-1261364847","geometry":{"type":"Polygon","coordinates":[[[77.4534111,23.2667114],[77.4551691,23.2667748],[77.4553081,23.2649187],[77.454922,23.2648972],[77.4535133,23.2648187],[77.4534111,23.2667114]]]},"properties":{"category":"industrial","name":"","reference_point":[77.45434787137003,23.265802343842246],"voltage":null,"operator":null,"source":"OpenStreetMap","tier":"B","retrieved":"2026-09-05T20:06:07Z","source_url":"https://www.openstreetmap.org/way/1261364847"}},{"type":"Feature","id":"osm-way-1261364848","geometry":{"type":"Polygon","coordinates":[[[77.4535133,23.2648187],[77.454922,23.2648972],[77.4549547,23.2630685],[77.4536015,23.2629868],[77.4535133,23.2648187]]]},"properties":{"category":"industrial","name":"","reference_point":[77.45424727048419,23.263948883200538],"voltage":null,"operator":null,"source":"OpenStreetMap","tier":"B","retrieved":"2026-09-05T20:06:07Z","source_url":"https://www.openstreetmap.org/way/1261364848"}},{"type":"Feature","id":"osm-way-1261364849","geometry":{"type":"Polygon","coordinates":[[[77.4571599,23.2658443],[77.4575713,23.2659311],[77.4574507,23.2650619],[77.4572561,23.2650242],[77.4571599,23.2658443]]]},"properties":{"category":"industrial","name":"","reference_point":[77.45736036391983,23.265515750810813],"voltage":null,"operator":null,"source":"OpenStreetMap","tier":"B","retrieved":"2026-09-05T20:06:07Z","source_url":"https://www.openstreetmap.org/way/1261364849"}},{"type":"Feature","id":"osm-way-1261364871","geometry":{"type":"Polygon","coordinates":[[[77.4586625,23.2612911],[77.4598249,23.2613882],[77.4597695,23.2609285],[77.4597391,23.2609312],[77.4585904,23.2610348],[77.4586625,23.2612911]]]},"properties":{"category":"industrial","name":"","reference_point":[77.45926696484962,23.261159073749397],"voltage":null,"operator":null,"source":"OpenStreetMap","tier":"B","retrieved":"2026-09-05T20:06:07Z","source_url":"https://www.openstreetmap.org/way/1261364871"}},{"type":"Feature","id":"osm-way-1261364872","geometry":{"type":"Polygon","coordinates":[[[77.4572226,23.2611242],[77.4597391,23.2609312],[77.4597447,23.2605773],[77.4571839,23.2607587],[77.4572226,23.2611242]]]},"properties":{"category":"industrial","name":"","reference_point":[77.45846383717061,23.26084797755894],"voltage":null,"operator":null,"source":"OpenStreetMap","tier":"B","retrieved":"2026-09-05T20:06:07Z","source_url":"https://www.openstreetmap.org/way/1261364872"}},{"type":"Feature","id":"osm-way-1261364873","geometry":{"type":"Polygon","coordinates":[[[77.4583344,23.2606966],[77.4597447,23.2605773],[77.4596745,23.2599484],[77.4582419,23.2601013],[77.4583344,23.2606966]]]},"properties":{"category":"industrial","name":"","reference_point":[77.45900476154746,23.260329375904927],"voltage":null,"operator":null,"source":"OpenStreetMap","tier":"B","retrieved":"2026-09-05T20:06:07Z","source_url":"https://www.openstreetmap.org/way/1261364873"}},{"type":"Feature","id":"osm-way-1261364874","geometry":{"type":"Polygon","coordinates":[[[77.4544395,23.2615672],[77.4571463,23.2613312],[77.4570866,23.2607669],[77.4543657,23.2609793],[77.4544395,23.2615672]]]},"properties":{"category":"industrial","name":"","reference_point":[77.45574987239571,23.26116174637466],"voltage":null,"operator":null,"source":"OpenStreetMap","tier":"B","retrieved":"2026-09-05T20:06:07Z","source_url":"https://www.openstreetmap.org/way/1261364874"}},{"type":"Feature","id":"osm-way-1261364875","geometry":{"type":"Polygon","coordinates":[[[77.4543966,23.2609801],[77.4570384,23.2607459],[77.4570351,23.2602803],[77.4543368,23.2603943],[77.4543966,23.2609801]]]},"properties":{"category":"industrial","name":"","reference_point":[77.45564944672861,23.260602750139345],"voltage":null,"operator":null,"source":"OpenStreetMap","tier":"B","retrieved":"2026-09-05T20:06:07Z","source_url":"https://www.openstreetmap.org/way/1261364875"}},{"type":"Feature","id":"osm-way-1261364876","geometry":{"type":"Polygon","coordinates":[[[77.454334,23.2603675],[77.4570318,23.2602491],[77.4569448,23.2594273],[77.4542507,23.2595765],[77.454334,23.2603675]]]},"properties":{"category":"industrial","name":"","reference_point":[77.45564891319032,23.259904684928678],"voltage":null,"operator":null,"source":"OpenStreetMap","tier":"B","retrieved":"2026-09-05T20:06:07Z","source_url":"https://www.openstreetmap.org/way/1261364876"}},{"type":"Feature","id":"osm-way-1272843977","geometry":{"type":"Polygon","coordinates":[[[77.5118709,23.422643],[77.5162214,23.4225297],[77.5163716,23.4255865],[77.5119674,23.4257096],[77.5118709,23.422643]]]},"properties":{"category":"industrial","name":"","reference_point":[77.51410695813541,23.42412037642106],"voltage":null,"operator":null,"source":"OpenStreetMap","tier":"B","retrieved":"2026-09-05T20:06:07Z","source_url":"https://www.openstreetmap.org/way/1272843977"}},{"type":"Feature","id":"osm-way-1273971607","geometry":{"type":"Polygon","coordinates":[[[77.5879403,23.2555197],[77.5877985,23.2554306],[77.5877492,23.2554008],[77.5877431,23.2553584],[77.58776,23.2553386],[77.5878355,23.2553046],[77.5879064,23.2553315],[77.5879587,23.2553088],[77.5880789,23.255306],[77.5880989,23.2553343],[77.5881251,23.2553343],[77.5882576,23.2552848],[77.5883131,23.2552692],[77.5883393,23.2552862],[77.5883747,23.2552735],[77.5884101,23.2552763],[77.588424,23.2553202],[77.5884194,23.255374],[77.5883932,23.255398],[77.5883223,23.2554136],[77.5882807,23.2554023],[77.5882499,23.2554178],[77.588293,23.2554801],[77.5884024,23.2554985],[77.5884517,23.2555028],[77.5885026,23.2555353],[77.588518,23.2555622],[77.588501,23.2556047],[77.5884317,23.2556457],[77.5884209,23.2557264],[77.5885164,23.2557448],[77.5885873,23.2556868],[77.5885919,23.2556372],[77.5887537,23.2555679],[77.5888384,23.2556032],[77.5889123,23.2556429],[77.5889616,23.2557165],[77.5890433,23.2557179],[77.589091,23.2558467],[77.589014,23.2559019],[77.589051,23.2560095],[77.5890679,23.2560944],[77.5891311,23.2561199],[77.5891465,23.2563024],[77.5891773,23.2562968],[77.5892343,23.2563222],[77.5892651,23.2563138],[77.5893082,23.2563336],[77.5893344,23.2563251],[77.5893622,23.2563435],[77.5894346,23.2563208],[77.5894885,23.2563222],[77.5895255,23.2562911],[77.5895671,23.2562911],[77.5896626,23.2563704],[77.589735,23.2564765],[77.5897874,23.2565275],[77.5898459,23.2565459],[77.5899691,23.2565303],[77.5901001,23.2564822],[77.5901941,23.2565275],[77.5902079,23.2566067],[77.5901648,23.2566534],[77.5901648,23.256669],[77.5902387,23.2567115],[77.5902957,23.2569139],[77.5902742,23.2569733],[77.5902033,23.2570342],[77.5900801,23.2570299],[77.5900076,23.2569592],[77.5899845,23.2569153],[77.5899275,23.2569507],[77.5896302,23.2569209],[77.5895594,23.2568233],[77.5895732,23.2566902],[77.5895332,23.2566704],[77.589507,23.256686],[77.5894777,23.2567667],[77.5894392,23.2567822],[77.5894038,23.2567978],[77.5893514,23.256819],[77.5893036,23.2568219],[77.5892081,23.2568091],[77.5890564,23.2568226],[77.5888584,23.2567907],[77.5888168,23.2567822],[77.5888168,23.256703],[77.5887614,23.256669],[77.5887105,23.2566931],[77.5886843,23.2567412],[77.5885642,23.2567553],[77.5883577,23.2567185],[77.588005,23.2566648],[77.587948,23.2566379],[77.5879926,23.2564256],[77.5881128,23.2564086],[77.5881975,23.2564298],[77.5882391,23.2563859],[77.588273,23.2563336],[77.5882853,23.2562161],[77.5883069,23.2561298],[77.5883423,23.2561184],[77.5883439,23.2560944],[77.5883054,23.2560887],[77.5882622,23.2561071],[77.588176,23.2560831],[77.5881544,23.2559896],[77.5881082,23.2559429],[77.5881282,23.255892],[77.5881867,23.2558325],[77.5882869,23.2556952],[77.5879403,23.2555197]]]},"properties":{"category":"water","name":"","reference_point":[77.58890540954974,23.256283941633132],"voltage":null,"operator":null,"source":"OpenStreetMap","tier":"B","retrieved":"2026-09-05T20:06:07Z","source_url":"https://www.openstreetmap.org/way/1273971607"}},{"type":"Feature","id":"osm-way-1273972446","geometry":{"type":"Polygon","coordinates":[[[77.5832411,23.2524653],[77.5832961,23.2524049],[77.5833269,23.2524123],[77.583284,23.2523716],[77.5833202,23.2521757],[77.5833806,23.2521831],[77.5834208,23.2522176],[77.5834999,23.2521905],[77.5835066,23.252204],[77.58363,23.2521806],[77.5836595,23.252209],[77.5837279,23.2521954],[77.5837507,23.2521831],[77.5837842,23.2522632],[77.583807,23.2522866],[77.5838406,23.2523346],[77.5839237,23.2523248],[77.5840243,23.2523482],[77.5840873,23.2522792],[77.5841638,23.2522767],[77.5841946,23.2522718],[77.5842134,23.2522373],[77.5843328,23.2522459],[77.5844132,23.2522558],[77.5845581,23.2522336],[77.58466,23.2522681],[77.5847512,23.2522669],[77.5848477,23.2523223],[77.584951,23.2522989],[77.58501,23.2523334],[77.5850328,23.2524653],[77.584944,23.252541],[77.5849521,23.2525821],[77.5850416,23.2525447],[77.5850517,23.2525952],[77.5850517,23.2526643],[77.5849765,23.2527259],[77.5849806,23.2528193],[77.5848505,23.2528286],[77.5847611,23.2528361],[77.5846716,23.2527819],[77.584568,23.2528323],[77.5845558,23.253021],[77.5844866,23.2530957],[77.5844501,23.2530901],[77.5844277,23.2530471],[77.5843809,23.2530191],[77.5843565,23.2531069],[77.5842834,23.2531162],[77.5842834,23.2531461],[77.5843098,23.2532021],[77.5843789,23.2532077],[77.5843931,23.2532619],[77.5842691,23.2533702],[77.5840211,23.2534188],[77.5838931,23.2534412],[77.5836614,23.2535775],[77.583578,23.2536018],[77.5834906,23.2535402],[77.5835292,23.2534319],[77.5836044,23.2533086],[77.5836227,23.2530957],[77.583515,23.2530583],[77.5834438,23.2528267],[77.5834926,23.252767],[77.5834581,23.2527054],[77.5834438,23.2526661],[77.5833768,23.2526699],[77.5832995,23.2526661],[77.5832375,23.2525933],[77.5832284,23.252513],[77.5832411,23.2524653]]]},"properties":{"category":"water","name":"","reference_point":[77.58407363746123,23.252750089650164],"voltage":null,"operator":null,"source":"OpenStreetMap","tier":"B","retrieved":"2026-09-05T20:06:07Z","source_url":"https://www.openstreetmap.org/way/1273972446"}},{"type":"Feature","id":"osm-way-1305766395","geometry":{"type":"Polygon","coordinates":[[[77.2731521,23.2723206],[77.2731441,23.2722487],[77.2732197,23.2722319],[77.2733043,23.27224],[77.2733981,23.2722678],[77.2733673,23.2723009],[77.2732454,23.272541],[77.2732331,23.2726225],[77.273217,23.2726502],[77.2731085,23.2726842],[77.2730721,23.2725413],[77.2730808,23.2724322],[77.273139,23.2724078],[77.2731634,23.2723805],[77.273175,23.272338],[77.2731521,23.2723206]]]},"properties":{"category":"water","name":"","reference_point":[77.27320704004883,23.27243686395096],"voltage":null,"operator":null,"source":"OpenStreetMap","tier":"B","retrieved":"2026-09-05T20:06:07Z","source_url":"https://www.openstreetmap.org/way/1305766395"}},{"type":"Feature","id":"osm-way-1412653987","geometry":{"type":"Polygon","coordinates":[[[77.3423871,23.2865005],[77.342752,23.2867376],[77.3425302,23.2870255],[77.3421654,23.2867885],[77.3422068,23.2867346],[77.3423635,23.2865312],[77.3423871,23.2865005]]]},"properties":{"category":"industrial","name":"","reference_point":[77.34245866590129,23.286763013996914],"voltage":null,"operator":null,"source":"OpenStreetMap","tier":"B","retrieved":"2026-09-05T20:06:07Z","source_url":"https://www.openstreetmap.org/way/1412653987"}},{"type":"Feature","id":"osm-way-1418637293","geometry":{"type":"Polygon","coordinates":[[[77.4240925,23.2454542],[77.4240832,23.2454274],[77.4240671,23.245381],[77.4240487,23.2453281],[77.4240278,23.2452679],[77.4240093,23.2452145],[77.4239892,23.2451565],[77.4239684,23.2450967],[77.4223321,23.245576],[77.4224563,23.2459337],[77.4240925,23.2454542]]]},"properties":{"category":"industrial","name":"","reference_point":[77.42321224571927,23.245515172130343],"voltage":null,"operator":null,"source":"OpenStreetMap","tier":"B","retrieved":"2026-09-05T20:06:07Z","source_url":"https://www.openstreetmap.org/way/1418637293"}},{"type":"Feature","id":"osm-way-1418637294","geometry":{"type":"Polygon","coordinates":[[[77.4239444,23.2458483],[77.4239266,23.2457963],[77.4239033,23.2457287],[77.4238872,23.2456822],[77.4238684,23.2456274],[77.4238533,23.2455839],[77.4223585,23.2460189],[77.4224495,23.246283],[77.4239444,23.2458483]]]},"properties":{"category":"industrial","name":"","reference_point":[77.42315160085286,23.245933474104202],"voltage":null,"operator":null,"source":"OpenStreetMap","tier":"B","retrieved":"2026-09-05T20:06:07Z","source_url":"https://www.openstreetmap.org/way/1418637294"}},{"type":"Feature","id":"osm-way-1418637298","geometry":{"type":"Polygon","coordinates":[[[77.4239385,23.2464846],[77.4239202,23.2464306],[77.4239055,23.2463882],[77.4238664,23.2462786],[77.4238409,23.2461961],[77.4238102,23.2461061],[77.4238018,23.2460811],[77.4224694,23.2464623],[77.422606,23.2468656],[77.4234899,23.2466129],[77.4238791,23.2465016],[77.4239385,23.2464846]]]},"properties":{"category":"industrial","name":"","reference_point":[77.42320371712022,23.246473462534215],"voltage":null,"operator":null,"source":"OpenStreetMap","tier":"B","retrieved":"2026-09-05T20:06:07Z","source_url":"https://www.openstreetmap.org/way/1418637298"}},{"type":"Feature","id":"osm-way-1451969239","geometry":{"type":"Polygon","coordinates":[[[77.4288717,23.2061616],[77.4291129,23.2061814],[77.4291262,23.2060515],[77.4288859,23.2060331],[77.4288717,23.2061616]]]},"properties":{"category":"water","name":"","reference_point":[77.42899937462991,23.206106962750148],"voltage":null,"operator":null,"source":"OpenStreetMap","tier":"B","retrieved":"2026-09-05T20:06:07Z","source_url":"https://www.openstreetmap.org/way/1451969239"}},{"type":"Feature","id":"osm-way-1451969241","geometry":{"type":"Polygon","coordinates":[[[77.4261641,23.2043147],[77.4262099,23.2043515],[77.4262004,23.2045333],[77.4262443,23.2045781],[77.4266303,23.2045922],[77.4266485,23.2045623],[77.4266437,23.2044271],[77.4266313,23.2042128],[77.4266065,23.2041979],[77.4265529,23.2042268],[77.4265128,23.2042637],[77.4263456,23.2042549],[77.4262271,23.2042462],[77.4261603,23.2042453],[77.4261641,23.2043147]]]},"properties":{"category":"water","name":"","reference_point":[77.42642381479081,23.204411889721353],"voltage":null,"operator":null,"source":"OpenStreetMap","tier":"B","retrieved":"2026-09-05T20:06:07Z","source_url":"https://www.openstreetmap.org/way/1451969241"}}],"retrieved":"2026-09-05T20:06:07Z","study_bbox":[23.08,77.18,23.48,77.65],"excluded_geometries":0,"license":"ODbL-1.0","source_url":"https://www.openstreetmap.org/copyright"}
